Unique ID,Transaction Date,Subscription Status,Payee Name,Payment Source,Product,Certificate Voyage,Payment Amount,Transaction Fee,Net Payment,Refund Amount,Credits Purchased,Notes,Year (from Formula),Month (from Formula)
d41d8cd98f00b204e9800998ecf8427e,,,,,,,,,$0.00,,,,#ERROR!,#ERROR!
fff1b532fb511f1ade207c7f213b1937,,Active,,,,,,,$0.00,,,,#ERROR!,#ERROR!
fd9cde9bdb0957f27b1421d2fa34d132,,Active,,,,,,,$0.00,,,,#ERROR!,#ERROR!
dadffe486c63fc05d8b3afee2c4dc132,,Active,,,,,,,$0.00,,,,#ERROR!,#ERROR!
d41d8cd98f00b204e9800998ecf8427e,,,,DISCORD,,,,,$0.00,,,,#ERROR!,#ERROR!
d41d8cd98f00b204e9800998ecf8427e,,,,,,,,,$0.00,,,,#ERROR!,#ERROR!
9377c7a85233065fcab7834ef14ef7a8,,Active,,,,,,,$0.00,,,,#ERROR!,#ERROR!
9639a8028a06a8e6435f5fea20e96ce8,2022-08-22,,Donation,BUY ME A COFFEE,DONATION,,$15.00,$0.00,$15.00,$0.00,0,,2022,08-August
39568d99c5ee4923a0e8ac3bd917845b,2022-08-29,,Donation,BUY ME A COFFEE,DONATION,,$105.00,$0.00,$105.00,$0.00,0,,2022,08-August
d41d8cd98f00b204e9800998ecf8427e,2022-08-30,,State of Delaware,TAX REFUND,ADJUSTMENT,,$105.52,$0.00,$105.52,$0.00,0,,2022,08-August
8b7703ef2e3c958a77487e5e1666d4ed,2022-10-04,,Donation,BUY ME A COFFEE,DONATION,,$100.00,$0.00,$100.00,$0.00,0,,2022,10-October
d41d8cd98f00b204e9800998ecf8427e,2022-10-20,,Spreadshop Sales,SPREADSHOP,MERCHANDISE,,$12.00,$0.00,$12.00,$0.00,0,September Spreadshop sales,2022,10-October
ebbceb51ba192c55abe07c660ae7d801,2022-11-18,,,BUY ME A COFFEE,DONATION,,$20.00,$0.00,$20.00,$0.00,0,,2022,11-November
d41d8cd98f00b204e9800998ecf8427e,2022-11-20,,Spreadshop Sales,SPREADSHOP,MERCHANDISE,,$24.00,$0.00,$24.00,$0.00,0,October Spreadshop sales,2022,11-November
a402c9982e6c80a39be2b3612cdee807,2022-11-26,,,BUY ME A COFFEE,DONATION,,$15.00,$0.00,$15.00,$0.00,0,,2022,11-November
524a699715291934292e574fe296d37d,2022-12-02,,,BUY ME A COFFEE,DONATION,,$30.00,$0.00,$30.00,$0.00,0,,2022,12-December
f761cdd446d97e0db6f726dbcc7d44de,2022-12-08,,,BUY ME A COFFEE,DONATION,,$25.00,$0.00,$25.00,$0.00,0,,2022,12-December
190d83f6ae4a7da7b6605477e2dab11f,2022-12-28,,,BUY ME A COFFEE,DONATION,,$15.00,$0.00,$15.00,$0.00,0,,2022,12-December
d85210376843d519a2745feda8ea1060,2023-01-03,,,BUY ME A COFFEE,DONATION,,$100.00,$3.20,$96.80,$0.00,0,,2023,01-January
9371642084dbd05c6572307d0f98a131,2023-01-05,,,BUY ME A COFFEE,DONATION,,$25.00,$1.03,$23.97,$0.00,0,,2023,01-January
fab0f1a6400814cf0c4b46fe4813b617,2023-01-05,,,BUY ME A COFFEE,DONATION,,$25.00,$1.03,$23.97,$0.00,0,,2023,01-January
9913463f73e930b1eeee2a887e33325c,2023-01-20,,,BUY ME A COFFEE,DONATION,,$15.00,$0.74,$14.26,$0.00,0,,2023,01-January
7d835dfeda1c49e9d3df81380cadd480,2023-01-22,,,SPREADSHOP,MERCHANDISE,,$34.90,$0.00,$34.90,$0.00,0,"November/December Spreadshop sales
",2023,01-January
b7bfcd759c52cb09ab7db9adb0f25ab7,2023-01-26,,,BUY ME A COFFEE,DONATION,,$100.00,$3.20,$96.80,$0.00,0,,2023,01-January
9639a8028a06a8e6435f5fea20e96ce8,2023-02-12,,,BUY ME A COFFEE,DONATION,,$15.00,$0.74,$14.26,$0.00,0,,2023,02-February
417949186ebfd6d33d63b0fd7c0712f0,2023-03-15,,,BUY ME A COFFEE,DONATION,,$5.00,$0.45,$4.55,$0.00,0,,2023,03-March
40eafaaa223b9d147d14f12233627ed8,2023-03-23,,,BUY ME A COFFEE,DONATION,,$10.00,$0.59,$9.41,$0.00,0,,2023,03-March
32cb495cf8abf4936b9fc0e1ec0955ab,2023-03-23,,,BUY ME A COFFEE,DONATION,,$15.00,$0.74,$14.26,$0.00,0,,2023,03-March
282b8c06678135dab630cee1e5cf4bf8,2023-03-23,,,BUY ME A COFFEE,DONATION,,$25.00,$1.03,$23.97,$0.00,0,,2023,03-March
fab0f1a6400814cf0c4b46fe4813b617,2023-03-30,,,BUY ME A COFFEE,DONATION,,$25.00,$1.03,$23.97,$0.00,0,,2023,03-March
4c379af5fa7a6fb4fd562ec4246dd567,2023-04-06,,,BUY ME A COFFEE,DONATION,,$5.00,$0.45,$4.55,$0.00,0,,2023,04-April
4fb86bc88285d167209853edbafbcb11,2023-04-13,,,BUY ME A COFFEE,DONATION,,$15.00,$0.74,$14.26,$0.00,0,,2023,04-April
70ad995bc9e45ceac6148d049e81fd30,2023-04-13,,,BUY ME A COFFEE,DONATION,,$5.00,$0.45,$4.55,$0.00,0,,2023,04-April
99c0ef2b6bd3a48e878053321951e8a3,2023-04-13,,,BUY ME A COFFEE,DONATION,,$5.00,$0.45,$4.55,$0.00,0,,2023,04-April
e36cb6cdfd4f9e3c9163f594a19621fa,2023-04-13,,,BUY ME A COFFEE,DONATION,,$5.00,$0.45,$4.55,$0.00,0,,2023,04-April
d41d8cd98f00b204e9800998ecf8427e,2023-04-19,,Spreadshop sales,SPREADSHOP,MERCHANDISE,,$21.40,$0.00,$21.40,$0.00,0,,2023,04-April
d41d8cd98f00b204e9800998ecf8427e,2023-04-19,,U.S. Federal Income Tax Refund,TAX REFUND,,,$3.00,$0.00,$3.00,$0.00,0,,2023,04-April
12b2f9e72ed3e070135fb6319f2e5a2c,2023-04-21,,,BUY ME A COFFEE,DONATION,,$15.00,$0.74,$14.26,$0.00,0,,2023,04-April
730302324f5490b101638d45cfadbaa6,2023-04-21,,,BUY ME A COFFEE,DONATION,,$15.00,$0.74,$14.26,$0.00,0,,2023,04-April
51750fc4ec9b8ccc2d3463b624a03952,2023-04-28,,,BUY ME A COFFEE,DONATION,,$5.00,$0.45,$4.55,$0.00,0,,2023,04-April
bf46773c60f82fc4a12fcb6a1ab53d3c,2023-04-29,,,BUY ME A COFFEE,DONATION,,$50.00,$1.75,$48.25,$0.00,0,,2023,04-April
2dbf3153f21c8869cf48bc4f12606890,2023-05-03,,,BUY ME A COFFEE,DONATION,,$25.00,$1.03,$23.97,$0.00,0,,2023,05-May
a97f62422355550b2a77d05ddd5f76b3,2023-05-04,,,BUY ME A COFFEE,DONATION,,$15.00,$0.74,$14.26,$0.00,0,,2023,05-May
ca81ce8a9618ced1159b01b8d5530ea5,2023-05-04,,,BUY ME A COFFEE,DONATION,,$50.00,$1.75,$48.25,$0.00,0,,2023,05-May
5b288bd2a5c29dd4a83f6f7355096700,2023-05-05,,,BUY ME A COFFEE,DONATION,,$5.00,$0.45,$4.55,$0.00,0,,2023,05-May
dca76bd2fd3bb43457f0d0293733e5c9,2023-05-10,,,BUY ME A COFFEE,DONATION,,$5.00,$0.45,$4.55,$0.00,0,,2023,05-May
c8d107fd267cc31a3606aa2ae9170492,2023-05-13,,,BUY ME A COFFEE,DONATION,,$100.00,$3.20,$96.80,$0.00,0,,2023,05-May
32cb495cf8abf4936b9fc0e1ec0955ab,2023-05-17,,,BUY ME A COFFEE,DONATION,,$15.00,$0.74,$14.26,$0.00,0,,2023,05-May
df6cbd15fb2ddb2d86c39493fb6f65ce,2023-05-26,,,BUY ME A COFFEE,DONATION,,$5.00,$0.45,$4.55,$0.00,0,,2023,05-May
77b372fa3787cc219dea4e49853aba44,2023-06-01,,,BUY ME A COFFEE,DONATION,,$5.00,$0.45,$4.55,$0.00,0,,2023,06-June
d41d8cd98f00b204e9800998ecf8427e,2023-06-15,,Spreadshop Sales,SPREADSHOP,MERCHANDISE,,$16.00,$0.00,$16.00,$0.00,0,,2023,06-June
e6548b9f850192fc11c39c2cfd63e4b3,2023-06-29,,,BUY ME A COFFEE,DONATION,,$15.00,$0.74,$14.26,$0.00,0,,2023,06-June
e1510c56ef9771be29330b89a25fe9e6,2023-06-29,,,BUY ME A COFFEE,DONATION,,$15.00,$0.74,$14.26,$0.00,0,,2023,06-June
188cee6ca4641cac0fe24b85cdc98104,2023-07-01,,,BUY ME A COFFEE,DONATION,,$25.00,$1.03,$23.97,$0.00,0,,2023,07-July
5b288bd2a5c29dd4a83f6f7355096700,2023-07-02,,,BUY ME A COFFEE,DONATION,,$5.00,$0.45,$4.55,$0.00,0,,2023,07-July
eb5ba14c1611553f410caf0b07430109,2023-07-04,,,BUY ME A COFFEE,DONATION,,$25.00,$1.03,$23.97,$0.00,0,,2023,07-July
740c99d9756ce9920c7121cc09c3c045,2023-07-07,,,BUY ME A COFFEE,DONATION,,$30.00,$1.17,$28.83,$0.00,0,,2023,07-July
5387991b8a99a8c31f69e5bf40aa4f1c,2023-07-07,,,BUY ME A COFFEE,DONATION,,$5.00,$0.45,$4.55,$0.00,0,,2023,07-July
363ea59a640571e0629b276abf5ea8a0,2023-07-07,,,BUY ME A COFFEE,DONATION,,$5.00,$0.45,$4.55,$0.00,0,,2023,07-July
a491c5ce9b4b0e28f56c904e4bc6ffb9,2023-07-07,Ended,,BUY ME A COFFEE,DONATION,,$15.00,$0.74,$14.26,$0.00,0,,2023,07-July
5387991b8a99a8c31f69e5bf40aa4f1c,2023-07-13,,,BUY ME A COFFEE,DONATION,,$5.00,$0.45,$4.55,$0.00,0,,2023,07-July
fb5e11dcbcbdb3bfaf78cb48e43a4ebe,2023-07-20,,,BUY ME A COFFEE,DONATION,,$15.00,$0.74,$14.26,$0.00,0,,2023,07-July
8c26f6108b2411c26ea8115782b8aacf,2023-07-21,,,BUY ME A COFFEE,DONATION,,$25.00,$1.03,$23.97,$0.00,0,,2023,07-July
5387991b8a99a8c31f69e5bf40aa4f1c,2023-07-31,,,BUY ME A COFFEE,DONATION,,$25.00,$1.03,$23.97,$0.00,0,,2023,07-July
416733b201eaea753d8e4b99a7cf586d,2023-08-01,,,BUY ME A COFFEE,DONATION,,$5.00,$0.45,$4.55,$0.00,0,,2023,08-August
416733b201eaea753d8e4b99a7cf586d,2023-08-01,,,BUY ME A COFFEE,DONATION,,$5.00,$0.45,$4.55,$0.00,0,,2023,08-August
5387991b8a99a8c31f69e5bf40aa4f1c,2023-08-07,,,BUY ME A COFFEE,DONATION,,$10.00,$0.59,$9.41,$0.00,0,,2023,08-August
a54d446238544943b2e5832944788c97,2023-08-10,,,BUY ME A COFFEE,DONATION,,$15.00,$0.74,$14.26,$0.00,0,,2023,08-August
49c25b644909451e6d261c86aa762bb6,2023-08-10,,,BUY ME A COFFEE,DONATION,,$25.00,$1.03,$23.97,$0.00,0,,2023,08-August
62e647a0b95af779b4265d7d3c137b9c,2023-08-10,,,BUY ME A COFFEE,DONATION,,$15.00,$0.74,$14.26,$0.00,0,,2023,08-August
5a1db2ccb843485781544c0af9bbbb2c,2023-08-11,,,BUY ME A COFFEE,DONATION,,$5.00,$0.45,$4.55,$0.00,0,,2023,08-August
05e995448a6e915eec985c9677fcd893,2023-08-17,,,BUY ME A COFFEE,DONATION,,$5.00,$0.45,$4.55,$0.00,0,,2023,08-August
dd2d125e60c114297d57fddb2c3b4e4b,2023-08-23,,,BUY ME A COFFEE,DONATION,,$20.00,$0.88,$19.12,$0.00,0,,2023,08-August
fe2fbc209c81b82f03259411bb2194ce,2023-08-24,,,BUY ME A COFFEE,DONATION,,$4.00,$0.42,$3.58,$0.00,0,,2023,08-August
5387991b8a99a8c31f69e5bf40aa4f1c,2023-08-26,,,BUY ME A COFFEE,DONATION,,$6.00,$0.47,$5.53,$0.00,0,,2023,08-August
52649518014d3ed867783b0dd1f76c42,2023-08-31,,,BUY ME A COFFEE,DONATION,,$6.00,$0.47,$5.53,$0.00,0,,2023,08-August
c7330f4da122c671b935fc1d58bb02b1,2023-09-03,,,BUY ME A COFFEE,DONATION,,$20.00,$0.88,$19.12,$0.00,0,,2023,09-September
5387991b8a99a8c31f69e5bf40aa4f1c,2023-09-06,,,BUY ME A COFFEE,DONATION,,$6.00,$0.47,$5.53,$0.00,0,,2023,09-September
fb5e11dcbcbdb3bfaf78cb48e43a4ebe,2023-09-07,,,BUY ME A COFFEE,DONATION,,$10.00,$0.59,$9.41,$0.00,0,,2023,09-September
3a6281987807789ad399c81d83056c36,2023-09-13,,,BUY ME A COFFEE,DONATION,,$4.00,$0.42,$3.58,$0.00,0,,2023,09-September
1e1043493786f69d898fe7d84c54ebe5,2023-09-13,,,BUY ME A COFFEE,DONATION,,$6.00,$0.47,$5.53,$0.00,0,,2023,09-September
b601acb7ab153a61cc2c2597a7cbbc38,2023-09-13,,,BUY ME A COFFEE,DONATION,,$10.00,$0.59,$9.41,$0.00,0,,2023,09-September
6dfda0f5b98594883081641050e194f6,2023-09-13,,,BUY ME A COFFEE,DONATION,,$10.00,$0.59,$9.41,$0.00,0,,2023,09-September
38cd7fa6f6f01217e5a60388fcde3a8c,2023-09-14,,,BUY ME A COFFEE,DONATION,,$10.00,$0.59,$9.41,$0.00,0,,2023,09-September
5b288bd2a5c29dd4a83f6f7355096700,2023-09-14,,,BUY ME A COFFEE,DONATION,,$2.00,$0.36,$1.64,$0.00,0,,2023,09-September
5387991b8a99a8c31f69e5bf40aa4f1c,2023-09-17,,,BUY ME A COFFEE,DONATION,,$10.00,$0.59,$9.41,$0.00,0,,2023,09-September
49c25b644909451e6d261c86aa762bb6,2023-09-17,,,BUY ME A COFFEE,DONATION,,$10.00,$0.59,$9.41,$0.00,0,,2023,09-September
f84006ca40a53569ce7ec705acf99489,2023-09-21,,,BUY ME A COFFEE,DONATION,,$20.00,$0.88,$19.12,$0.00,0,,2023,09-September
1a016257a143d8a1c849f25dd02cb3d0,2023-09-21,,,BUY ME A COFFEE,DONATION,,$6.00,$0.47,$5.53,$0.00,0,,2023,09-September
0fd27b6e5e3087120da757a7dde0f9e7,2023-09-21,,,BUY ME A COFFEE,DONATION,,$10.00,$0.59,$9.41,$0.00,0,,2023,09-September
b1c76b76616c43f0492c2a657276c84d,2023-09-21,,,BUY ME A COFFEE,DONATION,,$10.00,$0.59,$9.41,$0.00,0,,2023,09-September
7db9f04dd68bc2201a8b55504fee6a22,2023-09-22,,,BUY ME A COFFEE,DONATION,,$10.00,$0.59,$9.41,$0.00,0,,2023,09-September
7c150b23cfeeb237235ff53b1ce84b89,2023-09-23,,,BUY ME A COFFEE,DONATION,,$4.00,$0.42,$3.58,$0.00,0,,2023,09-September
ec16654715192e1be051404870107589,2023-09-23,,,BUY ME A COFFEE,DONATION,,$10.00,$0.59,$9.41,$0.00,0,,2023,09-September
e1510c56ef9771be29330b89a25fe9e6,2023-09-23,,,BUY ME A COFFEE,DONATION,,$10.00,$0.59,$9.41,$0.00,0,,2023,09-September
1cf174b41132e5d46fdaa97e2ac4be28,2023-09-28,,,BUY ME A COFFEE,DONATION,,$4.00,$0.42,$3.58,$0.00,0,,2023,09-September
305f63f909dc6648c3a9e3297f9e6edd,2023-09-28,,,BUY ME A COFFEE,DONATION,,$2.00,$0.36,$1.64,$0.00,0,,2023,09-September
8ae746ef81ae073747a0c89705730e6e,2023-09-28,,,BUY ME A COFFEE,DONATION,,$50.00,$1.75,$48.25,$0.00,0,,2023,09-September
5795456f1e4a4792ba0225f27be83389,2023-09-30,,,BUY ME A COFFEE,DONATION,,$100.00,$3.20,$96.80,$0.00,0,,2023,09-September
740c99d9756ce9920c7121cc09c3c045,2023-09-30,,,BUY ME A COFFEE,DONATION,,$20.00,$0.88,$19.12,$0.00,0,,2023,09-September
8f0ab0cc937e811e247447a29a6492ac,2023-10-02,,,BUY ME A COFFEE,DONATION,,$10.00,$0.59,$9.41,$0.00,0,,2023,10-October
2a6543bd743c82d5a492a82941f870be,2023-10-02,,,BUY ME A COFFEE,DONATION,,$6.00,$0.47,$5.53,$0.00,0,,2023,10-October
28751c82c17cab30871ebf6394da40ba,2023-10-04,,,BUY ME A COFFEE,DONATION,,$50.00,$1.75,$48.25,$0.00,0,,2023,10-October
abdcaf2cb98d5e65ee980ce20ab3019d,2023-10-05,,,BUY ME A COFFEE,DONATION,,$2.00,$0.36,$1.64,$0.00,0,,2023,10-October
2b03f473729d8ae78b2e3df1b99b31e4,2023-10-06,,,BUY ME A COFFEE,DONATION,,$10.00,$0.59,$9.41,$0.00,0,,2023,10-October
305f63f909dc6648c3a9e3297f9e6edd,2023-10-06,,,BUY ME A COFFEE,DONATION,,$2.00,$0.36,$1.64,$0.00,0,,2023,10-October
0dab926909567ca69204ce08f4f1cbc9,2023-10-06,,,BUY ME A COFFEE,DONATION,,$10.00,$0.59,$9.41,$0.00,0,,2023,10-October
ffcb533b2021a0b89b1739e8dd40bf3a,2023-10-09,,,BUY ME A COFFEE,DONATION,,$50.00,$1.75,$48.25,$0.00,0,,2023,10-October
61dc072aad25c69deb7b7a5a9045c1d4,2023-10-10,,,BUY ME A COFFEE,DONATION,,$10.00,$0.59,$9.41,$0.00,0,,2023,10-October
599bc833ee0cf8ac7d310df6e61cc06c,2023-10-12,,,BUY ME A COFFEE,DONATION,,$6.00,$0.47,$5.53,$0.00,0,,2023,10-October
43e797824b921bf8ee8698f49f624a61,2023-10-12,,,BUY ME A COFFEE,DONATION,,$2.00,$0.36,$1.64,$0.00,0,,2023,10-October
5387991b8a99a8c31f69e5bf40aa4f1c,2023-10-12,,,BUY ME A COFFEE,DONATION,,$10.00,$0.59,$9.41,$0.00,0,,2023,10-October
1e1043493786f69d898fe7d84c54ebe5,2023-10-12,,,BUY ME A COFFEE,DONATION,,$6.00,$0.47,$5.53,$0.00,0,,2023,10-October
4e2aa9ca130c831135bb6a65faec01bf,2023-10-19,,,BUY ME A COFFEE,DONATION,,$4.00,$0.42,$3.58,$0.00,0,,2023,10-October
f3d2a26ece89abde72af7d4968c93bff,2023-10-19,,,BUY ME A COFFEE,DONATION,,$2.00,$0.36,$1.64,$0.00,0,,2023,10-October
305f63f909dc6648c3a9e3297f9e6edd,2023-10-24,,,BUY ME A COFFEE,DONATION,,$6.00,$0.47,$5.53,$0.00,0,,2023,10-October
b43d0412250de53e8d0fb1923b9a410c,2023-10-25,,,BUY ME A COFFEE,DONATION,,$40.00,$1.46,$38.54,$0.00,0,,2023,10-October
b6fdc41da8f628c147d00c0d4aba9540,2023-10-26,,,BUY ME A COFFEE,DONATION,,$6.00,$0.47,$5.53,$0.00,0,,2023,10-October
f14e7a2232608a94b7a4dcb4c7eef275,2023-10-26,,,BUY ME A COFFEE,DONATION,,$4.00,$0.42,$3.58,$0.00,0,,2023,10-October
34f67ee02349a1f2d20a4beab72e11ee,2023-10-26,,,BUY ME A COFFEE,DONATION,,$10.00,$0.59,$9.41,$0.00,0,,2023,10-October
61dc072aad25c69deb7b7a5a9045c1d4,2023-11-02,,,BUY ME A COFFEE,DONATION,,$10.00,$0.59,$9.41,$0.00,0,,2023,11-November
f748c2c6a0f60ad1a615be89003751d7,2023-11-02,,,BUY ME A COFFEE,DONATION,,$6.00,$0.47,$5.53,$0.00,0,,2023,11-November
5387991b8a99a8c31f69e5bf40aa4f1c,2023-11-07,,,BUY ME A COFFEE,DONATION,,$10.00,$0.59,$9.41,$0.00,0,,2023,11-November
b548930b21e2e4327691cd7022b57871,2023-11-07,,,BUY ME A COFFEE,DONATION,,$10.00,$0.59,$9.41,$0.00,0,,2023,11-November
cbdfad3e6286a820f8bd6242936d3378,2023-11-12,,,BUY ME A COFFEE,DONATION,,$2.00,$0.36,$1.64,$0.00,0,,2023,11-November
5b288bd2a5c29dd4a83f6f7355096700,2023-11-12,,,BUY ME A COFFEE,DONATION,,$6.00,$0.47,$5.53,$0.00,0,,2023,11-November
ffcb533b2021a0b89b1739e8dd40bf3a,2023-11-13,,,BUY ME A COFFEE,DONATION,,$50.00,$1.75,$48.25,$0.00,0,,2023,11-November
b548930b21e2e4327691cd7022b57871,2023-11-14,,,BUY ME A COFFEE,DONATION,,$10.00,$0.59,$9.41,$0.00,0,,2023,11-November
c288f4896e2c79362c9060debe7ce59a,2023-11-14,,,BUY ME A COFFEE,DONATION,,$6.00,$0.47,$5.53,$0.00,0,,2023,11-November
8add22cae760f12a31cb63b1b88fb713,2023-11-14,,,BUY ME A COFFEE,DONATION,,$10.00,$0.59,$9.41,$0.00,0,,2023,11-November
dbaf6a2d1a92fdc66a461812aaf265cf,2023-11-15,,,BUY ME A COFFEE,DONATION,,$10.00,$0.59,$9.41,$0.00,0,,2023,11-November
d84fc300ac393ff0fa80070729f749b9,2023-11-15,Active,,DISCORD,SUBSCRIPTION - Junior Professional,,$2.99,$0.30,$2.69,$0.00,0,,2023,11-November
305f63f909dc6648c3a9e3297f9e6edd,2023-11-16,,,BUY ME A COFFEE,DONATION,,$6.00,$0.47,$5.53,$0.00,0,,2023,11-November
76ae2b43e001549f51ca79d00f5fc113,2023-11-16,Ended,,DISCORD,SUBSCRIPTION - Junior Professional,,$2.99,$0.30,$2.69,$0.00,0,,2023,11-November
5387991b8a99a8c31f69e5bf40aa4f1c,2023-11-16,Active,,DISCORD,SUBSCRIPTION - Junior Professional,,$2.99,$0.30,$2.69,$0.00,0,,2023,11-November
3087a640378c425681741372698938c7,2023-11-17,Active,,DISCORD,SUBSCRIPTION - Junior Professional,,$2.99,$0.30,$2.69,$0.00,0,,2023,11-November
74e312a7ead3c5e2a499bbad7d93a377,2023-11-17,,,BUY ME A COFFEE,DONATION,,$10.00,$0.59,$9.41,$0.00,0,,2023,11-November
557e500c4dc236c375983b053841fb41,2023-11-18,,,BUY ME A COFFEE,DONATION,,$2.00,$0.36,$1.64,$0.00,0,,2023,11-November
6dfda0f5b98594883081641050e194f6,2023-11-18,Active,,DISCORD,SUBSCRIPTION - Junior Professional,,$2.99,$0.30,$2.69,$0.00,0,,2023,11-November
ec16654715192e1be051404870107589,2023-11-19,"Active,Active",,DISCORD,SUBSCRIPTION - Junior Professional,,$2.99,$0.30,$2.69,$0.00,0,,2023,11-November
c288f4896e2c79362c9060debe7ce59a,2023-11-20,Ended,,DISCORD,SUBSCRIPTION - Junior Professional,,$2.99,$0.30,$2.69,$0.00,0,,2023,11-November
d209a820a2f3ba6be2a1e26011f60707,2023-11-22,Ended,,DISCORD,SUBSCRIPTION - Junior Professional,,$2.99,$0.30,$2.69,$0.00,0,,2023,11-November
b2d1e84693ece307aba8a9aa9071f3af,2023-11-24,Active,,STRIPE,SUBSCRIPTION - Junior Professional,,$2.99,$0.43,$2.56,$0.00,0,,2023,11-November
0465f4627486e19bd0513f7498e4c386,2023-12-02,,,BUY ME A COFFEE,DONATION,,$6.00,$0.47,$5.53,$0.00,0,,2023,12-December
36db803e1633fd989c7b8f1581f13539,2023-12-05,Ended,,DISCORD,SUBSCRIPTION - Junior Professional,,$2.99,$0.30,$2.69,$0.00,0,,2023,12-December
ba4d1a318e32f95e60627f29e14a9783,2023-12-11,Ended,,BUY ME A COFFEE,DONATION,,$2.00,$0.36,$1.64,$0.00,0,,2023,12-December
cec5226a7107600674854477282acbaa,2023-12-12,Active,,STRIPE,SUBSCRIPTION - Junior Professional,,$2.99,$0.39,$2.60,$0.00,0,,2023,12-December
305f63f909dc6648c3a9e3297f9e6edd,2023-12-14,,,BUY ME A COFFEE,DONATION,,$6.00,$0.47,$5.53,$0.00,0,,2023,12-December
305f63f909dc6648c3a9e3297f9e6edd,2023-12-14,,,BUY ME A COFFEE,DONATION,,$10.00,$0.59,$9.41,$0.00,0,,2023,12-December
5f7f81aa7fcbed4aae25a76ebaa958fb,2023-12-14,Active,,DISCORD,SUBSCRIPTION - Junior Professional,,$2.99,$0.30,$2.69,$0.00,0,,2023,12-December
a534d012a303b4b06f62d663721793cf,2023-12-14,Active,,DISCORD,SUBSCRIPTION - Junior Professional,,$2.99,$0.30,$2.69,$0.00,0,,2023,12-December
a491c5ce9b4b0e28f56c904e4bc6ffb9,2023-12-14,Ended,,DISCORD,SUBSCRIPTION - Junior Professional,,$2.99,$0.30,$2.69,$0.00,0,,2023,12-December
d84fc300ac393ff0fa80070729f749b9,2023-12-15,Active,,DISCORD,SUBSCRIPTION - Junior Professional,,$2.99,$0.30,$2.69,$0.00,0,,2023,12-December
76ae2b43e001549f51ca79d00f5fc113,2023-12-16,Ended,,DISCORD,SUBSCRIPTION - Junior Professional,,$2.99,$0.30,$2.69,$0.00,0,,2023,12-December
5387991b8a99a8c31f69e5bf40aa4f1c,2023-12-16,Active,,DISCORD,SUBSCRIPTION - Junior Professional,,$2.99,$0.30,$2.69,$0.00,0,,2023,12-December
3087a640378c425681741372698938c7,2023-12-17,Active,,DISCORD,SUBSCRIPTION - Junior Professional,,$2.99,$0.30,$2.69,$0.00,0,,2023,12-December
6dfda0f5b98594883081641050e194f6,2023-12-18,Active,,DISCORD,SUBSCRIPTION - Junior Professional,,$2.99,$0.30,$2.69,$0.00,0,,2023,12-December
524a699715291934292e574fe296d37d,2023-12-18,Active,,DISCORD,SUBSCRIPTION - Junior Professional,,$2.99,$0.30,$2.69,$0.00,0,,2023,12-December
524a699715291934292e574fe296d37d,2023-12-18,,,BUY ME A COFFEE,DONATION,,$24.00,$1.00,$23.00,$0.00,0,,2023,12-December
ec16654715192e1be051404870107589,2023-12-19,Active,,DISCORD,SUBSCRIPTION - Junior Professional,,$2.99,$0.30,$2.69,$0.00,0,,2023,12-December
d41d8cd98f00b204e9800998ecf8427e,2023-12-20,,Spreadshop Sales,SPREADSHOP,MERCHANDISE,,$27.00,$0.00,$27.00,$0.00,0,,2023,12-December
c288f4896e2c79362c9060debe7ce59a,2023-12-20,Ended,,DISCORD,SUBSCRIPTION - Junior Professional,,$2.99,$0.30,$2.69,$0.00,0,,2023,12-December
93534b8badfb8b7ab226bb3474f63ca9,2023-12-20,Ended,,DISCORD,SUBSCRIPTION - Junior Professional,,$2.99,$0.30,$2.69,$0.00,0,,2023,12-December
5f7f81aa7fcbed4aae25a76ebaa958fb,2023-12-21,,,BUY ME A COFFEE,DONATION,,$200.00,$6.10,$193.90,$0.00,0,,2023,12-December
d209a820a2f3ba6be2a1e26011f60707,2023-12-22,Ended,,DISCORD,SUBSCRIPTION - Junior Professional,,$2.99,$0.30,$2.69,$0.00,0,,2023,12-December
b2d1e84693ece307aba8a9aa9071f3af,2023-12-24,Active,,STRIPE,SUBSCRIPTION - Junior Professional,,$2.99,$0.43,$2.56,$0.00,0,,2023,12-December
ba4d1a318e32f95e60627f29e14a9783,2023-12-26,Active,,STRIPE,SUBSCRIPTION - Junior Professional,,$2.99,$0.39,$2.60,$0.00,0,,2023,12-December
e44de899db3a861b261376b17a5e226b,2023-12-26,,,STRIPE,PRODUCT - Voyage Certificate,V47,$3.99,$0.42,$3.57,$0.00,0,,2023,12-December
57355910b7988c0af4121744d60ef178,2023-12-28,,,DISCORD,PRODUCT - Voyage Certificate,V47,$3.99,$0.29,$3.70,$0.00,0,,2023,12-December
ec16654715192e1be051404870107589,2024-01-02,Active,,DISCORD,SUBSCRIPTION - Professional,,$9.99,$1.00,$8.99,$0.00,0,,2024,01-January
236a01d71c3c962da7bb42a83d29060f,2024-01-03,,,DISCORD,PRODUCT - Voyage Certificate,Available for use,$3.99,$0.40,$3.59,$0.00,0,,2024,01-January
1e1eef673fb8e3fbf174d5e54693f819,2024-01-03,,,BUY ME A COFFEE,DONATION,,$6.00,$0.47,$5.53,$0.00,0,,2024,01-January
ee07b9f58b1b65accee17e0f131c2e99,2024-01-03,Ended,,DISCORD,SUBSCRIPTION - Junior Professional,,$2.99,$0.30,$2.69,$0.00,0,,2024,01-January
5387991b8a99a8c31f69e5bf40aa4f1c,2024-01-04,,,BUY ME A COFFEE,DONATION,,$10.00,$0.59,$9.41,$0.00,0,,2024,01-January
36db803e1633fd989c7b8f1581f13539,2024-01-05,Ended,,DISCORD,SUBSCRIPTION - Junior Professional,,$2.99,$0.30,$2.69,$0.00,0,,2024,01-January
524a699715291934292e574fe296d37d,2024-01-06,Active,,DISCORD,SUBSCRIPTION - Senior Professional,,$24.99,$2.50,$22.49,$0.00,0,,2024,01-January
484f37e18f322242b7dda6a31ce6f22c,2024-01-09,,,DISCORD,PRODUCT - Voyage Certificate,V47,$3.99,$0.40,$3.59,$0.00,0,,2024,01-January
98e18b178507deea508d9e15e16881e2,2024-01-09,Ended,,DISCORD,SUBSCRIPTION - Junior Professional,,$2.99,$0.30,$2.69,$0.00,0,,2024,01-January
75834838faa268803d4974b2188e618b,2024-01-10,Ended,,DISCORD,SUBSCRIPTION - Junior Professional,,$2.99,$0.30,$2.69,$0.00,0,,2024,01-January
b548930b21e2e4327691cd7022b57871,2024-01-11,,,BUY ME A COFFEE,DONATION,,$10.00,$0.59,$9.41,$0.00,0,,2024,01-January
5f7f81aa7fcbed4aae25a76ebaa958fb,2024-01-14,Active,,DISCORD,SUBSCRIPTION - Junior Professional,,$2.99,$0.30,$2.69,$0.00,0,,2024,01-January
a534d012a303b4b06f62d663721793cf,2024-01-14,Active,,DISCORD,SUBSCRIPTION - Junior Professional,,$2.99,$0.30,$2.69,$0.00,0,,2024,01-January
a491c5ce9b4b0e28f56c904e4bc6ffb9,2024-01-14,Ended,,DISCORD,SUBSCRIPTION - Junior Professional,,$2.99,$0.30,$2.69,$0.00,0,,2024,01-January
cec5226a7107600674854477282acbaa,2024-01-14,Active,,STRIPE,SUBSCRIPTION - Junior Professional,,$2.99,$0.39,$2.60,$0.00,0,,2024,01-January
d84fc300ac393ff0fa80070729f749b9,2024-01-15,Active,,DISCORD,SUBSCRIPTION - Junior Professional,,$2.99,$0.30,$2.69,$0.00,0,,2024,01-January
5387991b8a99a8c31f69e5bf40aa4f1c,2024-01-16,Active,,DISCORD,SUBSCRIPTION - Junior Professional,,$2.99,$0.30,$2.69,$0.00,0,,2024,01-January
76ae2b43e001549f51ca79d00f5fc113,2024-01-16,Ended,,DISCORD,SUBSCRIPTION - Junior Professional,,$2.99,$0.30,$2.69,$0.00,0,,2024,01-January
3087a640378c425681741372698938c7,2024-01-17,Active,,DISCORD,SUBSCRIPTION - Junior Professional,,$2.99,$0.30,$2.69,$0.00,0,,2024,01-January
524a699715291934292e574fe296d37d,2024-01-18,Active,,DISCORD,SUBSCRIPTION - Junior Professional,,$2.99,$0.30,$2.69,$0.00,0,,2024,01-January
6dfda0f5b98594883081641050e194f6,2024-01-18,Active,,DISCORD,SUBSCRIPTION - Junior Professional,,$2.99,$0.30,$2.69,$0.00,0,,2024,01-January
c288f4896e2c79362c9060debe7ce59a,2024-01-20,Ended,,DISCORD,SUBSCRIPTION - Junior Professional,,$2.99,$0.30,$2.69,$0.00,0,,2024,01-January
d209a820a2f3ba6be2a1e26011f60707,2024-01-22,Ended,,DISCORD,SUBSCRIPTION - Junior Professional,,$2.99,$0.30,$2.69,$0.00,0,,2024,01-January
b2d1e84693ece307aba8a9aa9071f3af,2024-01-25,Active,,STRIPE,SUBSCRIPTION - Junior Professional,,$2.99,$0.39,$2.60,$0.00,0,,2024,01-January
6ae606b174b663924de5608e464f4eb4,2024-01-25,Active,,STRIPE,SUBSCRIPTION - Junior Professional,,$2.99,$0.39,$2.60,$0.00,0,,2024,01-January
ba4d1a318e32f95e60627f29e14a9783,2024-01-26,,,STRIPE,SUBSCRIPTION - Junior Professional,,$2.99,$0.39,$2.60,$0.00,0,,2024,01-January
92f071791ef72d4a583a04b7bbcdcf5b,2024-01-26,,,BUY ME A COFFEE,DONATION,,$10.00,$0.59,$9.41,$0.00,0,,2024,01-January
61dc072aad25c69deb7b7a5a9045c1d4,2024-02-01,,,DISCORD,PRODUCT - Voyage Certificate,Available for use,$3.99,$0.40,$3.59,$0.00,0,,2024,02-February
2a63ff2ddbfb9b6565a82240e10a6d35,2024-02-01,,,BUY ME A COFFEE,DONATION,,$50.00,$1.75,$48.25,$0.00,0,,2024,02-February
ec16654715192e1be051404870107589,2024-02-02,Active,,DISCORD,SUBSCRIPTION - Professional,,$9.99,$1.00,$8.99,$0.00,0,,2024,02-February
ee07b9f58b1b65accee17e0f131c2e99,2024-02-03,Ended,,DISCORD,SUBSCRIPTION - Junior Professional,,$2.99,$0.30,$2.69,$0.00,0,,2024,02-February
36db803e1633fd989c7b8f1581f13539,2024-02-05,Ended,,DISCORD,SUBSCRIPTION - Junior Professional,,$2.99,$0.30,$2.69,$0.00,0,,2024,02-February
0675de0d02660283431538453b22aed7,2024-02-08,,,STRIPE,PRODUCT - Voyage Certificate,V47,$3.99,$0.42,$3.57,$0.00,0,,2024,02-February
579bb41e60241e7649f44169f996b019,2024-02-08,Active,,STRIPE,SUBSCRIPTION - Junior Professional,,$2.99,$0.39,$2.60,$0.00,0,,2024,02-February
98e18b178507deea508d9e15e16881e2,2024-02-09,Ended,,DISCORD,SUBSCRIPTION - Junior Professional,,$2.99,$0.30,$2.69,$0.00,0,,2024,02-February
75834838faa268803d4974b2188e618b,2024-02-10,Ended,,DISCORD,SUBSCRIPTION - Junior Professional,,$2.99,$0.30,$2.69,$0.00,0,,2024,02-February
8d99268b1f8f7364896387b33e22f274,2024-02-11,Ended,,DISCORD,SUBSCRIPTION - Junior Professional,,$2.99,$0.30,$2.69,$0.00,0,,2024,02-February
a534d012a303b4b06f62d663721793cf,2024-02-14,Active,,DISCORD,SUBSCRIPTION - Junior Professional,,$2.99,$0.30,$2.69,$0.00,0,,2024,02-February
cec5226a7107600674854477282acbaa,2024-02-14,Active,,STRIPE,SUBSCRIPTION - Junior Professional,,$2.99,$0.39,$2.60,$0.00,0,,2024,02-February
3bdfc1115eeb44ca80eca28ad7bc46ae,2024-02-14,Active,,STRIPE,SUBSCRIPTION - Professional,,$9.99,$0.74,$9.25,$0.00,0,,2024,02-February
a491c5ce9b4b0e28f56c904e4bc6ffb9,2024-02-14,Ended,,DISCORD,SUBSCRIPTION - Junior Professional,,$2.99,$0.30,$2.69,$0.00,0,,2024,02-February
5f7f81aa7fcbed4aae25a76ebaa958fb,2024-02-14,Active,,DISCORD,SUBSCRIPTION - Junior Professional,,$2.99,$0.30,$2.69,$0.00,0,,2024,02-February
d84fc300ac393ff0fa80070729f749b9,2024-02-15,Active,,DISCORD,SUBSCRIPTION - Junior Professional,,$2.99,$0.30,$2.69,$0.00,0,,2024,02-February
4ea5e997f95878d8c3a168ec77554f70,2024-02-15,,,STRIPE,PRODUCT - Voyage Certificate,V47,$3.99,$0.42,$3.57,$0.00,0,,2024,02-February
76ae2b43e001549f51ca79d00f5fc113,2024-02-16,Ended,,DISCORD,SUBSCRIPTION - Junior Professional,,$2.99,$0.30,$2.69,$0.00,0,,2024,02-February
5387991b8a99a8c31f69e5bf40aa4f1c,2024-02-16,Active,,DISCORD,SUBSCRIPTION - Junior Professional,,$2.99,$0.30,$2.69,$0.00,0,,2024,02-February
c58a21cc2072568436f0d4fea0b17918,2024-02-16,,,BUY ME A COFFEE,DONATION,,$10.00,$0.59,$9.41,$0.00,0,,2024,02-February
593a749d424eea398c671be52c652136,2024-02-16,,,GOFUNDME,DONATION,,$25.00,$1.03,$23.97,$0.00,0,,2024,02-February
4402edf5408d1a31557d562cca3e8e7e,2024-02-17,Active,,DISCORD,SUBSCRIPTION - Junior Professional,,$2.99,$0.30,$2.69,$0.00,0,,2024,02-February
3087a640378c425681741372698938c7,2024-02-17,Active,,DISCORD,SUBSCRIPTION - Junior Professional,,$2.99,$0.30,$2.69,$0.00,0,,2024,02-February
6daf63e65123c9fb9f8fceb6210a4105,2024-02-18,,,STRIPE,PRODUCT - Voyage Certificate,V47,$3.99,$0.48,$3.51,$0.00,0,,2024,02-February
4946767521e5af54a86abd029571bbce,2024-02-18,,,DISCORD,PRODUCT - Voyage Certificate,V47,$3.99,$0.40,$3.59,$0.00,0,,2024,02-February
524a699715291934292e574fe296d37d,2024-02-18,Active,,DISCORD,SUBSCRIPTION - Junior Professional,,$2.99,$0.30,$2.69,$0.00,0,,2024,02-February
366a0d3a6ab32189555044ec7725562c,2024-02-18,,,DISCORD,PRODUCT - Voyage Certificate,V47,$3.99,$0.40,$3.59,$0.00,0,,2024,02-February
7d4ea37d5d63987e96e658bd74910536,2024-02-18,,,DISCORD,PRODUCT - Voyage Certificate,V47,$3.99,$0.40,$3.59,$0.00,0,,2024,02-February
6dfda0f5b98594883081641050e194f6,2024-02-18,Active,,DISCORD,SUBSCRIPTION - Junior Professional,,$2.99,$0.30,$2.69,$0.00,0,,2024,02-February
044fb6bf6c427216e5f605b03a734a4b,2024-02-18,,,STRIPE,PRODUCT - Voyage Certificate,V47,$3.99,$0.42,$3.57,$0.00,0,,2024,02-February
98b72605041374e2acc061802cfdfbd4,2024-02-19,Ended,,DISCORD,SUBSCRIPTION - Junior Professional,,$2.99,$0.30,$2.69,$0.00,0,,2024,02-February
0493ecd0031faddfd7be2e9b51f50c3c,2024-02-19,,,DISCORD,PRODUCT - Voyage Certificate,V47,$3.99,$0.40,$3.59,$0.00,0,,2024,02-February
d2b3842f16788d629e2a8bbb0a41bc14,2024-02-19,,,STRIPE,PRODUCT - Voyage Certificate,V47,$3.99,$0.42,$3.57,$0.00,0,,2024,02-February
80385db86dd7da799cd210bfbd5d8663,2024-02-19,,,DISCORD,PRODUCT - Voyage Certificate,V47,$3.99,$0.40,$3.59,$0.00,0,,2024,02-February
e752dd4cd863ce64496cb1fe95d6cf5f,2024-02-20,,,STRIPE,PRODUCT - Voyage Certificate,V47,$3.99,$0.48,$3.51,$0.00,0,,2024,02-February
8c26f6108b2411c26ea8115782b8aacf,2024-02-20,,,DISCORD,PRODUCT - Voyage Certificate,V47,$3.99,$0.40,$3.59,$0.00,0,,2024,02-February
a594eeed8f0d1ff66aa0b22101451c64,2024-02-20,Ended,,DISCORD,SUBSCRIPTION - Professional,,$9.99,$1.00,$8.99,$0.00,0,,2024,02-February
84db683e383fd076197e3cac9486cfd8,2024-02-20,,,STRIPE,PRODUCT - Voyage Certificate,V47,$3.99,$0.48,$3.51,$0.00,0,,2024,02-February
c288f4896e2c79362c9060debe7ce59a,2024-02-20,Ended,,DISCORD,SUBSCRIPTION - Junior Professional,,$2.99,$0.30,$2.69,$0.00,0,,2024,02-February
10f771766d9375e6c8eae298e2b0b03e,2024-02-20,,,DISCORD,PRODUCT - Voyage Certificate,V47,$3.99,$0.40,$3.59,$0.00,0,,2024,02-February
811e36075ceed8c23d37e4620209ef67,2024-02-20,,,DISCORD,PRODUCT - Voyage Certificate,Available for use,$3.99,$0.40,$3.59,$0.00,0,,2024,02-February
ffcb533b2021a0b89b1739e8dd40bf3a,2024-02-21,,,GOFUNDME,DONATION,,$75.00,$2.48,$72.52,$0.00,0,,2024,02-February
d209a820a2f3ba6be2a1e26011f60707,2024-02-22,Ended,,DISCORD,SUBSCRIPTION - Junior Professional,,$2.99,$0.30,$2.69,$0.00,0,,2024,02-February
d0b7b4558103a3ce030fda99c0f8065b,2024-02-22,Ended,,DISCORD,SUBSCRIPTION - Junior Professional,,$2.99,$0.30,$2.69,$0.00,0,,2024,02-February
9c31d3578afa4dd33bd847672108f1bb,2024-02-22,,,GOFUNDME,DONATION,,$200.00,$6.10,$193.90,$0.00,0,,2024,02-February
ad4be40401bc06f189bff9b1fb6cb01b,2024-02-22,,,DISCORD,PRODUCT - Voyage Certificate,V47,$3.99,$0.40,$3.59,$0.00,0,,2024,02-February
9b04cc1e19791f6a3bc904d11f16c317,2024-02-22,"Active,Ended",,STRIPE,SUBSCRIPTION - Junior Professional,,$2.99,$0.43,$2.56,$0.00,0,,2024,02-February
593a749d424eea398c671be52c652136,2024-02-24,,,DISCORD,PRODUCT - Voyage Certificate,V47,$0.00,$0.00,$0.00,$0.00,0,,2024,02-February
b540b5ae0c0becdb6482d0edcfe994bd,2024-02-24,,,DISCORD,PRODUCT - Voyage Certificate,V47,$3.99,$0.40,$3.59,$0.00,0,,2024,02-February
b2d1e84693ece307aba8a9aa9071f3af,2024-02-25,Active,,STRIPE,SUBSCRIPTION - Junior Professional,,$2.99,$0.43,$2.56,$0.00,0,,2024,02-February
6ae606b174b663924de5608e464f4eb4,2024-02-25,Active,,STRIPE,SUBSCRIPTION - Junior Professional,,$2.99,$0.39,$2.60,$0.00,0,,2024,02-February
b4e4f60f80a7127ecc5b8d039b2c6d49,2024-02-25,,Paid using email address: prakashdas18@gmail.com,STRIPE,PRODUCT - Voyage Certificate,V47,$3.99,$0.48,$3.51,$0.00,0,,2024,02-February
7987464541baca2f4f28f794706dcbdf,2024-02-25,Active,,DISCORD,SUBSCRIPTION - Junior Professional,,$2.99,$0.30,$2.69,$0.00,0,,2024,02-February
38c127235c556386f3729cafbad45ff5,2024-02-26,,"Gifted by petrecirceagwork@gmail.com
",DISCORD,PRODUCT - Voyage Certificate,V47,$3.99,$0.40,$3.59,$0.00,0,,2024,02-February
ba4d1a318e32f95e60627f29e14a9783,2024-02-26,Active,,STRIPE,SUBSCRIPTION - Junior Professional,,$2.99,$0.39,$2.60,$0.00,0,,2024,02-February
12b1c7a5a8d92e231621cfedea4a0875,2024-02-26,,"Paid using email address:
tigerjump1127@gmail.com ",STRIPE,PRODUCT - Voyage Certificate,V47,$3.99,$0.42,$3.57,$0.00,0,,2024,02-February
d2bc905567c1556f647f33ca3a92074a,2024-02-28,,,STRIPE,PRODUCT - Voyage Certificate,V47,$3.99,$0.42,$3.57,$0.00,0,,2024,02-February
d1d7280b5c3de57ad00a02b872e1f3f2,2024-02-29,Active,,STRIPE,SUBSCRIPTION - Junior Professional,,$2.99,$0.43,$2.56,$0.00,0,,2024,02-February
2c0dcccb7bb36e6c724b073acf755fc9,2024-02-29,Active,,DISCORD,SUBSCRIPTION - Junior Professional,,$3.99,$0.40,$3.59,$0.00,0,,2024,02-February
ec16654715192e1be051404870107589,2024-03-02,Active,,DISCORD,SUBSCRIPTION - Professional,,$9.99,$1.00,$8.99,$0.00,0,,2024,03-March
ee07b9f58b1b65accee17e0f131c2e99,2024-03-03,Ended,,DISCORD,SUBSCRIPTION - Junior Professional,,$2.99,$0.30,$2.69,$0.00,0,,2024,03-March
702d9c1111e1ad2432c01c5c221b2b8e,2024-03-03,Ended,,DISCORD,SUBSCRIPTION - Junior Professional,,$2.99,$0.30,$2.69,$0.00,0,,2024,03-March
36db803e1633fd989c7b8f1581f13539,2024-03-05,Ended,,DISCORD,SUBSCRIPTION - Junior Professional,,$2.99,$0.30,$2.69,$0.00,0,,2024,03-March
ea22517add6fe0fd1531e4a70f1a4816,2024-03-06,Ended,,DISCORD,SUBSCRIPTION - Junior Professional,,$2.99,$0.30,$2.69,$0.00,0,,2024,03-March
5ebed4413e6fa59c0d1be1d780b73259,2024-03-07,,,STRIPE,PRODUCT - Voyage Certificate,V47,$3.99,$0.42,$3.57,$0.00,0,,2024,03-March
e860d0d95223c7e57e808c67d5187303,2024-03-08,,,BUY ME A COFFEE,DONATION,,$2.00,$0.36,$1.64,$0.00,0,,2024,03-March
98e18b178507deea508d9e15e16881e2,2024-03-09,Ended,,DISCORD,SUBSCRIPTION - Junior Professional,,$2.99,$0.30,$2.69,$0.00,0,,2024,03-March
75834838faa268803d4974b2188e618b,2024-03-10,Ended,,DISCORD,SUBSCRIPTION - Junior Professional,,$2.99,$0.30,$2.69,$0.00,0,,2024,03-March
fcabcba3a962523832a74a904af02acb,2024-03-11,Ended,,DISCORD,SUBSCRIPTION - Junior Professional,,$2.99,$0.30,$2.69,$0.00,0,,2024,03-March
92db757f114a9748602f36fe3cec4d56,2024-03-14,,,BUY ME A COFFEE,DONATION,,$10.00,$0.59,$9.41,$0.00,0,,2024,03-March
cec5226a7107600674854477282acbaa,2024-03-14,Active,,STRIPE,SUBSCRIPTION - Junior Professional,,$2.99,$0.39,$2.60,$0.00,0,,2024,03-March
5f7f81aa7fcbed4aae25a76ebaa958fb,2024-03-14,Active,,DISCORD,SUBSCRIPTION - Junior Professional,,$2.99,$0.30,$2.69,$0.00,0,,2024,03-March
3bdfc1115eeb44ca80eca28ad7bc46ae,2024-03-14,Active,,STRIPE,SUBSCRIPTION - Professional,,$9.99,$0.74,$9.25,$0.00,0,,2024,03-March
a534d012a303b4b06f62d663721793cf,2024-03-14,Active,,DISCORD,SUBSCRIPTION - Junior Professional,,$2.99,$0.30,$2.69,$0.00,0,,2024,03-March
a491c5ce9b4b0e28f56c904e4bc6ffb9,2024-03-14,Ended,,DISCORD,SUBSCRIPTION - Junior Professional,,$2.99,$0.30,$2.69,$0.00,0,,2024,03-March
d84fc300ac393ff0fa80070729f749b9,2024-03-15,Active,,DISCORD,SUBSCRIPTION - Junior Professional,,$2.99,$0.30,$2.69,$0.00,0,,2024,03-March
76ae2b43e001549f51ca79d00f5fc113,2024-03-16,Ended,,DISCORD,SUBSCRIPTION - Junior Professional,,$2.99,$0.30,$2.69,$0.00,0,,2024,03-March
5387991b8a99a8c31f69e5bf40aa4f1c,2024-03-16,Active,,DISCORD,SUBSCRIPTION - Junior Professional,,$2.99,$0.30,$2.69,$0.00,0,,2024,03-March
3087a640378c425681741372698938c7,2024-03-17,Active,,DISCORD,SUBSCRIPTION - Junior Professional,,$2.99,$0.30,$2.69,$0.00,0,,2024,03-March
4402edf5408d1a31557d562cca3e8e7e,2024-03-17,Active,,DISCORD,SUBSCRIPTION - Junior Professional,,$2.99,$0.30,$2.69,$0.00,0,,2024,03-March
438548e49e3f915fde8761cd61d3a995,2024-03-17,,Paid using email address: prakashdas18@gmail.com,STRIPE,PRODUCT - Voyage Certificate,V47,$3.99,$0.48,$3.51,$0.00,0,,2024,03-March
6dfda0f5b98594883081641050e194f6,2024-03-18,Active,,DISCORD,SUBSCRIPTION - Junior Professional,,$2.99,$0.30,$2.69,$0.00,0,,2024,03-March
524a699715291934292e574fe296d37d,2024-03-18,Active,,DISCORD,SUBSCRIPTION - Junior Professional,,$2.99,$0.30,$2.69,$0.00,0,,2024,03-March
a594eeed8f0d1ff66aa0b22101451c64,2024-03-20,,,DISCORD,SUBSCRIPTION - Professional,,$9.99,$1.00,$8.99,$0.00,0,,2024,03-March
a491c5ce9b4b0e28f56c904e4bc6ffb9,2024-03-21,,,BUY ME A COFFEE,DONATION,,$20.00,$0.88,$19.12,$0.00,0,,2024,03-March
9b04cc1e19791f6a3bc904d11f16c317,2024-03-22,Active,,STRIPE,SUBSCRIPTION - Junior Professional,,$2.99,$0.43,$2.56,$0.00,0,,2024,03-March
d209a820a2f3ba6be2a1e26011f60707,2024-03-22,Ended,,DISCORD,SUBSCRIPTION - Junior Professional,,$2.99,$0.30,$2.69,$0.00,0,,2024,03-March
d0b7b4558103a3ce030fda99c0f8065b,2024-03-22,Active,,DISCORD,SUBSCRIPTION - Junior Professional,,$2.99,$0.30,$2.69,$0.00,0,,2024,03-March
4351416666dab02d74f71d3a33aeaa51,2024-03-23,,,BUY ME A COFFEE,DONATION,,$20.00,$0.88,$19.12,$0.00,0,,2024,03-March
6d25724b0eb781a8be99428cb68ba384,2024-03-23,Ended,,DISCORD,SUBSCRIPTION - Junior Professional,,$2.99,$0.30,$2.69,$0.00,0,,2024,03-March
6ae606b174b663924de5608e464f4eb4,2024-03-25,Active,,STRIPE,SUBSCRIPTION - Junior Professional,,$2.99,$0.39,$2.60,$0.00,0,,2024,03-March
b2d1e84693ece307aba8a9aa9071f3af,2024-03-25,Active,,STRIPE,SUBSCRIPTION - Junior Professional,,$2.99,$0.43,$2.56,$0.00,0,,2024,03-March
cdd65c297a8db09f1adc1fbcd69c7fc1,2024-03-26,,,BUY ME A COFFEE,DONATION,,$100.00,$3.20,$96.80,$0.00,0,,2024,03-March
ba4d1a318e32f95e60627f29e14a9783,2024-03-26,Active,,STRIPE,SUBSCRIPTION - Junior Professional,,$2.99,$0.39,$2.60,$0.00,0,,2024,03-March
d1d7280b5c3de57ad00a02b872e1f3f2,2024-03-29,Active,,STRIPE,SUBSCRIPTION - Junior Professional,,$2.99,$0.39,$2.60,$0.00,0,,2024,03-March
2c0dcccb7bb36e6c724b073acf755fc9,2024-03-29,Active,,DISCORD,SUBSCRIPTION - Junior Professional,,$3.99,$0.40,$3.59,$0.00,0,,2024,03-March
ec16654715192e1be051404870107589,2024-04-02,Active,,DISCORD,SUBSCRIPTION - Professional,,$9.99,$1.00,$8.99,$0.00,0,,2024,04-April
ee07b9f58b1b65accee17e0f131c2e99,2024-04-03,Ended,,DISCORD,SUBSCRIPTION - Junior Professional,,$2.99,$0.30,$2.69,$0.00,0,,2024,04-April
74baa10bdfb51320dd659a17d363a2ec,2024-04-03,,,BUY ME A COFFEE,DONATION,,$50.00,$1.75,$48.25,$0.00,0,,2024,04-April
702d9c1111e1ad2432c01c5c221b2b8e,2024-04-03,Ended,,DISCORD,SUBSCRIPTION - Junior Professional,,$2.99,$0.30,$2.69,$0.00,0,,2024,04-April
36db803e1633fd989c7b8f1581f13539,2024-04-05,Ended,,DISCORD,SUBSCRIPTION - Junior Professional,,$2.99,$0.30,$2.69,$0.00,0,,2024,04-April
ea22517add6fe0fd1531e4a70f1a4816,2024-04-06,Ended,,DISCORD,SUBSCRIPTION - Junior Professional,,$2.99,$0.30,$2.69,$0.00,0,,2024,04-April
98e18b178507deea508d9e15e16881e2,2024-04-09,Ended,,DISCORD,SUBSCRIPTION - Junior Professional,,$2.99,$0.30,$2.69,$0.00,0,,2024,04-April
8a32ccd2501faef6f4169538b45c4e5d,2024-04-11,Ended,,DISCORD,SUBSCRIPTION - Junior Professional,,$2.99,$0.30,$2.69,$0.00,0,,2024,04-April
cec5226a7107600674854477282acbaa,2024-04-14,Active,,STRIPE,SUBSCRIPTION - Junior Professional,,$2.99,$0.39,$2.60,$0.00,0,,2024,04-April
5f7f81aa7fcbed4aae25a76ebaa958fb,2024-04-14,Active,,DISCORD,SUBSCRIPTION - Junior Professional,,$2.99,$0.30,$2.69,$0.00,0,,2024,04-April
a534d012a303b4b06f62d663721793cf,2024-04-14,Active,,DISCORD,SUBSCRIPTION - Junior Professional,,$2.99,$0.30,$2.69,$0.00,0,,2024,04-April
0675de0d02660283431538453b22aed7,2024-04-14,,,STRIPE,PRODUCT - Voyage Certificate,V48,$3.99,$0.42,$3.57,$0.00,0,,2024,04-April
a491c5ce9b4b0e28f56c904e4bc6ffb9,2024-04-14,Ended,,DISCORD,SUBSCRIPTION - Junior Professional,,$2.99,$0.30,$2.69,$0.00,0,,2024,04-April
1c21292eb936bf3731e9c66e147ed3a1,2024-04-15,,,STRIPE,PRODUCT - Voyage Certificate,V48,$3.99,$0.48,$3.51,$0.00,0,,2024,04-April
d84fc300ac393ff0fa80070729f749b9,2024-04-15,Active,,DISCORD,SUBSCRIPTION - Junior Professional,,$2.99,$0.30,$2.69,$0.00,0,,2024,04-April
21bb4a765964e2af1078e470265c6919,2024-04-15,Ended,,DISCORD,SUBSCRIPTION - Junior Professional,,$2.99,$0.30,$2.69,$0.00,0,,2024,04-April
ad4727b873e1154b3b6636723f077965,2024-04-15,Ended,,DISCORD,SUBSCRIPTION - Junior Professional,,$2.99,$0.30,$2.69,$0.00,0,,2024,04-April
76ae2b43e001549f51ca79d00f5fc113,2024-04-16,Ended,,DISCORD,SUBSCRIPTION - Junior Professional,,$2.99,$0.30,$2.69,$0.00,0,,2024,04-April
84db683e383fd076197e3cac9486cfd8,2024-04-16,,,STRIPE,PRODUCT - Voyage Certificate,V48,$3.99,$0.48,$3.51,$0.00,0,,2024,04-April
5387991b8a99a8c31f69e5bf40aa4f1c,2024-04-16,Active,,DISCORD,SUBSCRIPTION - Junior Professional,,$2.99,$0.30,$2.69,$0.00,0,,2024,04-April
3087a640378c425681741372698938c7,2024-04-17,Active,,DISCORD,SUBSCRIPTION - Junior Professional,,$2.99,$0.30,$2.69,$0.00,0,,2024,04-April
4402edf5408d1a31557d562cca3e8e7e,2024-04-17,Active,,DISCORD,SUBSCRIPTION - Junior Professional,,$2.99,$0.30,$2.69,$0.00,0,,2024,04-April
0b1abdefb0d64fac66764934f0871db7,2024-04-18,Active,,STRIPE,SUBSCRIPTION - Junior Professional,,$2.99,$0.43,$2.56,$0.00,0,,2024,04-April
239b078424183516e8cb53509f049e6e,2024-04-18,Active,,STRIPE,SUBSCRIPTION - Junior Professional,,$2.99,$0.39,$2.60,$0.00,0,,2024,04-April
6dfda0f5b98594883081641050e194f6,2024-04-18,Active,,DISCORD,SUBSCRIPTION - Junior Professional,,$2.99,$0.30,$2.69,$0.00,0,,2024,04-April
0c96566fbefc1d6122c9f08b67967acf,2024-04-19,Ended,,DISCORD,SUBSCRIPTION - Junior Professional,,$2.99,$0.30,$2.69,$0.00,0,,2024,04-April
b142f71f1f1fcb123d63ec473865a931,2024-04-20,,,STRIPE,PRODUCT - Voyage Certificate,V48,$3.99,$0.48,$3.51,$0.00,0,,2024,04-April
24ec32e0f3e0cbbb7fb988aa5a2791d2,2024-04-20,,,STRIPE,PRODUCT - Voyage Certificate,V48,$3.99,$0.48,$3.51,$0.00,0,,2024,04-April
cedb24bcc957cac6197d407cd640d14b,2024-04-20,,,DISCORD,PRODUCT - Voyage Certificate,V48,$3.99,$0.40,$3.59,$0.00,0,,2024,04-April
9a118a29e93de337d5aee7653c7d7db8,2024-04-20,,,DISCORD,PRODUCT - Voyage Certificate,V48,$3.99,$0.40,$3.59,$0.00,0,,2024,04-April
a594eeed8f0d1ff66aa0b22101451c64,2024-04-20,Ended,,DISCORD,SUBSCRIPTION - Professional,,$9.99,$1.00,$8.99,$0.00,0,,2024,04-April
3bdfc1115eeb44ca80eca28ad7bc46ae,2024-04-20,Active,,STRIPE,SUBSCRIPTION - Professional,,$9.99,$0.74,$9.25,$0.00,0,,2024,04-April
a0114f5fa4c5ba0c74540e603245fb41,2024-04-21,,,STRIPE,PRODUCT - Voyage Certificate,V48,$3.99,$0.48,$3.51,$0.00,0,,2024,04-April
43479ca4a1ecfd2f2f8c85d7e75810d2,2024-04-22,,,DISCORD,PRODUCT - Voyage Certificate,V48,$3.99,$0.40,$3.59,$0.00,0,,2024,04-April
9b04cc1e19791f6a3bc904d11f16c317,2024-04-22,Active,,STRIPE,SUBSCRIPTION - Junior Professional,,$2.99,$0.43,$2.56,$0.00,0,,2024,04-April
d0b7b4558103a3ce030fda99c0f8065b,2024-04-22,Active,,DISCORD,SUBSCRIPTION - Junior Professional,,$2.99,$0.30,$2.69,$0.00,0,,2024,04-April
d209a820a2f3ba6be2a1e26011f60707,2024-04-22,Ended,,DISCORD,SUBSCRIPTION - Junior Professional,,$2.99,$0.30,$2.69,$0.00,0,,2024,04-April
d2bc905567c1556f647f33ca3a92074a,2024-04-23,,,DISCORD,PRODUCT - Voyage Certificate,V47,$3.99,$0.40,$3.59,$0.00,0,,2024,04-April
6d25724b0eb781a8be99428cb68ba384,2024-04-23,Ended,,DISCORD,SUBSCRIPTION - Junior Professional,,$2.99,$0.30,$2.69,$0.00,0,,2024,04-April
6ae606b174b663924de5608e464f4eb4,2024-04-25,Active,,STRIPE,SUBSCRIPTION - Junior Professional,,$2.99,$0.39,$2.60,$0.00,0,,2024,04-April
bc1b21b512943af76ac6b96c86f034e2,2024-04-26,,,DISCORD,PRODUCT - Voyage Certificate,V48,$3.99,$0.40,$3.59,$0.00,0,,2024,04-April
ba4d1a318e32f95e60627f29e14a9783,2024-04-26,Active,,STRIPE,SUBSCRIPTION - Junior Professional,,$2.99,$0.39,$2.60,$0.00,0,,2024,04-April
d1d7280b5c3de57ad00a02b872e1f3f2,2024-04-29,Active,,STRIPE,SUBSCRIPTION - Junior Professional,,$2.99,$0.39,$2.60,$0.00,0,,2024,04-April
2c0dcccb7bb36e6c724b073acf755fc9,2024-04-29,Active,,DISCORD,SUBSCRIPTION - Junior Professional,,$3.99,$0.40,$3.59,$0.00,0,,2024,04-April
09e96956b7ae7d8d9c4fad190358b9b0,2024-05-01,,,STRIPE,PRODUCT - Voyage Certificate,V49,$3.99,$0.48,$3.51,$0.00,0,,2024,05-May
92d672ee8c8a3375607564b4088db64b,2024-05-02,,,BUY ME A COFFEE,DONATION,,$20.00,$0.88,$19.12,$0.00,0,,2024,05-May
7da04ea8ca8aac8a0540c58e0d6d8f71,2024-05-02,,,BUY ME A COFFEE,DONATION,,$10.00,$0.59,$9.41,$0.00,0,,2024,05-May
c12a4269f0d5f022f1051a9147ca1cf7,2024-05-02,Active,,DISCORD,SUBSCRIPTION - Junior Professional,,$2.99,$0.30,$2.69,$0.00,0,,2024,05-May
ec16654715192e1be051404870107589,2024-05-02,Active,,DISCORD,SUBSCRIPTION - Professional,,$9.99,$1.00,$8.99,$0.00,0,,2024,05-May
9913463f73e930b1eeee2a887e33325c,2024-05-03,,,BUY ME A COFFEE,DONATION,,$10.00,$0.59,$9.41,$0.00,0,,2024,05-May
d89412e6f61173dd2a71f83a65181b38,2024-05-03,,,BUY ME A COFFEE,DONATION,,$10.00,$0.59,$9.41,$0.00,0,,2024,05-May
ee07b9f58b1b65accee17e0f131c2e99,2024-05-03,Ended,,DISCORD,SUBSCRIPTION - Junior Professional,,$2.99,$0.30,$2.69,$0.00,0,,2024,05-May
702d9c1111e1ad2432c01c5c221b2b8e,2024-05-03,Ended,,DISCORD,SUBSCRIPTION - Junior Professional,,$2.99,$0.30,$2.69,$0.00,0,,2024,05-May
0515f1d5ff21444477949063e1f475ee,2024-05-05,,,DISCORD,PRODUCT - Voyage Certificate,V49,$3.99,$0.40,$3.59,$0.00,0,,2024,05-May
36db803e1633fd989c7b8f1581f13539,2024-05-05,Ended,,DISCORD,SUBSCRIPTION - Junior Professional,,$2.99,$0.30,$2.69,$0.00,0,,2024,05-May
ea22517add6fe0fd1531e4a70f1a4816,2024-05-06,Ended,,DISCORD,SUBSCRIPTION - Junior Professional,,$2.99,$0.30,$2.69,$0.00,0,,2024,05-May
87953ead92213fea226470b006f22811,2024-05-06,Ended,,DISCORD,SUBSCRIPTION - Junior Professional,,$2.99,$0.30,$2.69,$0.00,0,,2024,05-May
dd165e5f773344655cb15ef4ae9ad10c,2024-05-06,Ended,,DISCORD,SUBSCRIPTION - Junior Professional,,$2.99,$0.30,$2.69,$0.00,0,,2024,05-May
09e96956b7ae7d8d9c4fad190358b9b0,2024-05-07,Active,,DISCORD,SUBSCRIPTION - Junior Professional,,$2.99,$0.30,$2.69,$0.00,0,,2024,05-May
579bb41e60241e7649f44169f996b019,2024-05-08,Active,,STRIPE,SUBSCRIPTION - Junior Professional,,$2.99,$0.39,$2.60,$0.00,0,,2024,05-May
e00e24f77faf3c77080a96e492a3c398,2024-05-09,Ended,,DISCORD,SUBSCRIPTION - Professional,,$9.99,$1.00,$8.99,$0.00,0,,2024,05-May
8a0b4cf768011ecca0a4c58c549f8745,2024-05-09,,,BUY ME A COFFEE,DONATION,,$20.00,$0.88,$19.12,$0.00,0,,2024,05-May
98e18b178507deea508d9e15e16881e2,2024-05-09,Ended,,DISCORD,SUBSCRIPTION - Junior Professional,,$2.99,$0.30,$2.69,$0.00,0,,2024,05-May
dca115e8eef4570ae7bcf1b03732e9ae,2024-05-10,Ended,,STRIPE,SUBSCRIPTION - Junior Professional,,$2.99,$0.43,$2.56,$0.00,0,,2024,05-May
a10bba9cdecadccfc2a2348661de6ba0,2024-05-11,Ended,,DISCORD,SUBSCRIPTION - Junior Professional,,$2.99,$0.30,$2.69,$0.00,0,,2024,05-May
cec5226a7107600674854477282acbaa,2024-05-14,Active,,STRIPE,SUBSCRIPTION - Junior Professional,,$2.99,$0.39,$2.60,$0.00,0,,2024,05-May
5f7f81aa7fcbed4aae25a76ebaa958fb,2024-05-14,Active,,DISCORD,SUBSCRIPTION - Junior Professional,,$2.99,$0.30,$2.69,$0.00,0,,2024,05-May
a534d012a303b4b06f62d663721793cf,2024-05-14,Active,,DISCORD,SUBSCRIPTION - Junior Professional,,$2.99,$0.30,$2.69,$0.00,0,,2024,05-May
a491c5ce9b4b0e28f56c904e4bc6ffb9,2024-05-14,Ended,,DISCORD,SUBSCRIPTION - Junior Professional,,$2.99,$0.30,$2.69,$0.00,0,,2024,05-May
d84fc300ac393ff0fa80070729f749b9,2024-05-15,Active,,DISCORD,SUBSCRIPTION - Junior Professional,,$2.99,$0.30,$2.69,$0.00,0,,2024,05-May
21bb4a765964e2af1078e470265c6919,2024-05-15,Ended,,DISCORD,SUBSCRIPTION - Junior Professional,,$2.99,$0.30,$2.69,$0.00,0,,2024,05-May
ad4727b873e1154b3b6636723f077965,2024-05-15,Ended,,DISCORD,SUBSCRIPTION - Junior Professional,,$2.99,$0.30,$2.69,$0.00,0,,2024,05-May
76ae2b43e001549f51ca79d00f5fc113,2024-05-15,Ended,,DISCORD,SUBSCRIPTION - Junior Professional,,$2.99,$0.30,$2.69,$0.00,0,,2024,05-May
cbe46a8de14bf0e98fe57361f63abb9f,2024-05-16,Ended,,DISCORD,SUBSCRIPTION - Junior Professional,,$2.99,$0.30,$2.69,$0.00,0,,2024,05-May
5387991b8a99a8c31f69e5bf40aa4f1c,2024-05-16,Active,,DISCORD,SUBSCRIPTION - Junior Professional,,$2.99,$0.30,$2.69,$0.00,0,,2024,05-May
ed9b0457a6d8a5846fd9ab59c21bf6ec,2024-05-17,Active,,DISCORD,SUBSCRIPTION - Senior Professional,,$24.99,$2.50,$22.49,$0.00,0,,2024,05-May
3087a640378c425681741372698938c7,2024-05-17,Active,,DISCORD,SUBSCRIPTION - Junior Professional,,$2.99,$0.30,$2.69,$0.00,0,,2024,05-May
4402edf5408d1a31557d562cca3e8e7e,2024-05-17,Active,,DISCORD,SUBSCRIPTION - Junior Professional,,$2.99,$0.30,$2.69,$0.00,0,,2024,05-May
0b1abdefb0d64fac66764934f0871db7,2024-05-18,Active,,STRIPE,SUBSCRIPTION - Junior Professional,,$2.99,$0.43,$2.56,$0.00,0,,2024,05-May
239b078424183516e8cb53509f049e6e,2024-05-18,"Active,Active",,STRIPE,SUBSCRIPTION - Junior Professional,,$2.99,$0.39,$2.60,$0.00,0,,2024,05-May
6dfda0f5b98594883081641050e194f6,2024-05-18,Active,,DISCORD,SUBSCRIPTION - Junior Professional,,$2.99,$0.30,$2.69,$0.00,0,,2024,05-May
0c96566fbefc1d6122c9f08b67967acf,2024-05-19,Ended,,DISCORD,SUBSCRIPTION - Junior Professional,,$2.99,$0.30,$2.69,$0.00,0,,2024,05-May
a594eeed8f0d1ff66aa0b22101451c64,2024-05-20,Ended,,DISCORD,SUBSCRIPTION - Professional,,$9.99,$1.00,$8.99,$0.00,0,,2024,05-May
9b04cc1e19791f6a3bc904d11f16c317,2024-05-22,Active,,STRIPE,SUBSCRIPTION - Junior Professional,,$2.99,$0.43,$2.56,$0.00,0,,2024,05-May
d0b7b4558103a3ce030fda99c0f8065b,2024-05-22,Active,,DISCORD,SUBSCRIPTION - Junior Professional,,$2.99,$0.30,$2.69,$0.00,0,,2024,05-May
30e77ff2d0282dcaaf2af85d706c32f6,2024-05-23,,,BUY ME A COFFEE,DONATION,,$20.00,$0.88,$19.12,$0.00,0,,2024,05-May
6d25724b0eb781a8be99428cb68ba384,2024-05-23,Ended,,DISCORD,SUBSCRIPTION - Junior Professional,,$2.99,$0.30,$2.69,$0.00,0,,2024,05-May
a01c61b37c426a7586f58c8a7b766f7b,2024-05-23,,,BUY ME A COFFEE,,,,,$0.00,,,,2024,05-May
3bdfc1115eeb44ca80eca28ad7bc46ae,2024-05-24,Active,,STRIPE,SUBSCRIPTION - Professional,,$9.99,$0.74,$9.25,$0.00,0,,2024,05-May
d1d7280b5c3de57ad00a02b872e1f3f2,2024-05-29,Active,,STRIPE,SUBSCRIPTION - Junior Professional,,$2.99,$0.39,$2.60,$0.00,0,,2024,05-May
7e06646b3db8db8ec457ab1c41db71b8,2024-05-29,,,DISCORD,PRODUCT - Voyage Certificate,V49,$3.99,$0.40,$3.59,$0.00,0,,2024,05-May
2c0dcccb7bb36e6c724b073acf755fc9,2024-05-29,Active,,DISCORD,SUBSCRIPTION - Junior Professional,,$3.99,$0.40,$3.59,$0.00,0,,2024,05-May
ec16654715192e1be051404870107589,2024-06-02,Active,,DISCORD,SUBSCRIPTION - Professional,,$9.99,$1.00,$8.99,$0.00,0,,2024,06-June
c12a4269f0d5f022f1051a9147ca1cf7,2024-06-02,Active,,DISCORD,SUBSCRIPTION - Junior Professional,,$2.99,$0.30,$2.69,$0.00,0,,2024,06-June
ee07b9f58b1b65accee17e0f131c2e99,2024-06-03,Ended,,DISCORD,SUBSCRIPTION - Junior Professional,,$2.99,$0.30,$2.69,$0.00,0,,2024,06-June
702d9c1111e1ad2432c01c5c221b2b8e,2024-06-03,Ended,,DISCORD,SUBSCRIPTION - Junior Professional,,$2.99,$0.30,$2.69,$0.00,0,,2024,06-June
17441ddd04e8ee64cf5c1488b97f5fdf,2024-06-05,Ended,,BUY ME A COFFEE,DONATION,,$6.00,$0.49,$5.51,$0.00,0,,2024,06-June
36db803e1633fd989c7b8f1581f13539,2024-06-05,Ended,,DISCORD,SUBSCRIPTION - Junior Professional,,$2.99,$0.30,$2.69,$0.00,0,,2024,06-June
ea22517add6fe0fd1531e4a70f1a4816,2024-06-06,Ended,,DISCORD,SUBSCRIPTION - Junior Professional,,$2.99,$0.30,$2.69,$0.00,0,,2024,06-June
87953ead92213fea226470b006f22811,2024-06-06,Ended,,DISCORD,SUBSCRIPTION - Junior Professional,,$2.99,$0.30,$2.69,$0.00,0,,2024,06-June
dd165e5f773344655cb15ef4ae9ad10c,2024-06-06,Ended,,DISCORD,SUBSCRIPTION - Junior Professional,,$2.99,$0.30,$2.69,$0.00,0,,2024,06-June
579bb41e60241e7649f44169f996b019,2024-06-08,Active,,STRIPE,SUBSCRIPTION - Junior Professional,,$2.99,$0.39,$2.60,$0.00,0,,2024,06-June
e00e24f77faf3c77080a96e492a3c398,2024-06-09,Ended,,DISCORD,SUBSCRIPTION - Professional,,$9.99,$1.00,$8.99,$0.00,0,,2024,06-June
98e18b178507deea508d9e15e16881e2,2024-06-09,Ended,,DISCORD,SUBSCRIPTION - Junior Professional,,$2.99,$0.30,$2.69,$0.00,0,,2024,06-June
dca115e8eef4570ae7bcf1b03732e9ae,2024-06-10,Ended,,STRIPE,SUBSCRIPTION - Junior Professional,,$2.99,$0.43,$2.56,,,,2024,06-June
a534d012a303b4b06f62d663721793cf,2024-06-14,Active,,DISCORD,SUBSCRIPTION - Junior Professional,,$2.99,$0.30,$2.69,$0.00,0,,2024,06-June
3bdfc1115eeb44ca80eca28ad7bc46ae,2024-06-14,Active,,STRIPE,SUBSCRIPTION - Professional,,$9.99,$0.74,$9.25,$0.00,0,,2024,06-June
cec5226a7107600674854477282acbaa,2024-06-14,Active,,STRIPE,SUBSCRIPTION - Junior Professional,,$2.99,$0.39,$2.60,$0.00,0,,2024,06-June
5f7f81aa7fcbed4aae25a76ebaa958fb,2024-06-14,Active,,DISCORD,SUBSCRIPTION - Junior Professional,,$2.99,$0.30,$2.69,$0.00,0,,2024,06-June
a491c5ce9b4b0e28f56c904e4bc6ffb9,2024-06-14,Ended,,DISCORD,SUBSCRIPTION - Junior Professional,,$2.99,$0.30,$2.69,$0.00,0,,2024,06-June
21bb4a765964e2af1078e470265c6919,2024-06-15,Ended,,DISCORD,SUBSCRIPTION - Junior Professional,,$2.99,$0.30,$2.69,$0.00,0,,2024,06-June
76ae2b43e001549f51ca79d00f5fc113,2024-06-15,Ended,,DISCORD,SUBSCRIPTION - Junior Professional,,$2.99,$0.30,$2.69,$0.00,0,,2024,06-June
ad4727b873e1154b3b6636723f077965,2024-06-15,Ended,,DISCORD,SUBSCRIPTION - Junior Professional,,$2.99,$0.30,$2.69,$0.00,0,,2024,06-June
d89412e6f61173dd2a71f83a65181b38,2024-06-16,,,DISCORD,PRODUCT - Voyage Certificate,V49,$3.99,$0.40,$3.59,$0.00,0,,2024,06-June
478058aae65be026e223edf28f72f5b9,2024-06-16,,,STRIPE,PRODUCT - Voyage Certificate,V49,$3.95,$0.47,$3.48,$0.00,0,,2024,06-June
36bd407c92b9a2d47e6573b7b299d3f7,2024-06-16,,,STRIPE,PRODUCT - Voyage Certificate,V49,$3.99,$0.42,$3.57,$0.00,0,,2024,06-June
5387991b8a99a8c31f69e5bf40aa4f1c,2024-06-16,Active,,DISCORD,SUBSCRIPTION - Junior Professional,,$2.99,$0.30,$2.69,$0.00,0,,2024,06-June
cbe46a8de14bf0e98fe57361f63abb9f,2024-06-16,Ended,,DISCORD,SUBSCRIPTION - Junior Professional,,$2.99,$0.30,$2.69,$0.00,0,,2024,06-June
1febd9e128f0f44bca1e2e573c581128,2024-06-17,,,DISCORD,PRODUCT - Voyage Certificate,V49,$3.99,$0.40,$3.59,$0.00,0,,2024,06-June
2ff8473cffb69e89f6ebe39f698155f8,2024-06-17,Ended,,DISCORD,SUBSCRIPTION - Junior Professional,,$2.99,$0.30,$2.69,$0.00,0,,2024,06-June
5da4c67f6eefe31f9014ac9224059fcc,2024-06-17,,,DISCORD,PRODUCT - Voyage Certificate,V49,$3.99,$0.40,$3.59,$0.00,0,,2024,06-June
3087a640378c425681741372698938c7,2024-06-17,Active,,DISCORD,SUBSCRIPTION - Junior Professional,,$2.99,$0.30,$2.69,$0.00,0,,2024,06-June
4402edf5408d1a31557d562cca3e8e7e,2024-06-17,Active,,DISCORD,SUBSCRIPTION - Junior Professional,,$2.99,$0.30,$2.69,$0.00,0,,2024,06-June
ed9b0457a6d8a5846fd9ab59c21bf6ec,2024-06-17,Active,,DISCORD,SUBSCRIPTION - Senior Professional,,$24.99,$2.50,$22.49,$0.00,0,,2024,06-June
cf937a2b148b142b6ae6e4bc79f5d4bf,2024-06-18,,,BUY ME A COFFEE,DONATION,,$6.00,$0.49,$5.51,$0.00,0,,2024,06-June
e752dd4cd863ce64496cb1fe95d6cf5f,2024-06-18,Active,,STRIPE,SUBSCRIPTION - Junior Professional,,$2.99,$0.43,$2.56,$0.00,0,,2024,06-June
239b078424183516e8cb53509f049e6e,2024-06-18,"Active,Active",,STRIPE,SUBSCRIPTION - Junior Professional,,$2.99,$0.39,$2.60,$0.00,0,,2024,06-June
0b1abdefb0d64fac66764934f0871db7,2024-06-18,Active,,STRIPE,SUBSCRIPTION - Junior Professional,,$2.99,$0.43,$2.56,$0.00,0,,2024,06-June
524a699715291934292e574fe296d37d,2024-06-18,Active,,DISCORD,SUBSCRIPTION - Senior Professional,,$24.99,$2.50,$22.49,$0.00,0,,2024,06-June
6dfda0f5b98594883081641050e194f6,2024-06-18,Active,,DISCORD,SUBSCRIPTION - Junior Professional,,$2.99,$0.30,$2.69,$0.00,0,,2024,06-June
0c96566fbefc1d6122c9f08b67967acf,2024-06-19,Ended,,DISCORD,SUBSCRIPTION - Junior Professional,,$2.99,$0.30,$2.69,$0.00,0,,2024,06-June
17441ddd04e8ee64cf5c1488b97f5fdf,2024-06-19,Ended,,DISCORD,SUBSCRIPTION - Junior Professional,,$2.99,$0.30,$2.69,$0.00,0,,2024,06-June
2d9749de6490b5dccecd288c20c7a82a,2024-06-20,,,DISCORD,PRODUCT - Voyage Certificate,V49,$3.99,$0.40,$3.59,$0.00,0,,2024,06-June
dbb24bc4d6aa397e9a43da5514a5078b,2024-06-20,Active,,STRIPE,SUBSCRIPTION - Junior Professional,,$2.99,$0.39,$2.60,$0.00,0,,2024,06-June
a594eeed8f0d1ff66aa0b22101451c64,2024-06-20,Ended,,DISCORD,SUBSCRIPTION - Professional,,$9.99,$1.00,$8.99,$0.00,0,,2024,06-June
80385db86dd7da799cd210bfbd5d8663,2024-06-21,,,DISCORD,PRODUCT - Voyage Certificate,V49,$3.99,$0.40,$3.59,$0.00,0,,2024,06-June
f496534d89d5d9765f1f7b2e1060d064,2024-06-21,Active,,DISCORD,SUBSCRIPTION - Junior Professional,,$2.99,$0.30,$2.69,$0.00,0,,2024,06-June
f453349a72e46ac37e504f7e7016f713,2024-06-22,,,STRIPE,PRODUCT - Voyage Certificate,V49,$3.99,$0.47,$3.52,$0.00,0,,2024,06-June
9b04cc1e19791f6a3bc904d11f16c317,2024-06-22,Active,,STRIPE,SUBSCRIPTION - Junior Professional,,$2.99,$0.43,$2.56,$0.00,0,,2024,06-June
cd4e1646ec20db3c7112f293fdf4ee0b,2024-06-22,,,BUY ME A COFFEE,DONATION,,$6.00,$0.49,$5.51,$0.00,0,,2024,06-June
4639d3b26d9df6a0c679c3b2c555c953,2024-06-22,,,BUY ME A COFFEE,DONATION,,$70.00,$2.40,$67.60,$0.00,0,,2024,06-June
d0b7b4558103a3ce030fda99c0f8065b,2024-06-22,Active,,DISCORD,SUBSCRIPTION - Junior Professional,,$2.99,$0.30,$2.69,$0.00,0,,2024,06-June
70a0ebefc8b770b6f96be5c8d1d63d88,2024-06-23,,,DISCORD,PRODUCT - Voyage Certificate,V49,$3.99,$0.40,$3.59,$0.00,0,,2024,06-June
a52b1d73d0eb6bc5011cbf81c7d25934,2024-06-23,,,DISCORD,PRODUCT - Voyage Certificate,V49,$3.99,$0.40,$3.59,$0.00,0,,2024,06-June
41aee3001a676ab2fa0c42e8543cd92d,2024-06-23,,,DISCORD,PRODUCT - Voyage Certificate,V49,$3.99,$0.40,$3.59,$0.00,0,,2024,06-June
6d25724b0eb781a8be99428cb68ba384,2024-06-23,Ended,,DISCORD,SUBSCRIPTION - Junior Professional,,$2.99,$0.30,$2.69,$0.00,0,,2024,06-June
de1773e52a551ae22983637faab64510,2024-06-24,Ended,,STRIPE,SUBSCRIPTION - Junior Professional,,$2.99,$0.43,$2.56,$0.00,0,,2024,06-June
d41d8cd98f00b204e9800998ecf8427e,2024-06-24,,Spreadshop sales,SPREADSHOP,MERCHANDISE,,$18.20,$0.00,$18.20,$0.00,0,,2024,06-June
31430e93ed2ec11020ecb449800ede8b,2024-06-26,Ended,,STRIPE,SUBSCRIPTION - Professional,,$9.99,$0.74,$9.25,$0.00,0,,2024,06-June
27cb2bb7eb9c375400faaa1167680674,2024-06-27,,,STRIPE,PRODUCT - Voyage Certificate,V49,$3.95,$0.47,$3.48,$0.00,0,,2024,06-June
410f4486b420211100da036046e5bdf4,2024-06-27,,,DISCORD,PRODUCT - Voyage Certificate,V49,$3.99,$0.40,$3.59,$0.00,0,,2024,06-June
2c0dcccb7bb36e6c724b073acf755fc9,2024-06-29,Active,,DISCORD,SUBSCRIPTION - Junior Professional,,$2.99,$0.43,$2.56,$0.00,0,,2024,06-June
d1d7280b5c3de57ad00a02b872e1f3f2,2024-06-29,Active,,STRIPE,SUBSCRIPTION - Junior Professional,,$2.99,$0.39,$2.60,$0.00,0,,2024,06-June
43479ca4a1ecfd2f2f8c85d7e75810d2,2024-07-01,,,DISCORD,PRODUCT - Voyage Certificate,V49,$3.99,$0.40,$3.59,$0.00,0,,2024,07-July
d209a820a2f3ba6be2a1e26011f60707,2024-07-01,Active,,DISCORD,SUBSCRIPTION - Junior Professional,,$2.99,$0.43,$2.56,$0.00,0,,2024,07-July
bc3e0a0bd0ec9e4346b5a28aed1093da,2024-07-02,,Payment made for jyotirmoydas12@gmail.com,DISCORD,PRODUCT - Voyage Certificate,V49,$3.95,$0.47,$3.48,$0.00,0,,2024,07-July
ec16654715192e1be051404870107589,2024-07-02,Active,,DISCORD,SUBSCRIPTION - Professional,,$9.99,$1.00,$8.99,$0.00,0,,2024,07-July
c12a4269f0d5f022f1051a9147ca1cf7,2024-07-02,Active,,DISCORD,SUBSCRIPTION - Junior Professional,,$2.99,$0.30,$2.69,$0.00,0,,2024,07-July
ee07b9f58b1b65accee17e0f131c2e99,2024-07-03,Ended,,DISCORD,SUBSCRIPTION - Junior Professional,,$2.99,$0.30,$2.69,$0.00,0,,2024,07-July
702d9c1111e1ad2432c01c5c221b2b8e,2024-07-03,Ended,,DISCORD,SUBSCRIPTION - Junior Professional,,$2.99,$0.30,$2.69,$0.00,0,,2024,07-July
5c3a07ebec7d7ab15cfb95c45ac30733,2024-07-04,,,BUY ME A COFFEE,DONATION,,$20.00,$0.91,$19.09,$0.00,0,,2024,07-July
40c4b31fc57d2bb7266b4fc5e8d37c58,2024-07-05,,,BUY ME A COFFEE,DONATION,,$10.00,$0.61,$9.39,$0.00,0,,2024,07-July
36db803e1633fd989c7b8f1581f13539,2024-07-05,Ended,,DISCORD,SUBSCRIPTION - Junior Professional,,$2.99,$0.30,$2.69,$0.00,0,,2024,07-July
ea5fa1202b8ada67332e743b73746041,2024-07-05,Active,,DISCORD,SUBSCRIPTION - Junior Professional,,,$0.30,-$0.30,$0.00,0,,2024,07-July
ea22517add6fe0fd1531e4a70f1a4816,2024-07-06,Ended,,DISCORD,SUBSCRIPTION - Junior Professional,,$2.99,$0.30,$2.69,$0.00,0,,2024,07-July
87953ead92213fea226470b006f22811,2024-07-06,Ended,,DISCORD,SUBSCRIPTION - Junior Professional,,$2.99,$0.30,$2.69,$0.00,0,,2024,07-July
dd165e5f773344655cb15ef4ae9ad10c,2024-07-06,Ended,,DISCORD,SUBSCRIPTION - Junior Professional,,$2.99,$0.30,$2.69,$0.00,0,,2024,07-July
579bb41e60241e7649f44169f996b019,2024-07-08,Active,,STRIPE,SUBSCRIPTION - Junior Professional,,$2.99,$0.39,$2.60,$0.00,0,,2024,07-July
c288f4896e2c79362c9060debe7ce59a,2024-07-08,Ended,,DISCORD,SUBSCRIPTION - Junior Professional,,$2.99,$0.30,$2.69,$0.00,0,,2024,07-July
e00e24f77faf3c77080a96e492a3c398,2024-07-09,Ended,,DISCORD,SUBSCRIPTION - Professional,,$9.99,$1.00,$8.99,$0.00,0,,2024,07-July
b8f92d6817018ab33d53bb8b163f36fc,2024-07-10,,,BUY ME A COFFEE,DONATION,,$50.00,$1.80,$48.20,$0.00,0,,2024,07-July
dca115e8eef4570ae7bcf1b03732e9ae,2024-07-10,Ended,Email used in Strip different from Chingu Application form,STRIPE,SUBSCRIPTION - Junior Professional,,$2.99,$0.43,$2.56,$0.00,0,,2024,07-July
cec5226a7107600674854477282acbaa,2024-07-14,Active,,STRIPE,SUBSCRIPTION - Junior Professional,,$2.99,$0.39,$2.60,$0.00,0,,2024,07-July
a534d012a303b4b06f62d663721793cf,2024-07-14,Active,,DISCORD,SUBSCRIPTION - Junior Professional,,$2.99,$0.30,$2.69,$0.00,0,,2024,07-July
3bdfc1115eeb44ca80eca28ad7bc46ae,2024-07-14,Active,,STRIPE,SUBSCRIPTION - Professional,,$9.99,$0.74,$9.25,$0.00,0,,2024,07-July
5f7f81aa7fcbed4aae25a76ebaa958fb,2024-07-14,Active,,DISCORD,SUBSCRIPTION - Junior Professional,,$2.99,$0.30,$2.69,$0.00,0,,2024,07-July
a491c5ce9b4b0e28f56c904e4bc6ffb9,2024-07-14,Ended,,DISCORD,SUBSCRIPTION - Junior Professional,,$2.99,$0.30,$2.69,$0.00,0,,2024,07-July
21bb4a765964e2af1078e470265c6919,2024-07-15,Ended,,DISCORD,SUBSCRIPTION - Junior Professional,,$2.99,$0.30,$2.69,$0.00,0,,2024,07-July
76ae2b43e001549f51ca79d00f5fc113,2024-07-15,Ended,,DISCORD,SUBSCRIPTION - Junior Professional,,$2.99,$0.30,$2.69,$0.00,0,,2024,07-July
ad4727b873e1154b3b6636723f077965,2024-07-15,Ended,,DISCORD,SUBSCRIPTION - Junior Professional,,$2.99,$0.30,$2.69,$0.00,0,,2024,07-July
8d066b1bba98b153f937e8e39a67be7b,2024-07-16,,,BUY ME A COFFEE,DONATION,,$10.00,$0.61,$9.39,$0.00,0,,2024,07-July
5387991b8a99a8c31f69e5bf40aa4f1c,2024-07-16,Active,,DISCORD,SUBSCRIPTION - Junior Professional,,$2.99,$0.30,$2.69,$0.00,0,,2024,07-July
cbe46a8de14bf0e98fe57361f63abb9f,2024-07-16,Ended,,DISCORD,SUBSCRIPTION - Junior Professional,,$2.99,$0.30,$2.69,$0.00,0,,2024,07-July
3087a640378c425681741372698938c7,2024-07-17,Active,,DISCORD,SUBSCRIPTION - Junior Professional,,$2.99,$0.30,$2.69,$0.00,0,,2024,07-July
4402edf5408d1a31557d562cca3e8e7e,2024-07-17,Active,,DISCORD,SUBSCRIPTION - Junior Professional,,$2.99,$0.30,$2.69,$0.00,0,,2024,07-July
ed9b0457a6d8a5846fd9ab59c21bf6ec,2024-07-17,Active,,DISCORD,SUBSCRIPTION - Senior Professional,,$24.99,$2.50,$22.49,$0.00,0,,2024,07-July
239b078424183516e8cb53509f049e6e,2024-07-18,"Active,Active",,STRIPE,SUBSCRIPTION - Junior Professional,,$2.99,$0.39,$2.60,$0.00,0,,2024,07-July
bd3130e96806a09634aac1ccdf72db13,2024-07-18,,,BUY ME A COFFEE,DONATION,,$10.00,$0.61,$9.39,$0.00,0,,2024,07-July
e752dd4cd863ce64496cb1fe95d6cf5f,2024-07-18,Active,,STRIPE,SUBSCRIPTION - Junior Professional,,$2.99,$0.43,$2.56,$0.00,0,,2024,07-July
524a699715291934292e574fe296d37d,2024-07-18,Active,,DISCORD,SUBSCRIPTION - Senior Professional,,$24.99,$2.50,$22.49,$0.00,0,,2024,07-July
6dfda0f5b98594883081641050e194f6,2024-07-18,Active,,DISCORD,SUBSCRIPTION - Junior Professional,,$2.99,$0.30,$2.69,$0.00,0,,2024,07-July
17441ddd04e8ee64cf5c1488b97f5fdf,2024-07-19,Ended,,DISCORD,SUBSCRIPTION - Junior Professional,,$2.99,$0.30,$2.69,$0.00,0,,2024,07-July
dbb24bc4d6aa397e9a43da5514a5078b,2024-07-20,Active,,STRIPE,SUBSCRIPTION - Junior Professional,,$2.99,$0.39,$2.60,$0.00,0,,2024,07-July
f496534d89d5d9765f1f7b2e1060d064,2024-07-21,Active,,DISCORD,SUBSCRIPTION - Junior Professional,,$2.99,$0.30,$2.69,$0.00,0,,2024,07-July
9b04cc1e19791f6a3bc904d11f16c317,2024-07-22,Active,,STRIPE,SUBSCRIPTION - Junior Professional,,$2.99,$0.43,$2.56,$0.00,0,,2024,07-July
d0b7b4558103a3ce030fda99c0f8065b,2024-07-22,Active,,DISCORD,SUBSCRIPTION - Junior Professional,,$2.99,$0.30,$2.69,$0.00,0,,2024,07-July
0be29220ddb341f3ffe81a8c83ddccd2,2024-07-23,,,BUY ME A COFFEE,DONATION,,$10.00,$0.61,$9.39,$0.00,0,,2024,07-July
31430e93ed2ec11020ecb449800ede8b,2024-07-26,Ended,,STRIPE,SUBSCRIPTION - Professional,,$9.99,$0.74,$9.25,$0.00,0,,2024,07-July
2c0dcccb7bb36e6c724b073acf755fc9,2024-07-29,Active,,DISCORD,SUBSCRIPTION - Junior Professional,,$2.99,$0.43,$2.56,$0.00,0,,2024,07-July
d209a820a2f3ba6be2a1e26011f60707,2024-08-01,Active,,DISCORD,SUBSCRIPTION - Junior Professional,,$2.99,$0.43,$2.56,$0.00,0,,2024,08-August
ec16654715192e1be051404870107589,2024-08-02,Active,,DISCORD,SUBSCRIPTION - Professional,,$9.99,$1.00,$8.99,$0.00,0,,2024,08-August
c12a4269f0d5f022f1051a9147ca1cf7,2024-08-02,Active,,DISCORD,SUBSCRIPTION - Junior Professional,,$2.99,$0.30,$2.69,$0.00,0,,2024,08-August
ee07b9f58b1b65accee17e0f131c2e99,2024-08-03,Ended,,DISCORD,SUBSCRIPTION - Junior Professional,,$2.99,$0.30,$2.69,$0.00,0,,2024,08-August
702d9c1111e1ad2432c01c5c221b2b8e,2024-08-03,Ended,,DISCORD,SUBSCRIPTION - Junior Professional,,$2.99,$0.30,$2.69,$0.00,0,,2024,08-August
3dda0402369cde4ef954c5d0bd2552ae,2024-08-03,Ended,,DISCORD,SUBSCRIPTION - Junior Professional,,$2.99,$0.30,$2.69,$0.00,0,,2024,08-August
36db803e1633fd989c7b8f1581f13539,2024-08-05,Ended,,DISCORD,SUBSCRIPTION - Junior Professional,,$2.99,$0.30,$2.69,$0.00,0,,2024,08-August
ea5fa1202b8ada67332e743b73746041,2024-08-05,Active,,DISCORD,SUBSCRIPTION - Junior Professional,,,$0.30,-$0.30,$0.00,0,,2024,08-August
3b4f795a1d3e1c923d9bbc8d2283b631,2024-08-06,,,STRIPE,PRODUCT - Voyage Certificate,V50,$3.95,$0.47,$3.48,$0.00,0,,2024,08-August
87953ead92213fea226470b006f22811,2024-08-06,Ended,,DISCORD,SUBSCRIPTION - Junior Professional,,$2.99,$0.30,$2.69,$0.00,0,,2024,08-August
dd165e5f773344655cb15ef4ae9ad10c,2024-08-06,Ended,,DISCORD,SUBSCRIPTION - Junior Professional,,$2.99,$0.30,$2.69,$0.00,0,,2024,08-August
579bb41e60241e7649f44169f996b019,2024-08-08,Active,,STRIPE,SUBSCRIPTION - Junior Professional,,$2.99,$0.39,$2.60,$0.00,0,,2024,08-August
c288f4896e2c79362c9060debe7ce59a,2024-08-08,Ended,,DISCORD,SUBSCRIPTION - Junior Professional,,$2.99,$0.30,$2.69,$0.00,0,,2024,08-August
e00e24f77faf3c77080a96e492a3c398,2024-08-09,Ended,,DISCORD,SUBSCRIPTION - Professional,,$9.99,$1.00,$8.99,$0.00,0,,2024,08-August
210afbc4d162f2397ae98f176beeb82c,2024-08-11,,,STRIPE,PRODUCT - Voyage Certificate,V50,$3.99,$0.42,$3.57,$0.00,0,,2024,08-August
da51461548c28f577a8c899ac6a7e7b0,2024-08-11,,,STRIPE,PRODUCT - Voyage Certificate,V50,$3.99,$0.42,$3.57,$0.00,0,,2024,08-August
36bd407c92b9a2d47e6573b7b299d3f7,2024-08-11,,,STRIPE,PRODUCT - Voyage Certificate,V50,$3.99,$0.42,$3.57,$0.00,0,,2024,08-August
a7a1fc00030117f1224401ab2dce522f,2024-08-11,,,STRIPE,PRODUCT - Voyage Certificate,V50,$3.99,$0.48,$3.51,$0.00,0,,2024,08-August
2b4cea01097f1634842138194a2e3dcd,2024-08-11,,,DISCORD,PRODUCT - Voyage Certificate,V50,$3.99,$0.40,$3.59,$0.00,0,,2024,08-August
cec5226a7107600674854477282acbaa,2024-08-14,Active,,STRIPE,SUBSCRIPTION - Junior Professional,,$2.99,$0.39,$2.60,$0.00,0,,2024,08-August
a534d012a303b4b06f62d663721793cf,2024-08-14,Active,,DISCORD,SUBSCRIPTION - Junior Professional,,$2.99,$0.30,$2.69,$0.00,0,,2024,08-August
5f7f81aa7fcbed4aae25a76ebaa958fb,2024-08-14,Active,,DISCORD,SUBSCRIPTION - Junior Professional,,$2.99,$0.30,$2.69,$0.00,0,,2024,08-August
a491c5ce9b4b0e28f56c904e4bc6ffb9,2024-08-14,Ended,,DISCORD,SUBSCRIPTION - Junior Professional,,$2.99,$0.30,$2.69,$0.00,0,,2024,08-August
890cd5debb5b273ee85217c19535e061,2024-08-15,,,DISCORD,PRODUCT - Voyage Certificate,V50,$3.99,$0.40,$3.59,$0.00,0,,2024,08-August
cf937a2b148b142b6ae6e4bc79f5d4bf,2024-08-15,,,DISCORD,PRODUCT - Voyage Certificate,V50,$3.99,$0.40,$3.59,$0.00,0,,2024,08-August
21bb4a765964e2af1078e470265c6919,2024-08-15,Ended,,DISCORD,SUBSCRIPTION - Junior Professional,,$2.99,$0.30,$2.69,$0.00,0,,2024,08-August
ad4727b873e1154b3b6636723f077965,2024-08-15,Ended,,DISCORD,SUBSCRIPTION - Junior Professional,,$2.99,$0.30,$2.69,$0.00,0,,2024,08-August
5387991b8a99a8c31f69e5bf40aa4f1c,2024-08-16,Active,,DISCORD,SUBSCRIPTION - Junior Professional,,$2.99,$0.30,$2.69,$0.00,0,,2024,08-August
3087a640378c425681741372698938c7,2024-08-17,Active,,DISCORD,SUBSCRIPTION - Junior Professional,,$2.99,$0.30,$2.69,$0.00,0,,2024,08-August
4402edf5408d1a31557d562cca3e8e7e,2024-08-17,Active,,DISCORD,SUBSCRIPTION - Junior Professional,,$2.99,$0.30,$2.69,$0.00,0,,2024,08-August
ed9b0457a6d8a5846fd9ab59c21bf6ec,2024-08-17,Active,,DISCORD,SUBSCRIPTION - Senior Professional,,$24.99,$2.50,$22.49,$0.00,0,,2024,08-August
00c627b292f06962dcc156123be86379,2024-08-18,,,DISCORD,PRODUCT - Voyage Certificate,V50,$3.99,$0.40,$3.59,$0.00,0,,2024,08-August
8986827a63360a6a743dd4aa37d30f02,2024-08-18,,,DISCORD,PRODUCT - Voyage Certificate,V50,$3.99,$0.40,$3.59,$0.00,0,,2024,08-August
239b078424183516e8cb53509f049e6e,2024-08-18,"Active,Active",,STRIPE,SUBSCRIPTION - Junior Professional,,$2.99,$0.30,$2.69,$0.00,0,,2024,08-August
64fecc018cbb5ac64c07a1899bfc617d,2024-08-18,,,DISCORD,PRODUCT - Voyage Certificate,V50,$3.99,$0.40,$3.59,$0.00,0,,2024,08-August
18860e77c234019bb3780d218d04f2b5,2024-08-18,,,DISCORD,PRODUCT - Voyage Certificate,,$3.99,$0.40,$3.59,$0.00,0,,2024,08-August
3e877d3c4159f5f622a64f80fd1fd577,2024-08-18,Ended,,DISCORD,SUBSCRIPTION - Junior Professional,,$2.99,$0.30,$2.69,$0.00,0,,2024,08-August
e752dd4cd863ce64496cb1fe95d6cf5f,2024-08-18,Active,,STRIPE,SUBSCRIPTION - Junior Professional,,$2.99,$0.43,$2.56,$0.00,0,,2024,08-August
524a699715291934292e574fe296d37d,2024-08-18,Active,,DISCORD,SUBSCRIPTION - Senior Professional,,$24.99,$2.50,$22.49,$0.00,0,,2024,08-August
6dfda0f5b98594883081641050e194f6,2024-08-18,Active,,DISCORD,SUBSCRIPTION - Junior Professional,,$2.99,$0.30,$2.69,$0.00,0,,2024,08-August
08d752e60fc263e5f89f2be1e8ef279f,2024-08-19,,,DISCORD,PRODUCT - Voyage Certificate,V50,$3.99,$0.40,$3.59,$0.00,0,,2024,08-August
52a23bfbb214c3c7639593dd12fadb59,2024-08-19,,,STRIPE,PRODUCT - Voyage Certificate,V50,$3.99,$0.42,$3.57,$0.00,0,,2024,08-August
17441ddd04e8ee64cf5c1488b97f5fdf,2024-08-19,Ended,,DISCORD,SUBSCRIPTION - Junior Professional,,$2.99,$0.30,$2.69,$0.00,0,,2024,08-August
eee9eca81d0a0515e26762244d500cc1,2024-08-20,,,STRIPE,PRODUCT - Voyage Certificate,V50,$3.99,$0.47,$3.52,$0.00,0,,2024,08-August
dbb24bc4d6aa397e9a43da5514a5078b,2024-08-20,Active,,STRIPE,SUBSCRIPTION - Junior Professional,,$2.99,$0.39,$2.60,$0.00,0,,2024,08-August
c55ec7a82f1cbfcb18d8bbf345bca572,2024-08-20,,,STRIPE,PRODUCT - Voyage Certificate,V50,$3.99,$0.42,$3.57,$0.00,0,,2024,08-August
38c127235c556386f3729cafbad45ff5,2024-08-21,,"Gifted by petrecirceagwork@gmail.com
",DISCORD,PRODUCT - Voyage Certificate,V50,$3.99,$0.40,$3.59,$0.00,0,,2024,08-August
f496534d89d5d9765f1f7b2e1060d064,2024-08-21,Active,,DISCORD,SUBSCRIPTION - Junior Professional,,$2.99,$0.30,$2.69,$0.00,0,,2024,08-August
f453349a72e46ac37e504f7e7016f713,2024-08-21,,,STRIPE,PRODUCT - Voyage Certificate,V50,$3.95,$0.47,$3.48,$0.00,0,,2024,08-August
8c5efffabf90778104d5c18572f3277a,2024-08-22,,,BUY ME A COFFEE,DONATION,,$10.00,$0.61,$9.39,$0.00,0,,2024,08-August
260660a28360d7c8af7f9a9dd4ddd157,2024-08-22,,,BUY ME A COFFEE,DONATION,,$20.00,$0.91,$19.09,$0.00,0,,2024,08-August
d0b7b4558103a3ce030fda99c0f8065b,2024-08-22,Active,,DISCORD,SUBSCRIPTION - Junior Professional,,$2.99,$0.30,$2.69,$0.00,0,,2024,08-August
9b04cc1e19791f6a3bc904d11f16c317,2024-08-22,Active,,STRIPE,SUBSCRIPTION - Junior Professional,,$2.99,$0.43,$2.56,$0.00,0,,2024,08-August
85ccb368bf75cf821665153e4a9cad0d,2024-08-25,,,DISCORD,PRODUCT - Voyage Certificate,V50,$3.99,$0.40,$3.59,$0.00,0,,2024,08-August
33c0c315e814e11d0c415790659c8767,2024-08-25,Ended,,DISCORD,SUBSCRIPTION - Junior Professional,,$2.99,$0.30,$2.69,$0.00,0,,2024,08-August
3f4aab693819240ebfebd2fd35d50ec8,2024-08-29,,,BUY ME A COFFEE,DONATION,,$10.00,$0.61,$9.39,$0.00,0,,2024,08-August
8c5efffabf90778104d5c18572f3277a,2024-08-29,,,BUY ME A COFFEE,DONATION,,$10.00,$0.61,$9.39,$0.00,0,,2024,08-August
2c0dcccb7bb36e6c724b073acf755fc9,2024-08-29,Active,,DISCORD,SUBSCRIPTION - Junior Professional,,$2.99,$0.43,$2.56,$0.00,0,,2024,08-August
1f1b4052778f8652ab9a8319da3adaa8,2024-08-30,Active,,DISCORD,SUBSCRIPTION - Junior Professional,,$2.99,$0.30,$2.69,$0.00,0,,2024,08-August
d209a820a2f3ba6be2a1e26011f60707,2024-09-01,Active,,DISCORD,SUBSCRIPTION - Junior Professional,,$2.99,$0.43,$2.56,$0.00,0,,2024,09-September
ec16654715192e1be051404870107589,2024-09-02,Active,,DISCORD,SUBSCRIPTION - Professional,,$9.99,$1.00,$8.99,$0.00,0,,2024,09-September
c12a4269f0d5f022f1051a9147ca1cf7,2024-09-02,Active,,DISCORD,SUBSCRIPTION - Junior Professional,,$2.99,$0.30,$2.69,$0.00,0,,2024,09-September
96bdab9a67a5d7cfc10cbd9e604befbe,2024-09-03,,,BUY ME A COFFEE,DONATION,,$40.00,$1.50,$38.50,$0.00,0,,2024,09-September
ee07b9f58b1b65accee17e0f131c2e99,2024-09-03,Ended,,DISCORD,SUBSCRIPTION - Junior Professional,,$2.99,$0.30,$2.69,$0.00,0,,2024,09-September
702d9c1111e1ad2432c01c5c221b2b8e,2024-09-03,Ended,,DISCORD,SUBSCRIPTION - Junior Professional,,$2.99,$0.30,$2.69,$0.00,0,,2024,09-September
3dda0402369cde4ef954c5d0bd2552ae,2024-09-03,Ended,,DISCORD,SUBSCRIPTION - Junior Professional,,$2.99,$0.30,$2.69,$0.00,0,,2024,09-September
ddcd31193c5b42ba1ff42f89fd1f56c5,2024-09-04,Ended,,DISCORD,SUBSCRIPTION - Junior Professional,,$2.99,$0.30,$2.69,$0.00,0,,2024,09-September
09ac13a182ab05d87a6de51e2007de10,2024-09-04,"Ended,Ended",,DISCORD,SUBSCRIPTION - Professional,,$9.99,$1.00,$8.99,$0.00,0,,2024,09-September
8c80922881acaa49acb4d1d8156e29a0,2024-09-05,,,DISCORD,DONATION,,$2.00,$0.37,$1.63,$0.00,0,,2024,09-September
9f00c772501f1a1c7b78a0114fc8ab1e,2024-09-05,Active,,DISCORD,SUBSCRIPTION - Junior Professional,,$2.99,$0.30,$2.69,$0.00,0,,2024,09-September
36db803e1633fd989c7b8f1581f13539,2024-09-05,Ended,,DISCORD,SUBSCRIPTION - Junior Professional,,$2.99,$0.30,$2.69,$0.00,0,,2024,09-September
ea5fa1202b8ada67332e743b73746041,2024-09-05,Active,,DISCORD,SUBSCRIPTION - Junior Professional,,,$0.30,-$0.30,$0.00,0,,2024,09-September
dd165e5f773344655cb15ef4ae9ad10c,2024-09-06,Ended,,DISCORD,SUBSCRIPTION - Junior Professional,,$2.99,$0.30,$2.69,$0.00,0,,2024,09-September
760473a6a79bcf4cc906036994cdc75b,2024-09-08,Ended,,DISCORD,SUBSCRIPTION - Professional,,$9.99,$1.00,$8.99,$0.00,0,,2024,09-September
e00e24f77faf3c77080a96e492a3c398,2024-09-09,Ended,,DISCORD,SUBSCRIPTION - Professional,,$9.99,$1.00,$8.99,$0.00,0,,2024,09-September
6d9c1b695fc10fcdbd714028dffb6030,2024-09-10,Active,,DISCORD,SUBSCRIPTION - Junior Professional,,$2.99,$0.30,$2.69,$0.00,0,,2024,09-September
d629e7f0c2d7108a1f800d2a2106ed71,2024-09-12,Active,,STRIPE,SUBSCRIPTION - Junior Professional,,$2.99,$0.43,$2.56,$0.00,0,,2024,09-September
615a48a403869e9f4f5630da8f847551,2024-09-14,,,BUY ME A COFFEE,DONATION,,$100.00,$3.30,$96.70,$0.00,0,,2024,09-September
cec5226a7107600674854477282acbaa,2024-09-14,Active,,STRIPE,SUBSCRIPTION - Junior Professional,,$2.99,$0.39,$2.60,$0.00,0,,2024,09-September
a534d012a303b4b06f62d663721793cf,2024-09-14,Active,,DISCORD,SUBSCRIPTION - Junior Professional,,$2.99,$0.30,$2.69,$0.00,0,,2024,09-September
5f7f81aa7fcbed4aae25a76ebaa958fb,2024-09-14,Active,,DISCORD,SUBSCRIPTION - Junior Professional,,$2.99,$0.30,$2.69,$0.00,0,,2024,09-September
a491c5ce9b4b0e28f56c904e4bc6ffb9,2024-09-14,Ended,,DISCORD,SUBSCRIPTION - Junior Professional,,$2.99,$0.30,$2.69,$0.00,0,,2024,09-September
ad4727b873e1154b3b6636723f077965,2024-09-15,Ended,,DISCORD,SUBSCRIPTION - Junior Professional,,$2.99,$0.30,$2.69,$0.00,0,,2024,09-September
5387991b8a99a8c31f69e5bf40aa4f1c,2024-09-16,Active,,DISCORD,SUBSCRIPTION - Junior Professional,,$2.99,$0.30,$2.69,$0.00,0,,2024,09-September
3087a640378c425681741372698938c7,2024-09-17,Active,,DISCORD,SUBSCRIPTION - Junior Professional,,$2.99,$0.30,$2.69,$0.00,0,,2024,09-September
4402edf5408d1a31557d562cca3e8e7e,2024-09-17,Active,,DISCORD,SUBSCRIPTION - Junior Professional,,$2.99,$0.30,$2.69,$0.00,0,,2024,09-September
ed9b0457a6d8a5846fd9ab59c21bf6ec,2024-09-17,Active,,DISCORD,SUBSCRIPTION - Senior Professional,,$24.99,$2.50,$22.49,$0.00,0,,2024,09-September
239b078424183516e8cb53509f049e6e,2024-09-18,"Active,Active",,STRIPE,SUBSCRIPTION - Junior Professional,,$2.99,$0.30,$2.69,$0.00,0,,2024,09-September
e752dd4cd863ce64496cb1fe95d6cf5f,2024-09-18,Active,,STRIPE,SUBSCRIPTION - Junior Professional,,$2.99,$0.43,$2.56,$0.00,0,,2024,09-September
3e877d3c4159f5f622a64f80fd1fd577,2024-09-18,Ended,,DISCORD,SUBSCRIPTION - Junior Professional,,$2.99,$0.30,$2.69,$0.00,0,,2024,09-September
524a699715291934292e574fe296d37d,2024-09-18,Active,,DISCORD,SUBSCRIPTION - Senior Professional,,$24.99,$2.50,$22.49,$0.00,0,,2024,09-September
6dfda0f5b98594883081641050e194f6,2024-09-18,Active,,DISCORD,SUBSCRIPTION - Junior Professional,,$2.99,$0.30,$2.69,$0.00,0,,2024,09-September
044fb6bf6c427216e5f605b03a734a4b,2024-09-19,,,BUY ME A COFFEE,DONATION,,$10.00,$0.61,$9.39,$0.00,0,,2024,09-September
17441ddd04e8ee64cf5c1488b97f5fdf,2024-09-19,Ended,,DISCORD,SUBSCRIPTION - Junior Professional,,$2.99,$0.30,$2.69,$0.00,0,,2024,09-September
f496534d89d5d9765f1f7b2e1060d064,2024-09-21,Active,,DISCORD,SUBSCRIPTION - Junior Professional,,$2.99,$0.30,$2.69,$0.00,0,,2024,09-September
9b04cc1e19791f6a3bc904d11f16c317,2024-09-22,Active,,STRIPE,SUBSCRIPTION - Junior Professional,,$2.99,$0.43,$2.56,$0.00,0,,2024,09-September
d0b7b4558103a3ce030fda99c0f8065b,2024-09-22,Active,,DISCORD,SUBSCRIPTION - Junior Professional,,$2.99,$0.30,$2.69,$0.00,0,,2024,09-September
20e144962e84c91e3f7329833e806e9c,2024-09-23,,,BUY ME A COFFEE,DONATION,,$2.00,$0.37,$1.63,$0.00,0,,2024,09-September
33c0c315e814e11d0c415790659c8767,2024-09-25,Ended,,DISCORD,SUBSCRIPTION - Junior Professional,,$2.99,$0.30,$2.69,$0.00,0,,2024,09-September
b637c7748f1f3f88ededa9dace09572b,2024-09-26,,,BUY ME A COFFEE,DONATION,,$20.00,$0.91,$19.09,$0.00,0,,2024,09-September
b637c7748f1f3f88ededa9dace09572b,2024-09-26,,,BUY ME A COFFEE,PRODUCT - Voyage Certificate,V51,$0.00,$0.00,$0.00,$0.00,0,,2024,09-September
2c0dcccb7bb36e6c724b073acf755fc9,2024-09-29,Active,,DISCORD,SUBSCRIPTION - Junior Professional,,$2.99,$0.43,$2.56,$0.00,0,,2024,09-September
d209a820a2f3ba6be2a1e26011f60707,2024-10-01,Active,,DISCORD,SUBSCRIPTION - Junior Professional,,$2.99,$0.43,$2.56,$0.00,0,,2024,10-October
ec16654715192e1be051404870107589,2024-10-02,Active,,DISCORD,SUBSCRIPTION - Professional,,$9.99,$1.00,$8.99,$0.00,0,,2024,10-October
c12a4269f0d5f022f1051a9147ca1cf7,2024-10-02,Active,,DISCORD,SUBSCRIPTION - Junior Professional,,$2.99,$0.30,$2.69,$0.00,0,,2024,10-October
702d9c1111e1ad2432c01c5c221b2b8e,2024-10-03,Ended,,DISCORD,SUBSCRIPTION - Junior Professional,,$2.99,$0.30,$2.69,$0.00,0,,2024,10-October
ddcd31193c5b42ba1ff42f89fd1f56c5,2024-10-04,Ended,,DISCORD,SUBSCRIPTION - Junior Professional,,$2.99,$0.30,$2.69,$0.00,0,,2024,10-October
09ac13a182ab05d87a6de51e2007de10,2024-10-04,Ended,,DISCORD,SUBSCRIPTION - Professional,,$9.99,$1.00,$8.99,$0.00,0,,2024,10-October
9f00c772501f1a1c7b78a0114fc8ab1e,2024-10-05,Active,,DISCORD,SUBSCRIPTION - Junior Professional,,$2.99,$0.30,$2.69,$0.00,0,,2024,10-October
ea5fa1202b8ada67332e743b73746041,2024-10-05,Active,,DISCORD,SUBSCRIPTION - Junior Professional,,,$0.30,-$0.30,$0.00,0,,2024,10-October
d105ccdcecf860e12b16f2299d9cd83b,2024-10-06,,,STRIPE,PRODUCT - Voyage Certificate,V51,$3.99,$0.48,$3.51,$0.00,0,,2024,10-October
dd165e5f773344655cb15ef4ae9ad10c,2024-10-06,Ended,,DISCORD,SUBSCRIPTION - Junior Professional,,$2.99,$0.30,$2.69,$0.00,0,,2024,10-October
90153052209ab9d0c1b4ff9d0ca80f58,2024-10-08,Ended,,DISCORD,SUBSCRIPTION - Junior Professional,,$2.99,$0.30,$2.69,$0.00,0,,2024,10-October
760473a6a79bcf4cc906036994cdc75b,2024-10-08,Ended,,DISCORD,SUBSCRIPTION - Professional,,$9.99,$1.00,$8.99,$0.00,0,,2024,10-October
e00e24f77faf3c77080a96e492a3c398,2024-10-09,Ended,,DISCORD,SUBSCRIPTION - Professional,,$9.99,$1.00,$8.99,$0.00,0,,2024,10-October
6d9c1b695fc10fcdbd714028dffb6030,2024-10-10,Active,,DISCORD,SUBSCRIPTION - Junior Professional,,$2.99,$0.30,$2.69,$0.00,0,,2024,10-October
d629e7f0c2d7108a1f800d2a2106ed71,2024-10-12,Active,,STRIPE,SUBSCRIPTION - Junior Professional,,$2.99,$0.43,$2.56,$0.00,0,,2024,10-October
78c50e925d524b65d4ccf7c1d7104aac,2024-10-13,Active,,DISCORD,SUBSCRIPTION - Junior Professional,,$2.99,$0.30,$2.69,$0.00,0,,2024,10-October
0b157712b11305ce0410c1e61464b8b7,2024-10-13,Ended,,STRIPE,SUBSCRIPTION - Junior Professional,,$2.99,$0.43,$2.56,$0.00,0,,2024,10-October
1a9fa479aac52b40020117ef9ebac1aa,2024-10-13,,,STRIPE,PRODUCT - Voyage Certificate,V51,$3.99,$0.42,$3.57,$0.00,0,,2024,10-October
3ec99a3a145494ddf030f15506dd9c25,2024-10-13,Ended,,DISCORD,SUBSCRIPTION - Junior Professional,,$2.99,$0.30,$2.69,$0.00,0,,2024,10-October
d0b1c797f5469cda42532422cf114a09,2024-10-13,,,STRIPE,PRODUCT - Voyage Certificate,V51,$3.99,$0.42,$3.57,$0.00,0,,2024,10-October
661d905e512ecdcf9d91a94c275f483b,2024-10-13,Active,,DISCORD,SUBSCRIPTION - Junior Professional,,$2.99,$0.30,$2.69,$0.00,0,,2024,10-October
80385db86dd7da799cd210bfbd5d8663,2024-10-13,,,DISCORD,PRODUCT - Voyage Certificate,V51,$0.00,$0.00,$0.00,$0.00,0,,2024,10-October
0e6544d3a66d0736c7280b14fbe8a98c,2024-10-14,,,STRIPE,PRODUCT - Voyage Certificate,V51,$3.99,$0.42,$3.57,$0.00,0,,2024,10-October
cec5226a7107600674854477282acbaa,2024-10-14,Active,,STRIPE,SUBSCRIPTION - Junior Professional,,$2.99,$0.39,$2.60,$0.00,0,,2024,10-October
bd82ff08fcf7118243044f38e8ff24e7,2024-10-14,,,STRIPE,PRODUCT - Voyage Certificate,V51,$3.99,$0.42,$3.57,$0.00,0,,2024,10-October
135de239ec7d061340d8ab4f25360ac9,2024-10-14,,,STRIPE,PRODUCT - Voyage Certificate,V51,$3.99,$0.42,$3.57,$0.00,0,,2024,10-October
a534d012a303b4b06f62d663721793cf,2024-10-14,Active,,DISCORD,SUBSCRIPTION - Junior Professional,,$2.99,$0.30,$2.69,$0.00,0,,2024,10-October
5f7f81aa7fcbed4aae25a76ebaa958fb,2024-10-14,Active,,DISCORD,SUBSCRIPTION - Junior Professional,,$2.99,$0.30,$2.69,$0.00,0,,2024,10-October
cf8f662fb905a3761548530afce9a088,2024-10-15,,,BUY ME A COFFEE,DONATION,,$20.00,$0.91,$19.09,$0.00,0,,2024,10-October
ad4727b873e1154b3b6636723f077965,2024-10-15,Ended,,DISCORD,SUBSCRIPTION - Junior Professional,,$2.99,$0.30,$2.69,$0.00,0,,2024,10-October
3e877d3c4159f5f622a64f80fd1fd577,2024-10-15,Ended,,DISCORD,SUBSCRIPTION - Professional,,$9.99,$1.00,$8.99,$0.00,0,,2024,10-October
5c3a07ebec7d7ab15cfb95c45ac30733,2024-10-16,,,STRIPE,PRODUCT - Voyage Certificate,V51,$3.99,$0.48,$3.51,$0.00,0,,2024,10-October
5387991b8a99a8c31f69e5bf40aa4f1c,2024-10-16,Active,,DISCORD,SUBSCRIPTION - Junior Professional,,$2.99,$0.30,$2.69,$0.00,0,,2024,10-October
bf8980e66b1cbd9c34e35c7c2794c45a,2024-10-16,Active,,DISCORD,SUBSCRIPTION - Junior Professional,,$2.99,$0.30,$2.69,$0.00,0,,2024,10-October
3087a640378c425681741372698938c7,2024-10-17,Active,,DISCORD,SUBSCRIPTION - Junior Professional,,$2.99,$0.30,$2.69,$0.00,0,,2024,10-October
4402edf5408d1a31557d562cca3e8e7e,2024-10-17,Active,,DISCORD,SUBSCRIPTION - Junior Professional,,$2.99,$0.30,$2.69,$0.00,0,,2024,10-October
ed9b0457a6d8a5846fd9ab59c21bf6ec,2024-10-17,Active,,DISCORD,SUBSCRIPTION - Senior Professional,,$24.99,$2.50,$22.49,$0.00,0,,2024,10-October
239b078424183516e8cb53509f049e6e,2024-10-18,"Active,Active",,STRIPE,SUBSCRIPTION - Junior Professional,,$2.99,$0.30,$2.69,$0.00,0,,2024,10-October
e752dd4cd863ce64496cb1fe95d6cf5f,2024-10-18,Active,,STRIPE,SUBSCRIPTION - Junior Professional,,$2.99,$0.43,$2.56,$0.00,0,,2024,10-October
524a699715291934292e574fe296d37d,2024-10-18,Active,,DISCORD,SUBSCRIPTION - Senior Professional,,$24.99,$2.50,$22.49,$0.00,0,,2024,10-October
6dfda0f5b98594883081641050e194f6,2024-10-18,Active,,DISCORD,SUBSCRIPTION - Junior Professional,,$2.99,$0.30,$2.69,$0.00,0,,2024,10-October
17441ddd04e8ee64cf5c1488b97f5fdf,2024-10-19,Ended,,DISCORD,SUBSCRIPTION - Junior Professional,,$2.99,$0.30,$2.69,$0.00,0,,2024,10-October
32550a4360de77df06f8b56a1efc23c0,2024-10-20,Ended,,DISCORD,SUBSCRIPTION - Junior Professional,,$2.99,$0.30,$2.69,$0.00,0,,2024,10-October
4e3e4a5fbb44caf6aa779a71ff3fdceb,2024-10-20,,,STRIPE,PRODUCT - Voyage Certificate,V51,$3.95,$0.47,$3.48,$0.00,0,,2024,10-October
2c0dcccb7bb36e6c724b073acf755fc9,2024-10-20,,,DISCORD,PRODUCT - Voyage Certificate,V51,$0.00,$0.00,$0.00,$0.00,0,,2024,10-October
2b4cea01097f1634842138194a2e3dcd,2024-10-21,,,DISCORD,PRODUCT - Voyage Certificate,V51,$0.00,$0.00,$0.00,$0.00,0,,2024,10-October
bb75f534b0b89025733576adef0c696a,2024-10-21,,,DISCORD,PRODUCT - Voyage Certificate,V51,$0.00,$0.00,$0.00,$0.00,0,,2024,10-October
bd3130e96806a09634aac1ccdf72db13,2024-10-21,,,DISCORD,PRODUCT - Voyage Certificate,V51,$0.00,$0.00,$0.00,$0.00,0,,2024,10-October
71548963c25b90d01c3c3e03903544cb,2024-10-21,,,DISCORD,PRODUCT - Voyage Certificate,V51,$0.00,$0.00,$0.00,$0.00,0,,2024,10-October
ff4d0bbecb9b80e24dcb2176c12732c4,2024-10-21,,,DISCORD,PRODUCT - Voyage Certificate,V51,$0.00,$0.00,$0.00,$0.00,0,,2024,10-October
3a7680e24c4069e2c08581a522d14763,2024-10-21,,,DISCORD,PRODUCT - Voyage Certificate,V51,$0.00,$0.00,$0.00,$0.00,0,,2024,10-October
9e071efa7acbcae6b6182598da3f4b32,2024-10-21,,,DISCORD,PRODUCT - Voyage Certificate,V51,$0.00,$0.00,$0.00,$0.00,0,,2024,10-October
c68d13fb63fe71d01de84f68a2df1702,2024-10-21,,,DISCORD,PRODUCT - Voyage Certificate,V51,$0.00,$0.00,$0.00,$0.00,0,,2024,10-October
e491313c13121f5e68a873968b548f9a,2024-10-21,,,DISCORD,PRODUCT - Voyage Certificate,V51,$0.00,$0.00,$0.00,$0.00,0,,2024,10-October
f7fa2604ae454240ba1868169804e53b,2024-10-21,,,DISCORD,PRODUCT - Voyage Certificate,V51,$0.00,$0.00,$0.00,$0.00,0,,2024,10-October
f496534d89d5d9765f1f7b2e1060d064,2024-10-21,Active,,DISCORD,SUBSCRIPTION - Junior Professional,,$2.99,$0.30,$2.69,$0.00,0,,2024,10-October
b4e4f60f80a7127ecc5b8d039b2c6d49,2024-10-22,,,BUY ME A COFFEE,DONATION,,$6.00,$0.49,$5.51,$0.00,0,,2024,10-October
9b04cc1e19791f6a3bc904d11f16c317,2024-10-22,Active,,STRIPE,SUBSCRIPTION - Junior Professional,,$2.99,$0.43,$2.56,$0.00,0,,2024,10-October
d0b7b4558103a3ce030fda99c0f8065b,2024-10-22,Active,,DISCORD,SUBSCRIPTION - Junior Professional,,$2.99,$0.30,$2.69,$0.00,0,,2024,10-October
a0165649c828fb57e2cb3baa86575c03,2024-10-24,Active,,STRIPE,SUBSCRIPTION - Junior Professional,,$2.99,$0.39,$2.60,$0.00,0,,2024,10-October
34cba949f8966e20f7484bb5fde8e7dc,2024-10-24,Active,,DISCORD,SUBSCRIPTION - Junior Professional,,$2.99,$0.30,$2.69,$0.00,0,,2024,10-October
17564db6ceefeecfa3882d781eedba50,2024-10-24,Ended,,DISCORD,SUBSCRIPTION - Junior Professional,,$2.99,$0.30,$2.69,$0.00,0,,2024,10-October
33c0c315e814e11d0c415790659c8767,2024-10-25,Ended,,DISCORD,SUBSCRIPTION - Junior Professional,,$2.99,$0.30,$2.69,$0.00,0,,2024,10-October
4c1459a4f36f748f4d9be35761d1c89e,2024-10-26,,,STRIPE,PRODUCT - Voyage Certificate,V51,$3.99,$0.48,$3.51,$0.00,0,,2024,10-October
90ac76ff8fa43771b74220cf039dd78d,2024-10-27,,,DISCORD,PRODUCT - Voyage Certificate,V51,$3.99,$0.40,$3.59,$0.00,0,,2024,10-October
b637c7748f1f3f88ededa9dace09572b,2024-10-29,,,DISCORD,DONATION,,$10.00,$0.61,$9.39,$0.00,0,,2024,10-October
2c0dcccb7bb36e6c724b073acf755fc9,2024-10-29,Active,,DISCORD,SUBSCRIPTION - Junior Professional,,$2.99,$0.43,$2.56,$0.00,0,,2024,10-October
09ac13a182ab05d87a6de51e2007de10,2024-11-01,Ended,,DISCORD,SUBSCRIPTION - Professional,,$9.99,$1.00,$8.99,$0.00,0,,2024,11-November
d209a820a2f3ba6be2a1e26011f60707,2024-11-01,Active,,DISCORD,SUBSCRIPTION - Junior Professional,,$2.99,$0.43,$2.56,$0.00,0,,2024,11-November
fd156bd6e7dd15f87eac8d5fd54bac36,2024-11-02,,,DISCORD,PRODUCT - Voyage Certificate,V51,$3.99,$0.40,$3.59,$0.00,0,,2024,11-November
ec16654715192e1be051404870107589,2024-11-02,Active,,DISCORD,SUBSCRIPTION - Professional,,$9.99,$1.00,$8.99,$0.00,0,,2024,11-November
c12a4269f0d5f022f1051a9147ca1cf7,2024-11-02,Active,,DISCORD,SUBSCRIPTION - Junior Professional,,$2.99,$0.30,$2.69,$0.00,0,,2024,11-November
702d9c1111e1ad2432c01c5c221b2b8e,2024-11-03,Ended,,DISCORD,SUBSCRIPTION - Junior Professional,,$2.99,$0.30,$2.69,$0.00,0,,2024,11-November
ddcd31193c5b42ba1ff42f89fd1f56c5,2024-11-04,Ended,,DISCORD,SUBSCRIPTION - Junior Professional,,$2.99,$0.30,$2.69,$0.00,0,,2024,11-November
fb5e11dcbcbdb3bfaf78cb48e43a4ebe,2024-11-05,Ended,,DISCORD,SUBSCRIPTION - Junior Professional,V47,$2.99,$0.30,$2.69,$0.00,0,,2024,11-November
9f00c772501f1a1c7b78a0114fc8ab1e,2024-11-05,Active,,DISCORD,SUBSCRIPTION - Junior Professional,,$2.99,$0.30,$2.69,$0.00,0,,2024,11-November
ea5fa1202b8ada67332e743b73746041,2024-11-05,Active,,DISCORD,SUBSCRIPTION - Junior Professional,,,$0.30,-$0.30,$0.00,0,,2024,11-November
47d2df08470a8b547dace5d4e5a8c6d8,2024-11-06,,,DISCORD,PRODUCT - Voyage Certificate,V52,$3.99,$0.40,$3.59,$0.00,0,,2024,11-November
6d9c1b695fc10fcdbd714028dffb6030,2024-11-06,,,STRIPE,PRODUCT - Voyage Certificate,V49,$3.99,$0.42,$3.57,$0.00,0,,2024,11-November
6d9c1b695fc10fcdbd714028dffb6030,2024-11-06,,,STRIPE,PRODUCT - Voyage Certificate,V50,$3.99,$0.42,$3.57,$0.00,0,,2024,11-November
90153052209ab9d0c1b4ff9d0ca80f58,2024-11-08,Ended,,DISCORD,SUBSCRIPTION - Junior Professional,,$2.99,$0.30,$2.69,$0.00,0,,2024,11-November
760473a6a79bcf4cc906036994cdc75b,2024-11-08,Ended,,DISCORD,SUBSCRIPTION - Professional,,$9.99,$1.00,$8.99,$0.00,0,,2024,11-November
e00e24f77faf3c77080a96e492a3c398,2024-11-09,Ended,,DISCORD,SUBSCRIPTION - Professional,,$9.99,$1.00,$8.99,$0.00,0,,2024,11-November
6d9c1b695fc10fcdbd714028dffb6030,2024-11-10,Active,,DISCORD,SUBSCRIPTION - Junior Professional,,$2.99,$0.30,$2.69,$0.00,0,,2024,11-November
d629e7f0c2d7108a1f800d2a2106ed71,2024-11-12,Active,,STRIPE,SUBSCRIPTION - Junior Professional,,$2.99,$0.43,$2.56,$0.00,0,,2024,11-November
78c50e925d524b65d4ccf7c1d7104aac,2024-11-13,Active,,DISCORD,SUBSCRIPTION - Junior Professional,,$2.99,$0.30,$2.69,$0.00,0,,2024,11-November
3ec99a3a145494ddf030f15506dd9c25,2024-11-13,Ended,,DISCORD,SUBSCRIPTION - Junior Professional,,$2.99,$0.30,$2.69,$0.00,0,,2024,11-November
661d905e512ecdcf9d91a94c275f483b,2024-11-13,Active,,DISCORD,SUBSCRIPTION - Junior Professional,,$2.99,$0.30,$2.69,$0.00,0,,2024,11-November
5b288bd2a5c29dd4a83f6f7355096700,2024-11-14,Active,,DISCORD,SUBSCRIPTION - Junior Professional,,$2.99,$0.30,$2.69,$0.00,0,,2024,11-November
cec5226a7107600674854477282acbaa,2024-11-14,Active,,STRIPE,SUBSCRIPTION - Junior Professional,,$2.99,$0.39,$2.60,$0.00,0,,2024,11-November
a534d012a303b4b06f62d663721793cf,2024-11-14,Active,,DISCORD,SUBSCRIPTION - Junior Professional,,$2.99,$0.30,$2.69,$0.00,0,,2024,11-November
5f7f81aa7fcbed4aae25a76ebaa958fb,2024-11-14,Active,,DISCORD,SUBSCRIPTION - Junior Professional,,$2.99,$0.30,$2.69,$0.00,0,,2024,11-November
ad4727b873e1154b3b6636723f077965,2024-11-15,Ended,,DISCORD,SUBSCRIPTION - Junior Professional,,$2.99,$0.30,$2.69,$0.00,0,,2024,11-November
3e877d3c4159f5f622a64f80fd1fd577,2024-11-15,Ended,,DISCORD,SUBSCRIPTION - Professional,,$9.99,$1.00,$8.99,$0.00,0,,2024,11-November
5387991b8a99a8c31f69e5bf40aa4f1c,2024-11-16,Active,,DISCORD,SUBSCRIPTION - Junior Professional,,$2.99,$0.30,$2.69,$0.00,0,,2024,11-November
bf8980e66b1cbd9c34e35c7c2794c45a,2024-11-16,Active,,DISCORD,SUBSCRIPTION - Junior Professional,,$2.99,$0.30,$2.69,$0.00,0,,2024,11-November
239b078424183516e8cb53509f049e6e,2024-11-18,"Active,Active",,STRIPE,SUBSCRIPTION - Junior Professional,,$2.99,$0.30,$2.69,$0.00,0,,2024,11-November
e752dd4cd863ce64496cb1fe95d6cf5f,2024-11-18,Active,,STRIPE,SUBSCRIPTION - Junior Professional,,$2.99,$0.43,$2.56,$0.00,0,,2024,11-November
524a699715291934292e574fe296d37d,2024-11-18,Active,,DISCORD,SUBSCRIPTION - Senior Professional,,$24.99,$2.50,$22.49,$0.00,0,,2024,11-November
6dfda0f5b98594883081641050e194f6,2024-11-18,Active,,DISCORD,SUBSCRIPTION - Junior Professional,,$2.99,$0.30,$2.69,$0.00,0,,2024,11-November
17441ddd04e8ee64cf5c1488b97f5fdf,2024-11-19,Ended,,DISCORD,SUBSCRIPTION - Junior Professional,,$2.99,$0.30,$2.69,$0.00,0,,2024,11-November
32550a4360de77df06f8b56a1efc23c0,2024-11-20,Ended,,DISCORD,SUBSCRIPTION - Junior Professional,,$2.99,$0.30,$2.69,$0.00,0,,2024,11-November
daeb69b4f2bcfc78524d167b76ff87e0,2024-11-21,Active,,STRIPE,SUBSCRIPTION - Junior Professional,,$2.99,$0.36,$2.63,$0.00,0,,2024,11-November
f496534d89d5d9765f1f7b2e1060d064,2024-11-21,Active,,DISCORD,SUBSCRIPTION - Junior Professional,,$2.99,$0.30,$2.69,$0.00,0,,2024,11-November
9b04cc1e19791f6a3bc904d11f16c317,2024-11-22,Active,,STRIPE,SUBSCRIPTION - Junior Professional,,$2.99,$0.43,$2.56,$0.00,0,,2024,11-November
d0b7b4558103a3ce030fda99c0f8065b,2024-11-22,Active,,DISCORD,SUBSCRIPTION - Junior Professional,,$2.99,$0.30,$2.69,$0.00,0,,2024,11-November
a0165649c828fb57e2cb3baa86575c03,2024-11-24,Active,,STRIPE,SUBSCRIPTION - Junior Professional,,$2.99,$0.39,$2.60,$0.00,0,,2024,11-November
34cba949f8966e20f7484bb5fde8e7dc,2024-11-24,Active,,DISCORD,SUBSCRIPTION - Junior Professional,,$2.99,$0.30,$2.69,$0.00,0,,2024,11-November
17564db6ceefeecfa3882d781eedba50,2024-11-24,Ended,,DISCORD,SUBSCRIPTION - Junior Professional,,$2.99,$0.30,$2.69,$0.00,0,,2024,11-November
33c0c315e814e11d0c415790659c8767,2024-11-25,Ended,,DISCORD,SUBSCRIPTION - Junior Professional,,$2.99,$0.30,$2.69,$0.00,0,,2024,11-November
44d7a410978a1e53a2b5cafbaad8d5ca,2024-11-27,Ended,,DISCORD,SUBSCRIPTION - Junior Professional,,$2.99,$0.30,$2.69,$0.00,0,,2024,11-November
2c0dcccb7bb36e6c724b073acf755fc9,2024-11-29,Active,,DISCORD,SUBSCRIPTION - Junior Professional,,$2.99,$0.43,$2.56,$0.00,0,,2024,11-November
d209a820a2f3ba6be2a1e26011f60707,2024-12-01,Active,,DISCORD,SUBSCRIPTION - Junior Professional,,$2.99,$0.43,$2.56,$0.00,0,,2024,12-December
ec16654715192e1be051404870107589,2024-12-02,Active,,DISCORD,SUBSCRIPTION - Professional,,$9.99,$1.00,$8.99,$0.00,0,,2024,12-December
c12a4269f0d5f022f1051a9147ca1cf7,2024-12-02,Active,,DISCORD,SUBSCRIPTION - Junior Professional,,$2.99,$0.30,$2.69,$0.00,0,,2024,12-December
702d9c1111e1ad2432c01c5c221b2b8e,2024-12-03,Ended,,DISCORD,SUBSCRIPTION - Junior Professional,,$2.99,$0.30,$2.69,$0.00,0,,2024,12-December
ddcd31193c5b42ba1ff42f89fd1f56c5,2024-12-04,Ended,,DISCORD,SUBSCRIPTION - Junior Professional,,$2.99,$0.30,$2.69,$0.00,0,,2024,12-December
3d7528b4b53265d0c9064cf34eb75829,2024-12-05,Active,,STRIPE,SUBSCRIPTION - Junior Professional,,$2.99,$0.39,$2.60,$0.00,0,,2024,12-December
fb5e11dcbcbdb3bfaf78cb48e43a4ebe,2024-12-05,Ended,,DISCORD,SUBSCRIPTION - Junior Professional,V47,$2.99,$0.30,$2.69,$0.00,0,,2024,12-December
9f00c772501f1a1c7b78a0114fc8ab1e,2024-12-05,Active,,DISCORD,SUBSCRIPTION - Junior Professional,,$2.99,$0.30,$2.69,$0.00,0,,2024,12-December
ea5fa1202b8ada67332e743b73746041,2024-12-05,Active,,DISCORD,SUBSCRIPTION - Junior Professional,,$2.99,$0.30,$2.69,$0.00,0,,2024,12-December
2a1bd08e01a9796fe8957459ac018421,2024-12-08,Active,,STRIPE,SUBSCRIPTION - Junior Professional,,$2.99,$0.39,$2.60,$0.00,0,,2024,12-December
760473a6a79bcf4cc906036994cdc75b,2024-12-08,Ended,,DISCORD,SUBSCRIPTION - Professional,,$9.99,$1.00,$8.99,$0.00,0,,2024,12-December
cb0fffc421a7f54bd7428a1fc5beca1b,2024-12-09,,,SCRIMBA,AFFILIATE,,$136.47,$0.00,$136.47,$0.00,0,,2024,12-December
e00e24f77faf3c77080a96e492a3c398,2024-12-09,Ended,,DISCORD,SUBSCRIPTION - Professional,,$9.99,$1.00,$8.99,$0.00,0,,2024,12-December
6d9c1b695fc10fcdbd714028dffb6030,2024-12-10,Active,,DISCORD,SUBSCRIPTION - Junior Professional,,$2.99,$0.30,$2.69,$0.00,0,,2024,12-December
ed79379867c8341c2260ae7dc3fbfaf3,2024-12-11,Ended,,DISCORD,SUBSCRIPTION - Junior Professional,,$2.99,$0.30,$2.69,$0.00,0,,2024,12-December
d629e7f0c2d7108a1f800d2a2106ed71,2024-12-12,Active,,STRIPE,SUBSCRIPTION - Junior Professional,,$2.99,$0.43,$2.56,$0.00,0,,2024,12-December
78c50e925d524b65d4ccf7c1d7104aac,2024-12-13,Active,,DISCORD,SUBSCRIPTION - Junior Professional,,$2.99,$0.30,$2.69,$0.00,0,,2024,12-December
661d905e512ecdcf9d91a94c275f483b,2024-12-13,Active,,DISCORD,SUBSCRIPTION - Junior Professional,,$2.99,$0.30,$2.69,$0.00,0,,2024,12-December
5b288bd2a5c29dd4a83f6f7355096700,2024-12-14,Active,,DISCORD,SUBSCRIPTION - Junior Professional,,$2.99,$0.30,$2.69,$0.00,0,,2024,12-December
cec5226a7107600674854477282acbaa,2024-12-14,Active,,STRIPE,SUBSCRIPTION - Junior Professional,,$2.99,$0.39,$2.60,$0.00,0,,2024,12-December
a534d012a303b4b06f62d663721793cf,2024-12-14,Active,,DISCORD,SUBSCRIPTION - Junior Professional,,$2.99,$0.30,$2.69,$0.00,0,,2024,12-December
5f7f81aa7fcbed4aae25a76ebaa958fb,2024-12-14,Active,,DISCORD,SUBSCRIPTION - Junior Professional,,$2.99,$0.30,$2.69,$0.00,0,,2024,12-December
ec224d211b11e83f061c41254d3f9346,2024-12-15,Active,,DISCORD,SUBSCRIPTION - Junior Professional,,$2.99,$0.30,$2.69,$0.00,0,,2024,12-December
cfbf308ab9095461d7d58a35dcfe707b,2024-12-15,,,STRIPE,PRODUCT - Voyage Certificate,V52,$3.99,$0.42,$3.57,$0.00,0,,2024,12-December
5c3a07ebec7d7ab15cfb95c45ac30733,2024-12-16,,,DISCORD,PRODUCT - Voyage Certificate,V52,$3.99,$0.42,$3.57,$0.00,0,,2024,12-December
f06a8ce17dcf9583ca21fe9dddb2ab53,2024-12-16,,,DISCORD,PRODUCT - Voyage Certificate,V52,$3.99,$0.42,$3.57,$0.00,0,,2024,12-December
9f00c772501f1a1c7b78a0114fc8ab1e,2024-12-16,,,DISCORD,PRODUCT - Voyage Certificate,V52,$3.99,$0.42,$3.57,$0.00,0,,2024,12-December
0da9873c6e77be98ea371070c644cfcb,2024-12-16,,,DISCORD,PRODUCT - Voyage Certificate,V52,$3.99,$0.42,$3.57,$0.00,0,,2024,12-December
6c7e730334de60d7d4e78d5914b8e5a2,2024-12-16,,,DISCORD,PRODUCT - Voyage Certificate,V52,$3.99,$0.42,$3.57,$0.00,0,,2024,12-December
5e4f65e67119fb5260552aa32d6eaef3,2024-12-16,,,DISCORD,PRODUCT - Voyage Certificate,V52,$3.99,$0.42,$3.57,$0.00,0,,2024,12-December
d32c6cc3048b0971f2822760fce34e8b,2024-12-16,,,STRIPE,PRODUCT - Voyage Certificate,V52,$3.99,$0.42,$3.57,$0.00,0,,2024,12-December
f1636da3eb1b0d51e6f15a988acec139,2024-12-16,,,STRIPE,PRODUCT - Voyage Certificate,V52,$3.99,$0.42,$3.57,$0.00,0,,2024,12-December
447f7e03745afe5ade5971d150d9d76f,2024-12-16,,,STRIPE,PRODUCT - Voyage Certificate,V52,$3.99,$0.48,$3.51,$0.00,0,,2024,12-December
0675de0d02660283431538453b22aed7,2024-12-16,,,STRIPE,PRODUCT - Voyage Certificate,V52,$3.99,$0.42,$3.57,$0.00,0,,2024,12-December
1a3de414f46a58e2decf71cba750e3c7,2024-12-17,,,DISCORD,PRODUCT - Voyage Certificate,V52,$3.99,$0.42,$3.57,$0.00,0,,2024,12-December
07d08c91570c334a10e7a02056f00d68,2024-12-17,,,DISCORD,PRODUCT - Voyage Certificate,V52,$3.99,$0.40,$3.59,$0.00,0,,2024,12-December
c123d0f3a8a51bc6999daa511f2c4ba2,2024-12-17,,,DISCORD,PRODUCT - Voyage Certificate,V52,$3.99,$0.40,$3.59,$0.00,0,,2024,12-December
f59eeb05d1ac196cfaf067a0848cba49,2024-12-18,,,DISCORD,PRODUCT - Voyage Certificate,V52,$3.99,$0.40,$3.59,$0.00,0,,2024,12-December
bb75f534b0b89025733576adef0c696a,2024-12-18,,,DISCORD,PRODUCT - Voyage Certificate,V52,$3.99,$0.40,$3.59,$0.00,0,,2024,12-December
239b078424183516e8cb53509f049e6e,2024-12-18,"Active,Active",,STRIPE,SUBSCRIPTION - Junior Professional,,$2.99,$0.30,$2.69,$0.00,0,,2024,12-December
e752dd4cd863ce64496cb1fe95d6cf5f,2024-12-18,Active,,STRIPE,SUBSCRIPTION - Junior Professional,,$2.99,$0.43,$2.56,$0.00,0,,2024,12-December
34d66383a61c4622d3893b53f0102a5d,2024-12-18,Active,,STRIPE,SUBSCRIPTION - Junior Professional,,$2.99,$0.43,$2.56,$0.00,0,,2024,12-December
524a699715291934292e574fe296d37d,2024-12-18,Active,,DISCORD,SUBSCRIPTION - Senior Professional,,$24.99,$2.50,$22.49,$0.00,0,,2024,12-December
6dfda0f5b98594883081641050e194f6,2024-12-18,Active,,DISCORD,SUBSCRIPTION - Junior Professional,,$2.99,$0.30,$2.69,$0.00,0,,2024,12-December
1cb09a06007c937ac9be7feeb6a4758e,2024-12-18,,,DISCORD,PRODUCT - Voyage Certificate,V52,$3.99,$0.40,$3.59,$0.00,0,,2024,12-December
95a3f80f47b0611498d2b3f060111930,2024-12-19,,,DISCORD,PRODUCT - Voyage Certificate,V52,$3.99,$0.40,$3.59,$0.00,0,,2024,12-December
978eb931d580e810065471f32d9cb83c,2024-12-19,Active,,DISCORD,SUBSCRIPTION - Junior Professional,,$2.99,$0.30,$2.69,$0.00,0,,2024,12-December
a84ae72404ec2453a205628236bd3e41,2024-12-19,,,STRIPE,PRODUCT - Voyage Certificate,V52,$3.99,$0.42,$3.57,$0.00,0,,2024,12-December
c7d2957eee5e33ddf12ad16fc7c14412,2024-12-19,,,STRIPE,PRODUCT - Voyage Certificate,V52,$4.00,$0.48,$3.52,$0.00,0,,2024,12-December
32550a4360de77df06f8b56a1efc23c0,2024-12-20,Ended,,DISCORD,SUBSCRIPTION - Junior Professional,,$2.99,$0.30,$2.69,$0.00,0,,2024,12-December
2c30e5756bdf13f734d6fe476e9b1871,2024-12-21,,,DISCORD,PRODUCT - Voyage Certificate,V52,$3.99,$0.40,$3.59,$0.00,0,,2024,12-December
1e47901868851b18b65406001f734137,2024-12-21,,,DISCORD,PRODUCT - Voyage Certificate,V52,$3.99,$0.40,$3.59,$0.00,0,,2024,12-December
788b3c3e76e5a69acbd44f252ebf1dc3,2024-12-21,Active,,STRIPE,SUBSCRIPTION - Junior Professional,,$2.99,$0.39,$2.60,$0.00,0,,2024,12-December
daeb69b4f2bcfc78524d167b76ff87e0,2024-12-21,Active,,STRIPE,SUBSCRIPTION - Junior Professional,,$2.99,$0.36,$2.63,$0.00,0,,2024,12-December
f496534d89d5d9765f1f7b2e1060d064,2024-12-21,Active,,DISCORD,SUBSCRIPTION - Junior Professional,,$2.99,$0.30,$2.69,$0.00,0,,2024,12-December
e82069f230ec185922ab42e7ec6637d1,2024-12-21,,,BUY ME A COFFEE,DONATION,V52,$20.00,$0.91,$19.09,$0.00,0,,2024,12-December
9b04cc1e19791f6a3bc904d11f16c317,2024-12-22,Active,,STRIPE,SUBSCRIPTION - Junior Professional,,$2.99,$0.43,$2.56,$0.00,0,,2024,12-December
d0b7b4558103a3ce030fda99c0f8065b,2024-12-22,Active,,DISCORD,SUBSCRIPTION - Junior Professional,,$2.99,$0.30,$2.69,$0.00,0,,2024,12-December
8a4306ee2b5e36740d935f275b516bc1,2024-12-23,,,DISCORD,PRODUCT - Voyage Certificate,V52,$3.99,$0.40,$3.59,$0.00,0,,2024,12-December
ab2d19833d8410a9c93a326b91d2e29d,2024-12-23,,,DISCORD,PRODUCT - Voyage Certificate,V52,$3.99,$0.40,$3.59,$0.00,0,,2024,12-December
9ad3ffee193ca5a5daa2d7b2a0e2eb98,2024-12-23,,,DISCORD,PRODUCT - Voyage Certificate,V52,$3.99,$0.40,$3.59,$0.00,0,,2024,12-December
31430e93ed2ec11020ecb449800ede8b,2024-12-24,,,DISCORD,PRODUCT - Voyage Certificate,V52,$3.99,$0.40,$3.59,$0.00,0,,2024,12-December
a0165649c828fb57e2cb3baa86575c03,2024-12-24,Active,,STRIPE,SUBSCRIPTION - Junior Professional,,$2.99,$0.39,$2.60,$0.00,0,,2024,12-December
34cba949f8966e20f7484bb5fde8e7dc,2024-12-24,Active,,DISCORD,SUBSCRIPTION - Junior Professional,,$2.99,$0.30,$2.69,$0.00,0,,2024,12-December
10771b5a15f096c4a4952aae8877bcf0,2024-12-26,,,DISCORD,PRODUCT - Voyage Certificate,V52,$3.99,$0.40,$3.59,$0.00,0,,2024,12-December
c509434038a9503adc3857351ab1c5c9,2024-12-26,Active,,STRIPE,SUBSCRIPTION - Junior Professional,,$2.99,$0.39,$2.60,$0.00,0,,2024,12-December
44d7a410978a1e53a2b5cafbaad8d5ca,2024-12-27,Ended,,DISCORD,SUBSCRIPTION - Junior Professional,,$2.99,$0.30,$2.69,$0.00,0,,2024,12-December
5ee08fc7607f698f879d5548db2d3a17,2024-12-28,Active,,STRIPE,SUBSCRIPTION - Junior Professional,,$2.99,$0.39,$2.60,$0.00,0,,2024,12-December
2c0dcccb7bb36e6c724b073acf755fc9,2024-12-29,Active,,DISCORD,SUBSCRIPTION - Junior Professional,,$2.99,$0.43,$2.56,$0.00,0,,2024,12-December
d209a820a2f3ba6be2a1e26011f60707,2025-01-01,Active,,DISCORD,SUBSCRIPTION - Junior Professional,,$2.99,$0.30,$2.69,$0.00,0,,2025,01-January
ec16654715192e1be051404870107589,2025-01-02,Active,,DISCORD,SUBSCRIPTION - Professional,,$9.99,$1.00,$8.99,$0.00,0,,2025,01-January
c12a4269f0d5f022f1051a9147ca1cf7,2025-01-02,Active,,DISCORD,SUBSCRIPTION - Junior Professional,,$2.99,$0.30,$2.69,$0.00,0,,2025,01-January
e76bc94dccae99e58bdc828f78471429,2025-01-03,,,STRIPE,PRODUCT - Voyage Certificate,V52,$3.99,$0.48,$3.51,$0.00,0,,2025,01-January
fd9cde9bdb0957f27b1421d2fa34d132,2025-01-03,Active,,DISCORD,SUBSCRIPTION - Junior Professional,,$2.99,$0.30,$2.69,$0.00,0,,2025,01-January
cc8c4ed1f3e685dad36b43c3b2a49260,2025-01-03,Active,,DISCORD,SUBSCRIPTION - Junior Professional,,$2.99,$0.30,$2.69,$0.00,0,,2025,01-January
702d9c1111e1ad2432c01c5c221b2b8e,2025-01-03,Ended,,DISCORD,SUBSCRIPTION - Junior Professional,,$2.99,$0.30,$2.69,$0.00,0,,2025,01-January
dadffe486c63fc05d8b3afee2c4dc132,2025-01-04,Active,,STRIPE,SUBSCRIPTION - Junior Professional,,$2.99,$0.43,$2.56,$0.00,0,,2025,01-January
ddcd31193c5b42ba1ff42f89fd1f56c5,2025-01-04,Ended,,DISCORD,SUBSCRIPTION - Junior Professional,,$2.99,$0.30,$2.69,$0.00,0,,2025,01-January
3d7528b4b53265d0c9064cf34eb75829,2025-01-05,Active,,STRIPE,SUBSCRIPTION - Junior Professional,,$2.99,$0.39,$2.60,$0.00,0,,2025,01-January
9f00c772501f1a1c7b78a0114fc8ab1e,2025-01-05,Active,,DISCORD,SUBSCRIPTION - Junior Professional,,$2.99,$0.30,$2.69,$0.00,0,,2025,01-January
ea5fa1202b8ada67332e743b73746041,2025-01-05,Active,,DISCORD,SUBSCRIPTION - Junior Professional,,$2.99,$0.30,$2.69,$0.00,0,,2025,01-January
85479b5fa8be2c5567131f08327a8768,2025-01-06,,,DISCORD,PRODUCT - Voyage Certificate,V52,$3.99,$0.30,$3.69,$0.00,0,,2025,01-January
4bb4f6070b24770ca5a9ef39c81b78e3,2025-01-06,,,STRIPE,PRODUCT - Voyage Certificate,V53,$3.99,$0.48,$3.51,$0.00,0,,2025,01-January
1f67122f96258a619ea3e041b206dd88,2025-01-06,Active,,STRIPE,SUBSCRIPTION - Junior Professional,,$2.99,$0.39,$2.60,$0.00,0,,2025,01-January
2a1bd08e01a9796fe8957459ac018421,2025-01-08,Active,,STRIPE,SUBSCRIPTION - Junior Professional,,$2.99,$0.39,$2.60,$0.00,0,,2025,01-January
760473a6a79bcf4cc906036994cdc75b,2025-01-08,Ended,,DISCORD,SUBSCRIPTION - Professional,,$9.99,$1.00,$8.99,$0.00,0,,2025,01-January
9639a8028a06a8e6435f5fea20e96ce8,2025-01-10,,,BUY ME A COFFEE,DONATION,,$10.00,$0.61,$9.39,$0.00,0,,2025,01-January
6d9c1b695fc10fcdbd714028dffb6030,2025-01-10,Active,,DISCORD,SUBSCRIPTION - Junior Professional,,$2.99,$0.30,$2.69,$0.00,0,,2025,01-January
ed79379867c8341c2260ae7dc3fbfaf3,2025-01-11,Ended,,DISCORD,SUBSCRIPTION - Junior Professional,,$2.99,$0.30,$2.69,$0.00,0,,2025,01-January
78167946a3e2aa7ea4ab12a7fab9d2b0,2025-01-13,,,DISCORD,PRODUCT - Voyage Certificate,V52,$3.99,$0.30,$3.69,$0.00,0,,2025,01-January
78c50e925d524b65d4ccf7c1d7104aac,2025-01-13,Active,,DISCORD,SUBSCRIPTION - Junior Professional,,$2.99,$0.30,$2.69,$0.00,0,,2025,01-January
661d905e512ecdcf9d91a94c275f483b,2025-01-13,Active,,DISCORD,SUBSCRIPTION - Junior Professional,,$2.99,$0.30,$2.69,$0.00,0,,2025,01-January
cec5226a7107600674854477282acbaa,2025-01-14,Active,,STRIPE,SUBSCRIPTION - Junior Professional,,$2.99,$0.39,$2.60,$0.00,0,,2025,01-January
5b288bd2a5c29dd4a83f6f7355096700,2025-01-14,Active,,DISCORD,SUBSCRIPTION - Junior Professional,,$2.99,$0.30,$2.69,$0.00,0,,2025,01-January
a534d012a303b4b06f62d663721793cf,2025-01-14,Active,,DISCORD,SUBSCRIPTION - Junior Professional,,$2.99,$0.30,$2.69,$0.00,0,,2025,01-January
5f7f81aa7fcbed4aae25a76ebaa958fb,2025-01-14,Active,,DISCORD,SUBSCRIPTION - Junior Professional,,$2.99,$0.30,$2.69,$0.00,0,,2025,01-January
ec224d211b11e83f061c41254d3f9346,2025-01-15,Active,,DISCORD,SUBSCRIPTION - Junior Professional,,$2.99,$0.30,$2.69,$0.00,0,,2025,01-January
0a534d132b4dcf8e3b3dad5d766cac4b,2025-01-16,Ended,,DISCORD,SUBSCRIPTION - Professional,,$9.99,$1.00,$8.99,$0.00,0,,2025,01-January
cb0fffc421a7f54bd7428a1fc5beca1b,2025-01-16,,,SCRIMBA,AFFILIATE,,$278.56,$0.00,$278.56,$0.00,0,,2025,01-January
d629e7f0c2d7108a1f800d2a2106ed71,2025-01-17,Active,,STRIPE,SUBSCRIPTION - Junior Professional,,$2.99,$0.43,$2.56,$0.00,0,,2025,01-January
a91cd82a6985e81ca6e7d9ff842e61c3,2025-01-17,Active,,STRIPE,SUBSCRIPTION - Junior Professional,,$2.99,$0.39,$2.60,$0.00,0,,2025,01-January
23b61dabaadce2f9d43ea020de7b6b86,2025-01-17,,,BUY ME A COFFEE,DONATION,V53,$10.00,$0.61,$9.39,$0.00,0,,2025,01-January
47d2df08470a8b547dace5d4e5a8c6d8,2025-01-17,,,DISCORD,PRODUCT - Voyage Certificate,V53,$3.99,$0.40,$3.59,$0.00,0,,2025,01-January
239b078424183516e8cb53509f049e6e,2025-01-18,"Active,Active",,STRIPE,SUBSCRIPTION - Junior Professional,,$2.99,$0.30,$2.69,$0.00,0,,2025,01-January
e752dd4cd863ce64496cb1fe95d6cf5f,2025-01-18,Active,,STRIPE,SUBSCRIPTION - Junior Professional,,$2.99,$0.43,$2.56,$0.00,0,,2025,01-January
524a699715291934292e574fe296d37d,2025-01-18,Active,,DISCORD,SUBSCRIPTION - Senior Professional,,$24.99,$2.50,$22.49,$0.00,0,,2025,01-January
6dfda0f5b98594883081641050e194f6,2025-01-18,Active,,DISCORD,SUBSCRIPTION - Junior Professional,,$2.99,$0.30,$2.69,$0.00,0,,2025,01-January
6ccafe1d0c7c1fecd46f92d7e88bee13,2025-01-19,Active,,DISCORD,SUBSCRIPTION - Junior Professional,,$2.99,$0.30,$2.69,$0.00,0,,2025,01-January
978eb931d580e810065471f32d9cb83c,2025-01-19,Active,,DISCORD,SUBSCRIPTION - Junior Professional,,$2.99,$0.30,$2.69,$0.00,0,,2025,01-January
1742e60179d6b347bf7ac6d2a178bccc,2025-01-20,,,STRIPE,PRODUCT - Voyage Certificate,V53,$3.99,$0.42,$3.57,,,,2025,01-January
32550a4360de77df06f8b56a1efc23c0,2025-01-20,Ended,,DISCORD,SUBSCRIPTION - Junior Professional,,$2.99,$0.30,$2.69,$0.00,0,,2025,01-January
daeb69b4f2bcfc78524d167b76ff87e0,2025-01-21,Active,,STRIPE,SUBSCRIPTION - Junior Professional,,$2.99,$0.36,$2.63,$0.00,0,,2025,01-January
788b3c3e76e5a69acbd44f252ebf1dc3,2025-01-21,Active,,STRIPE,SUBSCRIPTION - Junior Professional,,$2.99,$0.39,$2.60,$0.00,0,,2025,01-January
f496534d89d5d9765f1f7b2e1060d064,2025-01-21,Active,,DISCORD,SUBSCRIPTION - Junior Professional,,$2.99,$0.30,$2.69,$0.00,0,,2025,01-January
9b04cc1e19791f6a3bc904d11f16c317,2025-01-22,Active,,STRIPE,SUBSCRIPTION - Junior Professional,,$2.99,$0.43,$2.56,$0.00,0,,2025,01-January
d0b7b4558103a3ce030fda99c0f8065b,2025-01-22,Active,,DISCORD,SUBSCRIPTION - Junior Professional,,$2.99,$0.30,$2.69,$0.00,0,,2025,01-January
a0165649c828fb57e2cb3baa86575c03,2025-01-24,Active,,STRIPE,SUBSCRIPTION - Junior Professional,,$2.99,$0.39,$2.60,$0.00,0,,2025,01-January
34cba949f8966e20f7484bb5fde8e7dc,2025-01-24,Active,,DISCORD,SUBSCRIPTION - Junior Professional,,$2.99,$0.30,$2.69,$0.00,0,,2025,01-January
a7f93489f910aa0259a8044b45a3331d,2025-01-26,,,STRIPE,PRODUCT - Voyage Certificate,V53,$4.00,$0.48,$3.52,$0.00,0,,2025,01-January
c509434038a9503adc3857351ab1c5c9,2025-01-26,Active,,STRIPE,SUBSCRIPTION - Junior Professional,,$2.99,$0.39,$2.60,$0.00,0,,2025,01-January
27c5e5b044ef01613692f8d5baa7fb0e,2025-01-28,,,DISCORD,PRODUCT - Voyage Certificate,V53,$3.99,$0.40,$3.59,$0.00,0,,2025,01-January
5ee08fc7607f698f879d5548db2d3a17,2025-01-28,Active,,STRIPE,SUBSCRIPTION - Junior Professional,,$2.99,$0.39,$2.60,$0.00,0,,2025,01-January
2c0dcccb7bb36e6c724b073acf755fc9,2025-01-29,Active,,DISCORD,SUBSCRIPTION - Junior Professional,,$2.99,$0.30,$2.69,$0.00,0,,2025,01-January
dadffe486c63fc05d8b3afee2c4dc132,2025-02-01,Active,,DISCORD,SUBSCRIPTION - Junior Professional,,$2.99,$0.30,$2.69,$0.00,0,,2025,02-February
d209a820a2f3ba6be2a1e26011f60707,2025-02-01,Active,,DISCORD,SUBSCRIPTION - Junior Professional,,$2.99,$0.30,$2.69,$0.00,0,,2025,02-February
ec16654715192e1be051404870107589,2025-02-02,Active,,DISCORD,SUBSCRIPTION - Professional,,$9.99,$1.00,$8.99,$0.00,0,,2025,02-February
c12a4269f0d5f022f1051a9147ca1cf7,2025-02-02,Active,,DISCORD,SUBSCRIPTION - Junior Professional,,$2.99,$0.30,$2.69,$0.00,0,,2025,02-February
fd9cde9bdb0957f27b1421d2fa34d132,2025-02-03,Active,,DISCORD,SUBSCRIPTION - Junior Professional,,$2.99,$0.30,$2.69,$0.00,0,,2025,02-February
cc8c4ed1f3e685dad36b43c3b2a49260,2025-02-03,Active,,DISCORD,SUBSCRIPTION - Junior Professional,,$2.99,$0.30,$2.69,$0.00,0,,2025,02-February
5c3a07ebec7d7ab15cfb95c45ac30733,2025-02-04,,,STRIPE,PRODUCT - Voyage Certificate,V53,$4.99,$0.52,$4.47,$0.00,0,,2025,02-February
9f00c772501f1a1c7b78a0114fc8ab1e,2025-02-05,Active,,DISCORD,SUBSCRIPTION - Junior Professional,,$2.99,$0.30,$2.69,$0.00,0,,2025,02-February
ea5fa1202b8ada67332e743b73746041,2025-02-05,Active,,DISCORD,SUBSCRIPTION - Junior Professional,,$2.99,$0.30,$2.69,$0.00,0,,2025,02-February
3d7528b4b53265d0c9064cf34eb75829,2025-02-05,Active,,STRIPE,SUBSCRIPTION - Junior Professional,,$2.99,$0.39,$2.60,$0.00,0,,2025,02-February
1f67122f96258a619ea3e041b206dd88,2025-02-06,Active,,STRIPE,SUBSCRIPTION - Junior Professional,,$2.99,$0.39,$2.60,$0.00,0,,2025,02-February
2a1bd08e01a9796fe8957459ac018421,2025-02-08,Active,,STRIPE,SUBSCRIPTION - Junior Professional,,$2.99,$0.39,$2.60,$0.00,0,,2025,02-February
6d9c1b695fc10fcdbd714028dffb6030,2025-02-10,Active,,DISCORD,SUBSCRIPTION - Junior Professional,,$2.99,$0.30,$2.69,$0.00,0,,2025,02-February
d629e7f0c2d7108a1f800d2a2106ed71,2025-02-12,Active,,STRIPE,SUBSCRIPTION - Junior Professional,,$2.99,$0.43,$2.56,$0.00,0,,2025,02-February
78c50e925d524b65d4ccf7c1d7104aac,2025-02-13,Active,,DISCORD,SUBSCRIPTION - Junior Professional,,$2.99,$0.30,$2.69,$0.00,0,,2025,02-February
661d905e512ecdcf9d91a94c275f483b,2025-02-13,Active,,DISCORD,SUBSCRIPTION - Junior Professional,,$2.99,$0.30,$2.69,$0.00,0,,2025,02-February
cec5226a7107600674854477282acbaa,2025-02-14,Active,,STRIPE,SUBSCRIPTION - Junior Professional,,$2.99,$0.39,$2.60,$0.00,0,,2025,02-February
5b288bd2a5c29dd4a83f6f7355096700,2025-02-14,Active,,DISCORD,SUBSCRIPTION - Junior Professional,,$2.99,$0.30,$2.69,$0.00,0,,2025,02-February
a534d012a303b4b06f62d663721793cf,2025-02-14,Active,,DISCORD,SUBSCRIPTION - Junior Professional,,$2.99,$0.30,$2.69,$0.00,0,,2025,02-February
5f7f81aa7fcbed4aae25a76ebaa958fb,2025-02-14,Active,,DISCORD,SUBSCRIPTION - Junior Professional,,$2.99,$0.30,$2.69,$0.00,0,,2025,02-February
9377c7a85233065fcab7834ef14ef7a8,2025-02-15,Active,,DISCORD,SUBSCRIPTION - Junior Professional,,$2.99,$0.30,$2.69,$0.00,0,,2025,02-February
ba427bd5cb0b7022a3347de001f00a43,2025-02-16,,,DISCORD,PRODUCT - Voyage Certificate,V53,$4.99,$0.50,$4.49,$0.00,0,,2025,02-February
0a534d132b4dcf8e3b3dad5d766cac4b,2025-02-16,Ended,,DISCORD,SUBSCRIPTION - Professional,,$9.99,$1.00,$8.99,$0.00,0,,2025,02-February
31430e93ed2ec11020ecb449800ede8b,2025-02-17,Active,,DISCORD,SUBSCRIPTION - Professional,,$9.99,$1.00,$8.99,$0.00,0,,2025,02-February
2aa4b1460056c038f2eb21c8ea5012a1,2025-02-17,Active,,DISCORD,SUBSCRIPTION - Junior Professional,,$2.99,$0.30,$2.69,$0.00,0,,2025,02-February
c088f1a4967170327fb754408c5cc1df,2025-02-17,,,STRIPE,PRODUCT - Voyage Certificate,V53,$4.99,$0.52,$4.47,$0.00,0,,2025,02-February
d0b1c797f5469cda42532422cf114a09,2025-02-17,,,STRIPE,PRODUCT - Voyage Certificate,V53,$4.99,$0.44,$4.55,$0.00,0,,2025,02-February
a91cd82a6985e81ca6e7d9ff842e61c3,2025-02-17,Active,,STRIPE,SUBSCRIPTION - Junior Professional,,$2.99,$0.39,$2.60,$0.00,0,,2025,02-February
7d2aba747a40e99869643468cf2eced6,2025-02-17,,,STRIPE,PRODUCT - Voyage Certificate,V53,$4.99,$0.50,$4.49,$0.00,0,,2025,02-February
c78d86e894ba0bccc34c48aff25a521a,2025-02-18,,,STRIPE,PRODUCT - Voyage Certificate,V53,$4.99,$0.52,$4.47,$0.00,0,,2025,02-February
5c754ac84611e4e4af7e9217dbe1bbfa,2025-02-18,"Active,Active",,STRIPE,SUBSCRIPTION - Junior Professional,,$2.99,$0.30,$2.69,$0.00,0,,2025,02-February
ab8aa01162e999c005f68ed9fa196a65,2025-02-18,,,STRIPE,PRODUCT - Voyage Certificate,V48,$4.99,$0.44,$4.55,$0.00,0,,2025,02-February
a1d35a444ad394b4b519265711d33ba0,2025-02-18,,,STRIPE,PRODUCT - Voyage Certificate,V53,$4.99,$0.44,$4.55,$0.00,0,,2025,02-February
ad5b6fc7ab76d1147e7085d2f1a4b2bb,2025-02-18,,,STRIPE,PRODUCT - Voyage Certificate,V53,$4.99,$0.52,$4.47,$0.00,0,,2025,02-February
e752dd4cd863ce64496cb1fe95d6cf5f,2025-02-18,Active,,STRIPE,SUBSCRIPTION - Junior Professional,,$2.99,$0.43,$2.56,$0.00,0,,2025,02-February
524a699715291934292e574fe296d37d,2025-02-18,Active,,DISCORD,SUBSCRIPTION - Senior Professional,,$24.99,$2.50,$22.49,$0.00,0,,2025,02-February
6dfda0f5b98594883081641050e194f6,2025-02-18,Active,,DISCORD,SUBSCRIPTION - Junior Professional,,$2.99,$0.30,$2.69,$0.00,0,,2025,02-February
203f0780fa4a5c1070fd9b174e16abc1,2025-02-19,,,BUY ME A COFFEE,DONATION,V53,$6.00,$0.49,$5.51,$0.00,0,,2025,02-February
3e877d3c4159f5f622a64f80fd1fd577,2025-02-19,Active,,DISCORD,SUBSCRIPTION - Junior Professional,,$2.99,$0.30,$2.69,$0.00,0,,2025,02-February
6bb7b5be763987e1a94db0778a2ccda8,2025-02-19,,,STRIPE,PRODUCT - Voyage Certificate,V53,$4.99,$0.52,$4.47,$0.00,0,,2025,02-February
6ccafe1d0c7c1fecd46f92d7e88bee13,2025-02-19,Active,,DISCORD,SUBSCRIPTION - Junior Professional,,$2.99,$0.30,$2.69,$0.00,0,,2025,02-February
978eb931d580e810065471f32d9cb83c,2025-02-19,Active,,DISCORD,SUBSCRIPTION - Junior Professional,,$2.99,$0.30,$2.69,$0.00,0,,2025,02-February
56a8ef8425ff0595bd660065cae07793,2025-02-20,Active,,DISCORD,SUBSCRIPTION - Junior Professional,,$2.99,$0.30,$2.69,$0.00,0,,2025,02-February
8339239bea75ac4e4dfc6197dae5df81,2025-02-20,,,DISCORD,PRODUCT - Voyage Certificate,V53,$4.99,$0.50,$4.49,$0.00,0,,2025,02-February
cb0fffc421a7f54bd7428a1fc5beca1b,2025-02-21,,,SCRIMBA,AFFILIATE,,$261.49,$0.00,$261.49,$0.00,0,,2025,02-February
daeb69b4f2bcfc78524d167b76ff87e0,2025-02-21,Active,,STRIPE,SUBSCRIPTION - Junior Professional,,$2.99,$0.36,$2.63,$0.00,0,,2025,02-February
d32c6cc3048b0971f2822760fce34e8b,2025-02-21,,,STRIPE,PRODUCT - Voyage Certificate,V53,$4.99,$0.44,$4.55,$0.00,0,,2025,02-February
788b3c3e76e5a69acbd44f252ebf1dc3,2025-02-21,Active,,STRIPE,SUBSCRIPTION - Junior Professional,,$2.99,$0.39,$2.60,$0.00,0,,2025,02-February
f496534d89d5d9765f1f7b2e1060d064,2025-02-21,Active,,DISCORD,SUBSCRIPTION - Junior Professional,,$2.99,$0.30,$2.69,$0.00,0,,2025,02-February
9b04cc1e19791f6a3bc904d11f16c317,2025-02-22,Active,,STRIPE,SUBSCRIPTION - Junior Professional,,$2.99,$0.43,$2.56,$0.00,0,,2025,02-February
059f1223b863548fc8bde71bd7c75704,2025-02-22,,,DISCORD,PRODUCT - Voyage Certificate,V53,$4.99,$0.50,$4.49,$0.00,0,,2025,02-February
d0b7b4558103a3ce030fda99c0f8065b,2025-02-22,Active,,DISCORD,SUBSCRIPTION - Junior Professional,,$2.99,$0.30,$2.69,$0.00,0,,2025,02-February
0404b7f7011d5bfd790d237bd904c8a5,2025-02-23,,The Job Hackers. Fee waived,DISCORD,PRODUCT - Voyage Certificate,V53,$0.00,$0.00,$0.00,$0.00,0,,2025,02-February
a0165649c828fb57e2cb3baa86575c03,2025-02-24,Active,,STRIPE,SUBSCRIPTION - Junior Professional,,$2.99,$0.39,$2.60,$0.00,0,,2025,02-February
34cba949f8966e20f7484bb5fde8e7dc,2025-02-24,Active,,DISCORD,SUBSCRIPTION - Junior Professional,,$2.99,$0.30,$2.69,$0.00,0,,2025,02-February
c509434038a9503adc3857351ab1c5c9,2025-02-26,Active,,STRIPE,SUBSCRIPTION - Junior Professional,,$2.99,$0.39,$2.60,$0.00,0,,2025,02-February
5ee08fc7607f698f879d5548db2d3a17,2025-02-28,Active,,STRIPE,SUBSCRIPTION - Junior Professional,,$2.99,$0.39,$2.60,$0.00,0,,2025,02-February
9f12bb87f5b320d30d0df97d1ad1b41f,2025-03-02,Active,,DISCORD,SUBSCRIPTION - Junior Professional,,$2.99,$0.30,$2.69,$0.00,0,,2025,03-March