Timestamp,Unique ID,What is your Voyage?,Completed Voyage?,Completion Status,Certificate Issue Date,What is your Tier?,"What is the name of the project? (If there isn't a name you can just write ""no name"")","What tech-stack did you use for your project? (ex. React, webpack, node.js, MongoDB, etc.)","On a scale of 0-10, how likely are you to recommend Chingu to a friend or colleagues?",Status (from Voyage Signups Link),Role (from Voyage Signups Link),Product
2025-02-23 08:51:00,b2e0990e9fa5377695dbfb36cc170649,V53,No,Incomplete Agile Leaders Course,,Tier 3,Meal Planner,"React, TypeScript, Material UI, Emotion, Tailwing CSS, CRACO, React Router, Lucide React, Node.js, Passport, Jason Web Tokens, Bcrypt/Bcryptjs, Nodemon, PDFkit",10.0,Active,Scrum Master,Unknown
2025-02-23 08:51:00,4ab0dddf11a4b0f4a2b912d60a8470d5,V53,Yes,Completed,,Tier 3,Meal Planner,"React, TypeScript, Material UI, Emotion, Tailwing CSS, CRACO, React Router, Lucide React, Node.js, Passport, Jason Web Tokens, Bcrypt/Bcryptjs, Nodemon, PDFkit",10.0,Inactive,Developer,Unknown
2025-02-23 08:51:00,6168fe00dc59a2d9acc000f5f0b6ce41,V53,Yes,Cert Issued,2025-02-23,Tier 3,Meal Planner,"React, TypeScript, Material UI, Emotion, Tailwing CSS, CRACO, React Router, Lucide React, Node.js, Passport, Jason Web Tokens, Bcrypt/Bcryptjs, Nodemon, PDFkit",10.0,Active,Voyage Guide,Unknown
2025-02-23 08:51:00,47b0214b643ac04278dc1fb476d22920,V53,Yes,Completed,,Tier 3,Meal Planner,"React, TypeScript, Material UI, Emotion, Tailwing CSS, CRACO, React Router, Lucide React, Node.js, Passport, Jason Web Tokens, Bcrypt/Bcryptjs, Nodemon, PDFkit",10.0,Active,Developer,Unknown
2025-02-23 08:51:00,e713f2d8b2c98ecd4713466507cdbd8e,V53,No,Dropped,,Tier 3,Meal Planner,"React, TypeScript, Material UI, Emotion, Tailwing CSS, CRACO, React Router, Lucide React, Node.js, Passport, Jason Web Tokens, Bcrypt/Bcryptjs, Nodemon, PDFkit",10.0,Dropped,Developer,Unknown
2025-02-23 08:51:00,b363a07872568c80c16b828b29fde9e7,V53,No,Dropped,,Tier 3,Meal Planner,"React, TypeScript, Material UI, Emotion, Tailwing CSS, CRACO, React Router, Lucide React, Node.js, Passport, Jason Web Tokens, Bcrypt/Bcryptjs, Nodemon, PDFkit",10.0,Dropped,Developer,Unknown
2025-02-23 08:51:00,56a8ef8425ff0595bd660065cae07793,V53,Yes,Cert Issued,2025-02-23,Tier 3,Meal Planner,"React, TypeScript, Material UI, Emotion, Tailwing CSS, CRACO, React Router, Lucide React, Node.js, Passport, Jason Web Tokens, Bcrypt/Bcryptjs, Nodemon, PDFkit",10.0,Active,Scrum Master,Subscription - Junior Professional
2025-02-19 03:37:00,fd635d2402d6bbd397c17afba0c66c77,V53,Yes,Completed,,Tier 3,The Animal Shelter App,MERN,10.0,Active,Developer,Unknown
2025-02-19 03:37:00,ceee196344042602834301139e871105,V53,No,Insufficient Commits,,Tier 3,The Animal Shelter App,MERN,10.0,Active,Developer,Unknown
2025-02-19 03:37:00,0aed498d5866c4582eaa4f09e264754b,V53,No,Insufficient Commits,,Tier 3,The Animal Shelter App,MERN,10.0,Inactive,Developer,Unknown
2025-02-19 03:37:00,23a6c0c4a2a8b760cf31fe599d6cbb87,V53,No,Insufficient Commits,,Tier 3,The Animal Shelter App,MERN,10.0,Inactive,Developer,Unknown
2025-02-19 03:37:00,f7fa2604ae454240ba1868169804e53b,V53,Yes,Completed,,Tier 3,The Animal Shelter App,MERN,10.0,Active,Developer,Unknown
2025-02-19 03:37:00,2c0dcccb7bb36e6c724b073acf755fc9,V53,Yes,Cert Issued,2025-02-23,Tier 3,The Animal Shelter App,MERN,10.0,Active,Scrum Master,Subscription - Junior Professional
2025-02-18 23:58:00,f1636da3eb1b0d51e6f15a988acec139,V53,Yes,Cert Issued,2025-02-23,Tier 3,Brightpath | Courses For Devs,Frontend: Next.js (hosted on Netlify) Backend: Express.js (hosted on Railway) Database: PostgreSQL Other: OAuth Authentication,10.0,Active,Scrum Master,Product - Voyage Certificate
2025-02-18 23:58:00,c7d2957eee5e33ddf12ad16fc7c14412,V53,Yes,Completed,,Tier 3,Brightpath | Courses For Devs,Frontend: Next.js (hosted on Netlify) Backend: Express.js (hosted on Railway) Database: PostgreSQL Other: OAuth Authentication,10.0,Active,Developer,Unknown
2025-02-18 23:58:00,34af5dd510b784058e4473c87bb16883,V53,Yes,Completed,,Tier 3,Brightpath | Courses For Devs,Frontend: Next.js (hosted on Netlify) Backend: Express.js (hosted on Railway) Database: PostgreSQL Other: OAuth Authentication,10.0,Active,Developer,Unknown
2025-02-18 23:58:00,fd9cde9bdb0957f27b1421d2fa34d132,V53,Yes,Cert Issued,2025-02-23,Tier 3,Brightpath | Courses For Devs,Frontend: Next.js (hosted on Netlify) Backend: Express.js (hosted on Railway) Database: PostgreSQL Other: OAuth Authentication,10.0,Active,Developer,Subscription - Junior Professional
2025-02-18 23:58:00,1a6313ca67f4763dc0c284b466295a4b,V53,Yes,Completed,,Tier 3,Brightpath | Courses For Devs,Frontend: Next.js (hosted on Netlify) Backend: Express.js (hosted on Railway) Database: PostgreSQL Other: OAuth Authentication,10.0,Inactive,Developer,Unknown
2025-02-18 23:58:00,ec16654715192e1be051404870107589,V53,Yes,Cert Issued,2025-02-23,Tier 3,Brightpath | Courses For Devs,Frontend: Next.js (hosted on Netlify) Backend: Express.js (hosted on Railway) Database: PostgreSQL Other: OAuth Authentication,10.0,Active,Ui/Ux Designer,Subscription - Professional
2025-02-18 09:40:00,077a4f0350f9f7d182eda4ceefa06cd6,V53,Yes,Completed,,Tier 3,Reciplease,"Nextjs, MongoDB, spoonacular API, Tailwind and Shadcn",10.0,Active,Developer,Unknown
2025-02-18 09:40:00,a802a83526b53d7e80ea6762ef5f5f2f,V53,Yes,Cert Issued,2025-02-23,Tier 3,Reciplease,"Nextjs, MongoDB, spoonacular API, Tailwind and Shadcn",10.0,Active,Developer,Subscription - Junior Professional
2025-02-18 09:40:00,5024895c8c3c91c34fa2b49b69914cdd,V53,No,Insufficient Commits,,Tier 3,Reciplease,"Nextjs, MongoDB, spoonacular API, Tailwind and Shadcn",10.0,Active,Developer,Unknown
2025-02-18 09:40:00,2c0dcccb7bb36e6c724b073acf755fc9,V53,Yes,Cert Issued,2025-02-23,Tier 3,Reciplease,"Nextjs, MongoDB, spoonacular API, Tailwind and Shadcn",10.0,Active,Voyage Guide,Subscription - Junior Professional
2025-02-18 09:40:00,ca086b764efc41c491212d777ac6ca90,V53,Yes,Completed,,Tier 3,Reciplease,"Nextjs, MongoDB, spoonacular API, Tailwind and Shadcn",10.0,Active,Data Scientist,Unknown
2025-02-18 09:40:00,c123d0f3a8a51bc6999daa511f2c4ba2,V53,Yes,Completed,,Tier 3,Reciplease,"Nextjs, MongoDB, spoonacular API, Tailwind and Shadcn",10.0,Active,Developer,Unknown
2025-02-18 09:40:00,e21df99c14078cd40d0a7cf858d26e8c,V53,Yes,Completed,,Tier 3,Reciplease,"Nextjs, MongoDB, spoonacular API, Tailwind and Shadcn",10.0,Active,Scrum Master,Unknown
2025-02-17 23:39:00,2c30e5756bdf13f734d6fe476e9b1871,V53,Yes,Completed,,Tier 2,Platepal,"FontAwesome, HeadlessUI, React, React-Calendar, React-DOM, React-Router-Dom, TailwindCSS-TextShadow.",10.0,Active,Developer,Unknown
2025-02-17 23:39:00,0a534d132b4dcf8e3b3dad5d766cac4b,V53,Yes,Cert Issued,2025-02-23,Tier 2,Platepal,"FontAwesome, HeadlessUI, React, React-Calendar, React-DOM, React-Router-Dom, TailwindCSS-TextShadow.",10.0,Active,Developer,Subscription - Professional
2025-02-17 23:39:00,6ccafe1d0c7c1fecd46f92d7e88bee13,V53,Yes,Cert Issued,2025-02-23,Tier 2,Platepal,"FontAwesome, HeadlessUI, React, React-Calendar, React-DOM, React-Router-Dom, TailwindCSS-TextShadow.",10.0,Active,Ui/Ux Designer,Subscription - Junior Professional
2025-02-17 23:39:00,9f00c772501f1a1c7b78a0114fc8ab1e,V53,Yes,Cert Issued,2025-02-23,Tier 2,Platepal,"FontAwesome, HeadlessUI, React, React-Calendar, React-DOM, React-Router-Dom, TailwindCSS-TextShadow.",10.0,Active,Developer,Subscription - Junior Professional
2025-02-17 23:39:00,3087a640378c425681741372698938c7,V53,Yes,Cert Issued,2025-02-23,Tier 2,Platepal,"FontAwesome, HeadlessUI, React, React-Calendar, React-DOM, React-Router-Dom, TailwindCSS-TextShadow.",10.0,Active,Voyage Guide,Unknown
2025-02-17 23:39:00,ec224d211b11e83f061c41254d3f9346,V53,Yes,Cert Issued,2025-02-23,Tier 2,Platepal,"FontAwesome, HeadlessUI, React, React-Calendar, React-DOM, React-Router-Dom, TailwindCSS-TextShadow.",10.0,Active,Developer,Subscription - Junior Professional
2025-02-17 23:39:00,376a12e60d674a9a304ebac0ac64c90a,V53,No,Incomplete Agile Leaders Course,,Tier 2,Platepal,"FontAwesome, HeadlessUI, React, React-Calendar, React-DOM, React-Router-Dom, TailwindCSS-TextShadow.",10.0,Active,Scrum Master,Unknown
2025-02-17 23:39:00,1a3de414f46a58e2decf71cba750e3c7,V53,No,Dropped,,Tier 2,Platepal,"FontAwesome, HeadlessUI, React, React-Calendar, React-DOM, React-Router-Dom, TailwindCSS-TextShadow.",10.0,Dropped,Developer,Unknown
2025-02-17 23:39:00,71bd04b1ca946f4c41fb15a7449fb362,V53,Yes,Completed,,Tier 2,Platepal,"FontAwesome, HeadlessUI, React, React-Calendar, React-DOM, React-Router-Dom, TailwindCSS-TextShadow.",10.0,Active,Product Owner,Unknown
2025-02-17 23:39:00,dadffe486c63fc05d8b3afee2c4dc132,V53,No,Incomplete Agile Leaders Course,,Tier 2,Platepal,"FontAwesome, HeadlessUI, React, React-Calendar, React-DOM, React-Router-Dom, TailwindCSS-TextShadow.",10.0,Active,Scrum Master,Subscription - Junior Professional
2025-02-17 19:54:00,2c0dcccb7bb36e6c724b073acf755fc9,V53,Yes,Cert Issued,2025-02-23,Tier 2,Menu Planner,"React, Tailwind",9.0,Active,Voyage Guide,Subscription - Junior Professional
2025-02-17 19:54:00,870183c39a052219b248efcbf6b1127c,V53,Yes,Incomplete Agile Leaders Course,,Tier 2,Menu Planner,"React, Tailwind",9.0,Inactive,Scrum Master,Unknown
2025-02-17 19:54:00,5b288bd2a5c29dd4a83f6f7355096700,V53,Yes,Cert Issued,2025-02-23,Tier 2,Menu Planner,"React, Tailwind",9.0,Active,Developer,Subscription - Junior Professional
2025-02-17 19:54:00,117041ddcadec26bda3f435ede2811d9,V53,Yes,Completed,,Tier 2,Menu Planner,"React, Tailwind",9.0,Active,Developer,Unknown
2025-02-17 19:54:00,95a3f80f47b0611498d2b3f060111930,V53,Yes,Incomplete Agile Leaders Course,,Tier 2,Menu Planner,"React, Tailwind",9.0,Inactive,Scrum Master,Unknown
2025-02-17 19:54:00,788b3c3e76e5a69acbd44f252ebf1dc3,V53,Yes,Cert Issued,2025-02-23,Tier 2,Menu Planner,"React, Tailwind",9.0,Active,Developer,Subscription - Junior Professional
2025-02-17 09:03:00,47d2df08470a8b547dace5d4e5a8c6d8,V53,Yes,Cert Issued,2025-02-23,Tier 2,Considerate Carrot,"React, CSS, JavaScript",10.0,Active,Scrum Master,Product - Voyage Certificate
2025-02-17 09:03:00,968387be62a21a43bb8021fd1a6a6e38,V53,No,Incomplete Agile Leaders Course,,Tier 2,Considerate Carrot,"React, CSS, JavaScript",10.0,Inactive,Scrum Master,Unknown
2025-02-17 09:03:00,557e500c4dc236c375983b053841fb41,V53,Yes,Cert Issued,2025-02-23,Tier 2,Considerate Carrot,"React, CSS, JavaScript",10.0,Inactive,Developer,Product - Voyage Certificate
2025-02-17 09:03:00,d0b1c797f5469cda42532422cf114a09,V53,Yes,Cert Issued,2025-02-23,Tier 2,Considerate Carrot,"React, CSS, JavaScript",10.0,Active,Ui/Ux Designer,Product - Voyage Certificate
2025-02-17 09:03:00,059f1223b863548fc8bde71bd7c75704,V53,Yes,Cert Issued,2025-02-23,Tier 2,Considerate Carrot,"React, CSS, JavaScript",10.0,Active,Developer,Product - Voyage Certificate
2025-02-17 09:03:00,c1374e4553fa63c9c31f117e257bf7f8,V53,Yes,Completed,,Tier 2,Considerate Carrot,"React, CSS, JavaScript",10.0,Active,Developer,Unknown
2025-02-17 09:03:00,6d9c1b695fc10fcdbd714028dffb6030,V53,Yes,Cert Issued,2025-02-23,Tier 2,Considerate Carrot,"React, CSS, JavaScript",10.0,Inactive,Developer,Subscription - Junior Professional
2025-02-17 00:13:00,38ce13d5fdcafc7bbd6bb66d0b7d4d58,V53,Yes,Completed,,Tier 3,Menu Scheduler,"React, supabase (postgres)",10.0,Active,Developer,Unknown
2025-02-17 00:13:00,696a845b5b11fe016f271afda3273207,V53,No,Insufficient Commits,,Tier 3,Menu Scheduler,"React, supabase (postgres)",10.0,Inactive,Developer,Unknown
2025-02-17 00:13:00,27c5e5b044ef01613692f8d5baa7fb0e,V53,Yes,Cert Issued,2025-02-23,Tier 3,Menu Scheduler,"React, supabase (postgres)",10.0,Active,Developer,Product - Voyage Certificate
2025-02-17 00:13:00,f9907bfea734c2e4a78e17f69ad0f9de,V53,No,Dropped,,Tier 3,Menu Scheduler,"React, supabase (postgres)",10.0,Dropped,Developer,Unknown
2025-02-17 00:13:00,0404b7f7011d5bfd790d237bd904c8a5,V53,Yes,Cert Issued,2025-02-23,Tier 3,Menu Scheduler,"React, supabase (postgres)",10.0,Active,Scrum Master,Product - Voyage Certificate
2025-02-16 16:09:00,48878ce6377a0c2a6d48a9e9a45759a5,V53,Yes,Completed,,Tier 1,Menu Planner,"HTML, CSS, JS",10.0,Active,Developer,Unknown
2025-02-16 16:09:00,005f19fd11839c8b447ad91d3349e086,V53,No,Dropped,,Tier 1,Menu Planner,"HTML, CSS, JS",10.0,Dropped,Scrum Master,Unknown
2025-02-16 16:09:00,51ec4c5255fe8836a27e018617752106,V53,Yes,Completed,,Tier 1,Menu Planner,"HTML, CSS, JS",10.0,Inactive,Developer,Unknown
2025-02-16 16:09:00,fd156bd6e7dd15f87eac8d5fd54bac36,V53,Yes,Completed,,Tier 1,Menu Planner,"HTML, CSS, JS",10.0,Inactive,Developer,Unknown
2025-02-16 16:09:00,0a0676fbb75d83223902f9ec37f5ad01,V53,Yes,Completed,,Tier 1,Menu Planner,"HTML, CSS, JS",10.0,Active,Developer,Unknown
2025-02-16 15:55:00,23b61dabaadce2f9d43ea020de7b6b86,V53,Yes,Cert Issued,2025-02-23,Tier 3,Luminaria,"NextJs, MongoDb, Github and Google oAuth, NextAuth",10.0,Active,Developer,Donation
2025-02-16 15:55:00,641bef205dad2778eb4ffe097c24d69d,V53,No,Dropped,,Tier 3,Luminaria,"NextJs, MongoDb, Github and Google oAuth, NextAuth",10.0,Dropped,Developer,Unknown
2025-02-16 15:55:00,1b0c0602a133285409f834b5e613db5f,V53,Yes,Completed,,Tier 3,Luminaria,"NextJs, MongoDb, Github and Google oAuth, NextAuth",10.0,Active,Scrum Master,Unknown
2025-02-16 15:55:00,02d261355e9cd73631b8d85979b9fe3a,V53,Yes,Completed,,Tier 3,Luminaria,"NextJs, MongoDb, Github and Google oAuth, NextAuth",10.0,Active,Developer,Unknown
2025-02-16 15:55:00,f23b84df49dab25264568ebcff13d4b9,V53,Yes,Completed,,Tier 3,Luminaria,"NextJs, MongoDb, Github and Google oAuth, NextAuth",10.0,Active,Scrum Master,Unknown
2025-02-16 15:55:00,7d2aba747a40e99869643468cf2eced6,V53,Yes,Cert Issued,2025-02-23,Tier 3,Luminaria,"NextJs, MongoDb, Github and Google oAuth, NextAuth",10.0,Active,Developer,Product - Voyage Certificate
2025-02-16 15:24:00,5c3a07ebec7d7ab15cfb95c45ac30733,V53,Yes,Cert Issued,2025-02-23,Tier 2,Plateplanner,"Frontend: ReactJs, TailwindCSS; Routing: React Router; UI/UX Design: Figma; Data Persistence: Local Storage; Deployment: Netlify",10.0,Active,Scrum Master,Product - Voyage Certificate
2025-02-16 15:24:00,2433c9a711d7822a999a54ec5afa8e70,V53,Yes,Completed,,Tier 2,Plateplanner,"Frontend: ReactJs, TailwindCSS; Routing: React Router; UI/UX Design: Figma; Data Persistence: Local Storage; Deployment: Netlify",10.0,Inactive,Developer,Unknown
2025-02-16 15:24:00,a91cd82a6985e81ca6e7d9ff842e61c3,V53,Yes,Cert Issued,2025-02-23,Tier 2,Plateplanner,"Frontend: ReactJs, TailwindCSS; Routing: React Router; UI/UX Design: Figma; Data Persistence: Local Storage; Deployment: Netlify",10.0,Active,Developer,Subscription - Junior Professional
2025-02-16 15:24:00,57355910b7988c0af4121744d60ef178,V53,Yes,Cert Issued,2025-02-23,Tier 2,Plateplanner,"Frontend: ReactJs, TailwindCSS; Routing: React Router; UI/UX Design: Figma; Data Persistence: Local Storage; Deployment: Netlify",10.0,Inactive,Voyage Guide,Unknown
2025-02-16 15:24:00,e82069f230ec185922ab42e7ec6637d1,V53,No,Dropped,,Tier 2,Plateplanner,"Frontend: ReactJs, TailwindCSS; Routing: React Router; UI/UX Design: Figma; Data Persistence: Local Storage; Deployment: Netlify",10.0,Dropped,Developer,Unknown
2025-02-16 15:24:00,7f62578e442f35f7befd75a83e8df10d,V53,No,Dropped,,Tier 2,Plateplanner,"Frontend: ReactJs, TailwindCSS; Routing: React Router; UI/UX Design: Figma; Data Persistence: Local Storage; Deployment: Netlify",10.0,Dropped,Developer,Unknown
2025-02-16 12:56:00,9728aa5ea29449aa6d777466a84bfef9,V53,Yes,Completed,,Tier 3,Partiyo,"node.js, react",9.0,Inactive,Scrum Master,Unknown
2025-02-16 12:56:00,31430e93ed2ec11020ecb449800ede8b,V53,Yes,Cert Issued,2025-02-23,Tier 3,Partiyo,"node.js, react",9.0,Active,Voyage Guide,Unknown
2025-02-16 12:56:00,24e310ce62dc11d2d38f1ead4ceae641,V53,No,Insufficient Commits,,Tier 3,Partiyo,"node.js, react",9.0,Inactive,Developer,Unknown
2025-02-16 12:56:00,f246a4ad4f2614682bc81cd8c392b9b5,V53,Yes,Completed,,Tier 3,Partiyo,"node.js, react",9.0,Active,Developer,Unknown
2025-02-16 12:56:00,0881c18cbbda30d8945e216c9f1a73f4,V53,Yes,Completed,,Tier 3,Partiyo,"node.js, react",9.0,Active,Developer,Unknown
2025-02-16 12:56:00,6118c832414a040e327242f95fc34407,V53,Yes,Completed,,Tier 3,Partiyo,"node.js, react",9.0,Active,Developer,Unknown
2025-02-16 12:56:00,5c9ab03f06c0444a96af84e67312cd72,V53,Yes,Completed,,Tier 3,Partiyo,"node.js, react",9.0,Active,Ui/Ux Designer,Unknown
2025-02-16 12:36:00,3ec99a3a145494ddf030f15506dd9c25,V53,No,Incomplete Agile Leaders Course,,Tier 3,Wanderlust,"HTML, CSS, JavaScript",9.0,Inactive,Product Owner,Unknown
2025-02-16 12:36:00,8986827a63360a6a743dd4aa37d30f02,V53,Yes,Completed,,Tier 3,Wanderlust,"HTML, CSS, JavaScript",9.0,Active,Developer,Unknown
2025-02-16 12:36:00,c9877689caae03a307f7b60d1506bac9,V53,No,Dropped,,Tier 3,Wanderlust,"HTML, CSS, JavaScript",9.0,Dropped,Product Owner,Unknown
2025-02-16 12:36:00,b9eb2f6b7250040f63eb1856026e1476,V53,Yes,Completed,,Tier 3,Wanderlust,"HTML, CSS, JavaScript",9.0,Inactive,Developer,Unknown
2025-02-16 12:36:00,7ea6bb9b3d6925eca7d9138f0166e1b2,V53,Yes,Completed,,Tier 3,Wanderlust,"HTML, CSS, JavaScript",9.0,Active,Developer,Unknown
2025-02-16 12:36:00,ed79379867c8341c2260ae7dc3fbfaf3,V53,No,Incomplete Agile Leaders Course,,Tier 3,Wanderlust,"HTML, CSS, JavaScript",9.0,Active,Scrum Master,Subscription - Junior Professional
2025-02-16 12:36:00,b4e4f60f80a7127ecc5b8d039b2c6d49,V53,Yes,Cert Issued,2025-02-23,Tier 3,Wanderlust,"HTML, CSS, JavaScript",9.0,Active,Voyage Guide,Unknown
2025-02-16 12:36:00,9c189ab5b7e227fe0c3f25257ed294ab,V53,No,Dropped,,Tier 3,Wanderlust,"HTML, CSS, JavaScript",9.0,Dropped,Product Owner,Unknown
2025-02-16 12:36:00,52d056515adcbf55d0ab9e1cb7f0d38b,V53,Yes,Completed,,Tier 3,Wanderlust,"HTML, CSS, JavaScript",9.0,Active,Developer,Unknown
2025-02-16 12:36:00,959baf2bc81762d9eddf9e4187940234,V53,Yes,Completed,,Tier 3,Wanderlust,"HTML, CSS, JavaScript",9.0,Active,Developer,Unknown
2025-02-16 11:51:00,8339239bea75ac4e4dfc6197dae5df81,V53,Yes,Cert Issued,2025-02-23,Tier 2,Project-Tier2-Menu-Scheduler,"1) Front-end [github pages] React, Vite, TailwindCSS 2) Back-end Nodejs[Serverless], Database [mongodb, Mongodb Compass] API endpoints [ Netlify] 3)  images  Cloud storage for [Cloudinary] Edit tools [Photoshop] image source [free unsplash]",10.0,Active,Scrum Master,Product - Voyage Certificate
2025-02-16 11:51:00,4bb4f6070b24770ca5a9ef39c81b78e3,V53,Yes,Cert Issued,2025-02-23,Tier 2,Project-Tier2-Menu-Scheduler,"1) Front-end [github pages] React, Vite, TailwindCSS 2) Back-end Nodejs[Serverless], Database [mongodb, Mongodb Compass] API endpoints [ Netlify] 3)  images  Cloud storage for [Cloudinary] Edit tools [Photoshop] image source [free unsplash]",10.0,Active,Ui/Ux Designer,Product - Voyage Certificate
2025-02-16 11:51:00,2b216e544da6808f253382c4d1ed9ffc,V53,No,Dropped,,Tier 2,Project-Tier2-Menu-Scheduler,"1) Front-end [github pages] React, Vite, TailwindCSS 2) Back-end Nodejs[Serverless], Database [mongodb, Mongodb Compass] API endpoints [ Netlify] 3)  images  Cloud storage for [Cloudinary] Edit tools [Photoshop] image source [free unsplash]",10.0,Dropped,Developer,Unknown
2025-02-16 11:51:00,2aa4b1460056c038f2eb21c8ea5012a1,V53,Yes,Cert Issued,2025-02-23,Tier 2,Project-Tier2-Menu-Scheduler,"1) Front-end [github pages] React, Vite, TailwindCSS 2) Back-end Nodejs[Serverless], Database [mongodb, Mongodb Compass] API endpoints [ Netlify] 3)  images  Cloud storage for [Cloudinary] Edit tools [Photoshop] image source [free unsplash]",10.0,Active,Developer,Unknown
2025-02-16 11:51:00,9377c7a85233065fcab7834ef14ef7a8,V53,Yes,Cert Issued,2025-02-23,Tier 2,Project-Tier2-Menu-Scheduler,"1) Front-end [github pages] React, Vite, TailwindCSS 2) Back-end Nodejs[Serverless], Database [mongodb, Mongodb Compass] API endpoints [ Netlify] 3)  images  Cloud storage for [Cloudinary] Edit tools [Photoshop] image source [free unsplash]",10.0,Active,Developer,Subscription - Junior Professional
2025-02-16 11:51:00,a80d92af561a742a3497204b8d332d9b,V53,No,Dropped,,Tier 2,Project-Tier2-Menu-Scheduler,"1) Front-end [github pages] React, Vite, TailwindCSS 2) Back-end Nodejs[Serverless], Database [mongodb, Mongodb Compass] API endpoints [ Netlify] 3)  images  Cloud storage for [Cloudinary] Edit tools [Photoshop] image source [free unsplash]",10.0,Dropped,Developer,Unknown
2025-02-16 11:51:00,3687e89cd6915d6c9674d035c9339ea7,V53,Yes,Cert Issued,2025-02-23,Tier 2,Project-Tier2-Menu-Scheduler,"1) Front-end [github pages] React, Vite, TailwindCSS 2) Back-end Nodejs[Serverless], Database [mongodb, Mongodb Compass] API endpoints [ Netlify] 3)  images  Cloud storage for [Cloudinary] Edit tools [Photoshop] image source [free unsplash]",10.0,Active,Voyage Guide,Unknown
2025-02-16 09:52:00,c10259a6ad372292b03e765135775dba,V53,Yes,Completed,,Tier 2,Weekly Bytes,"React, Tailwind CSS, Firebase, Material UI Icons, JSPDF, and React-Toastify",10.0,Active,Developer,Unknown
2025-02-16 09:52:00,a1d35a444ad394b4b519265711d33ba0,V53,Yes,Cert Issued,2025-02-23,Tier 2,Weekly Bytes,"React, Tailwind CSS, Firebase, Material UI Icons, JSPDF, and React-Toastify",10.0,Active,Ui/Ux Designer,Product - Voyage Certificate
2025-02-16 09:52:00,305f63f909dc6648c3a9e3297f9e6edd,V53,Yes,Cert Issued,2025-02-23,Tier 2,Weekly Bytes,"React, Tailwind CSS, Firebase, Material UI Icons, JSPDF, and React-Toastify",10.0,Active,Voyage Guide,Unknown
2025-02-16 09:52:00,daeb69b4f2bcfc78524d167b76ff87e0,V53,Yes,Cert Issued,2025-02-23,Tier 2,Weekly Bytes,"React, Tailwind CSS, Firebase, Material UI Icons, JSPDF, and React-Toastify",10.0,Active,Scrum Master,Subscription - Junior Professional
2025-02-16 09:52:00,679cb2368cccca6a7c54a84f8298bf1b,V53,Yes,Completed,,Tier 2,Weekly Bytes,"React, Tailwind CSS, Firebase, Material UI Icons, JSPDF, and React-Toastify",10.0,Inactive,Product Owner,Unknown
2025-02-16 09:52:00,fff1b532fb511f1ade207c7f213b1937,V53,Yes,Cert Issued,2025-02-23,Tier 2,Weekly Bytes,"React, Tailwind CSS, Firebase, Material UI Icons, JSPDF, and React-Toastify",10.0,Active,Developer,Subscription - Junior Professional
2025-02-16 09:52:00,f134b518285e9cc9808f2194b6861894,V53,Yes,Completed,,Tier 2,Weekly Bytes,"React, Tailwind CSS, Firebase, Material UI Icons, JSPDF, and React-Toastify",10.0,Active,Developer,Unknown
2025-02-16 09:52:00,6bb7b5be763987e1a94db0778a2ccda8,V53,Yes,Cert Issued,2025-02-23,Tier 2,Weekly Bytes,"React, Tailwind CSS, Firebase, Material UI Icons, JSPDF, and React-Toastify",10.0,Active,Developer,Product - Voyage Certificate
2025-02-16 09:52:00,97441a5cb06a1386fd24fb70aec69db3,V53,Yes,Completed,,Tier 2,Weekly Bytes,"React, Tailwind CSS, Firebase, Material UI Icons, JSPDF, and React-Toastify",10.0,Active,Developer,Unknown
2025-02-16 04:57:00,175c06874e7d6e252a9486fef8a28a84,V53,Yes,Completed,,Tier 3,Dinostalgia,"React, Tailwind CSS, Node.js, Express, Supabase (PostgreSQL)",10.0,Active,Developer,Unknown
2025-02-16 04:57:00,90ac76ff8fa43771b74220cf039dd78d,V53,No,Incomplete Agile Leaders Course,,Tier 3,Dinostalgia,"React, Tailwind CSS, Node.js, Express, Supabase (PostgreSQL)",10.0,Dropped,Product Owner,Unknown
2025-02-16 04:57:00,78dddf8252dda1b26c0f75ba6bca85b4,V53,No,Incomplete Agile Leaders Course,,Tier 3,Dinostalgia,"React, Tailwind CSS, Node.js, Express, Supabase (PostgreSQL)",10.0,Active,Scrum Master,Unknown
2025-02-16 04:57:00,3a3a17b2f3c9be94db727a59565fb6b2,V53,No,Dropped,,Tier 3,Dinostalgia,"React, Tailwind CSS, Node.js, Express, Supabase (PostgreSQL)",10.0,Dropped,Developer,Unknown
2025-02-16 04:57:00,02bbc800cff1384eb1d36da8560c93a7,V53,Yes,Cert Issued,2025-02-23,Tier 3,Dinostalgia,"React, Tailwind CSS, Node.js, Express, Supabase (PostgreSQL)",10.0,Active,Product Owner,Product - Voyage Certificate
2025-02-16 04:57:00,da37bb39592be31dc0b6d328b1922b7f,V53,Yes,Cert Issued,2025-02-23,Tier 3,Dinostalgia,"React, Tailwind CSS, Node.js, Express, Supabase (PostgreSQL)",10.0,Active,Product Owner,Product - Voyage Certificate
2025-02-16 04:57:00,3e877d3c4159f5f622a64f80fd1fd577,V53,Yes,Cert Issued,2025-02-23,Tier 3,Dinostalgia,"React, Tailwind CSS, Node.js, Express, Supabase (PostgreSQL)",10.0,Active,Developer,Subscription - Junior Professional
2025-02-16 04:57:00,b6533c9669ecc68d1c9d70ff549d0023,V53,Yes,Completed,,Tier 3,Dinostalgia,"React, Tailwind CSS, Node.js, Express, Supabase (PostgreSQL)",10.0,Inactive,Developer,Unknown
2025-02-15 19:26:00,c78d86e894ba0bccc34c48aff25a521a,V53,Yes,Cert Issued,2025-02-23,Tier 2,Schedulicious,React,10.0,Inactive,Developer,Product - Voyage Certificate
2025-02-15 19:26:00,98b72605041374e2acc061802cfdfbd4,V53,No,Dropped,,Tier 2,Schedulicious,React,10.0,Dropped,Developer,Unknown
2025-02-15 19:26:00,f397cfc0bfb12dcc2d2f939a7bc9901c,V53,No,Dropped,,Tier 2,Schedulicious,React,10.0,Dropped,Developer,Unknown
2025-02-15 19:26:00,ff341b7533b5e1e42c096629bbb3eb9d,V53,No,Insufficient Commits,,Tier 2,Schedulicious,React,10.0,Dropped,Developer,Unknown
2025-02-14 23:15:00,fdb62ecc82a32965fe08cd25fbd7fa96,V53,Yes,Cert Issued,2025-02-23,Tier 1,Plate Date,"HTML, CSS, Javascript",10.0,Active,Developer,Unknown
2025-02-14 23:15:00,203f0780fa4a5c1070fd9b174e16abc1,V53,Yes,Cert Issued,2025-02-23,Tier 1,Plate Date,"HTML, CSS, Javascript",10.0,Active,Ui/Ux Designer,Donation
2025-02-14 23:15:00,533471d0625ce66e3bff8f412bc6b7f1,V53,Yes,Completed,,Tier 1,Plate Date,"HTML, CSS, Javascript",10.0,Active,Scrum Master,Unknown
2025-02-14 23:15:00,1e3e6fea73f5547cc9b050c9cd293676,V53,No,Dropped,,Tier 1,Plate Date,"HTML, CSS, Javascript",10.0,Dropped,Developer,Unknown
2025-02-14 23:15:00,7ea6217e9ac97f829ecd958f67a2051c,V53,No,Dropped,,Tier 1,Plate Date,"HTML, CSS, Javascript",10.0,Dropped,Developer,Unknown
2025-02-14 23:15:00,ba427bd5cb0b7022a3347de001f00a43,V53,Yes,Cert Issued,2025-02-23,Tier 1,Plate Date,"HTML, CSS, Javascript",10.0,Active,Developer,Product - Voyage Certificate
2025-02-14 00:32:00,ad5b6fc7ab76d1147e7085d2f1a4b2bb,V53,Yes,Cert Issued,2025-02-23,Tier 2,Menu Scheduler,"React (State management, Hooks), Tailwind CSS (Styling), date-fns (Date formatting), lucide-react (Icons), jsPDF & xlsx (Exporting data), Vite (React bundler)",10.0,Active,Developer,Unknown
2025-01-11 07:29:00,0eac5a0aac41f3ae1e28b8c73e80c31e,V53,No,Dropped,,Tier 3,Nan,,,Dropped,Developer,Unknown
2025-01-10 19:15:00,9bf49aa4eea9e513beaa7bdb925f738e,V53,No,Dropped,,Tier 3,Nan,,,Dropped,Developer,Unknown
2025-01-04 22:04:00,3cea8b17549ac310536c6491a38d1229,V53,No,Insufficient Commits,,Tier 2,Menu Scheduler,"React (State management, Hooks), Tailwind CSS (Styling), date-fns (Date formatting), lucide-react (Icons), jsPDF & xlsx (Exporting data), Vite (React bundler)",10.0,Active,Developer,Unknown
2024-12-29 06:26:00,0b1abdefb0d64fac66764934f0871db7,V53,No,No Project Submission,,Tier 2,Nan,,,Inactive,Developer,Unknown
2024-12-27 11:45:00,d8f916c1770bf44fbdd183854d94f20a,V53,No,Dropped,,Tier 2,Menu Scheduler,"React (State management, Hooks), Tailwind CSS (Styling), date-fns (Date formatting), lucide-react (Icons), jsPDF & xlsx (Exporting data), Vite (React bundler)",10.0,Dropped,Developer,Unknown
2024-12-24 22:36:00,85479b5fa8be2c5567131f08327a8768,V53,No,Dropped,,Tier 3,Nan,,,Dropped,Developer,Unknown
2024-12-22 04:01:00,74f0d371df048268dfe778fb11543c86,V52,Yes,Completed,,Tier 3,Hl Solar,"Python, Flask, Firebase, HTML, JS, CSS",6.0,Inactive,Developer,Unknown
2024-12-21 09:06:00,f95d146e7f3ad9c98dceb941437baddf,V52,Yes,Completed,,Tier 1,S.A.Y,"React, Supabase DB",8.0,Active,Developer,Unknown
2024-12-20 16:40:00,b2a9d8fcf37642aa233d84f6fea2f8e7,V52,No,Insufficient Commits,,Tier 1,Solar Panel Services,Indexdb,7.0,Inactive,Developer,Unknown
2024-12-16 22:40:00,37a8d4c172c14618379622becfdc2256,V52,Yes,Cert Issued,2024-12-22,Tier 3,Sippy,"Figma, Google maps API, Postgress, Docker, Prisma, OAuth, Next.js, typescript, Tailwind, CSS",10.0,Active,Product Owner,Product - Voyage Certificate
2024-12-16 22:23:00,661d905e512ecdcf9d91a94c275f483b,V52,Yes,Cert Issued,2024-12-22,Tier 3,Rayvolution,"React, Next.js, MongoDB",10.0,Active,Developer,Subscription - Junior Professional
2024-12-16 20:22:00,09ac13a182ab05d87a6de51e2007de10,V52,Yes,Cert Issued,2024-12-22,Tier 3,Brightgrid,"Next.js, React.js, Tailwind CSS, MongoDB (Mongoose)",10.0,Active,Developer,Unknown
2024-12-16 15:45:00,c123d0f3a8a51bc6999daa511f2c4ba2,V52,Yes,Cert Issued,2024-12-22,Tier 2,Solarite,"React, Vite, TailWindCSS, Mapbox, Supabase,",8.0,Active,Developer,Product - Voyage Certificate
2024-12-16 10:42:00,f06a8ce17dcf9583ca21fe9dddb2ab53,V52,Yes,Cert Issued,2024-12-22,Tier 2,Solar Booker,React,10.0,Inactive,Product Owner,Product - Voyage Certificate
2024-12-16 02:34:00,973a3c0e41ff0edef2195d9f7d5d1ee7,V52,Yes,Cert Issued,2024-12-22,Tier 1,Solar Vibes,"JavaScript, CSS, HTML",9.0,Active,Developer,Subscription - Junior Professional
2024-12-15 21:52:00,ec224d211b11e83f061c41254d3f9346,V52,Yes,Cert Issued,2024-12-22,Tier 1,Solar Plexus,React CSS Firebase html node.js,7.0,Active,Developer,Subscription - Junior Professional
2024-12-15 21:09:00,3ec99a3a145494ddf030f15506dd9c25,V52,No,Completed,,Tier 2,Sunergy,Node JS HTML CSS,8.0,Active,Product Owner,Unknown
2024-12-15 20:18:00,2c0dcccb7bb36e6c724b073acf755fc9,V52,Yes,Cert Issued,2024-12-22,Tier 3,The Space Discovery App,"React.js / We're still working on the backend (MongoDB, Node.js))",10.0,Active,Product Owner,Subscription - Junior Professional
2024-12-15 17:23:00,3e877d3c4159f5f622a64f80fd1fd577,V52,Yes,Cert Issued,2024-12-22,Tier 2,Solar Panel Planner,"React, Tailwind, Redux Toolkit",10.0,Active,Developer,Subscription - Junior Professional
2024-12-15 16:33:00,34cba949f8966e20f7484bb5fde8e7dc,V52,Yes,Cert Issued,2024-12-22,Tier 2,Solarrise,Babel Webpack React-DOM   React Google Maps  React-Router-Dom  React Hook Form  React Datepicker  react-use-measure  Tailwind Css  Headless UI  React Icons  Prop Types  React PDF  Daisy UI  ESLint  Axios  React  Vite  uuid,10.0,Active,Developer,Subscription - Junior Professional
2024-12-15 15:18:00,6c7e730334de60d7d4e78d5914b8e5a2,V52,Yes,Cert Issued,2024-12-22,Tier 3,Kinderly,"Django / Django REST Framework, PostgreSQL ,JSONWebToken ,React, CSS, MaterialUI ,Axios",9.0,Inactive,Scrum Master,Product - Voyage Certificate
2024-12-15 13:58:00,5c3a07ebec7d7ab15cfb95c45ac30733,V52,Yes,Cert Issued,2024-12-22,Tier 3,Livescape,"Frontend: React with TypeScript,  ViteJS as Build Tool,  CSS Tailwind.  Backend: Node.JS with TypeScript,  Express as API framework,  Prisma as ORM,  PostgreSQL as database,  Zod for validation,  Jest for testing.",10.0,Active,Scrum Master,Product - Voyage Certificate
2024-12-15 11:47:00,5e4f65e67119fb5260552aa32d6eaef3,V52,Yes,Cert Issued,2024-12-22,Tier 2,No Name,"FrontEnd: Next.JS, Tailwindcss; Backend: Node.JS, Express.js, Prisma, MongoDB; Monorepo Management: Lerna",9.0,Active,Developer,Product - Voyage Certificate
2024-12-14 16:08:00,dd504ff379e3e4c01edf223414660e81,V52,Yes,Completed,,Tier 3,Solarize,"Nextjs, Supabase, Bootstrap, Google Maps API",8.0,Active,Scrum Master,Unknown
2024-12-14 13:58:00,bb75f534b0b89025733576adef0c696a,V53,No,Dropped,,Tier 3,Nan,,,Dropped,Data Scientist,Unknown
2024-12-14 13:53:00,bb75f534b0b89025733576adef0c696a,V52,Yes,Cert Issued,2024-12-22,Tier 2,Mobile Phone Usage & Behavior,,10.0,Active,Data Scientist,Product - Voyage Certificate
2024-12-13 10:22:00,bd2989f2d8b83ab720193f2ebb24f986,V53,No,No Project Submission,,Tier 3,Nan,,,Inactive,Developer,Unknown
2024-12-13 05:57:00,7733f105fb817d18448fe68500706039,V52,Yes,Completed,,Tier 3,Suncityla,"Nextjs, Postgresql, prisma, next-auth",8.0,Active,Developer,Unknown
2024-12-12 17:49:00,f1827e12a4cef9ff472e87c2fa7e7110,V52,Yes,Completed,,Tier 1,Solar Planner Services,"IndexedDB, vanilla javascript , HTML,CSS",10.0,Active,Developer,Unknown
2024-12-04 21:20:00,c60b324619d1b4b902df74c11ca0a9f5,V53,No,Dropped,,Tier 2,Menu Scheduler,"React (State management, Hooks), Tailwind CSS (Styling), date-fns (Date formatting), lucide-react (Icons), jsPDF & xlsx (Exporting data), Vite (React bundler)",10.0,Dropped,Developer,Unknown
2024-12-03 13:25:00,6c7e730334de60d7d4e78d5914b8e5a2,V53,No,Dropped,,Tier 3,Nan,,,Dropped,Scrum Master,Unknown
2024-11-24 04:35:00,e4b4d70c09f27348fceba9e33127b7dc,V53,No,Dropped,,Tier 2,Nan,,,Dropped,Developer,Unknown
2024-11-13 08:22:00,79e331f180b3e02c4a9443f346b841d4,V53,No,Dropped,,Tier 2,Menu Scheduler,"React (State management, Hooks), Tailwind CSS (Styling), date-fns (Date formatting), lucide-react (Icons), jsPDF & xlsx (Exporting data), Vite (React bundler)",10.0,Dropped,Developer,Unknown
2024-11-05 09:50:00,1e47901868851b18b65406001f734137,V52,Yes,Cert Issued,2024-12-22,Tier 2,Solarrise,Babel Webpack React-DOM   React Google Maps  React-Router-Dom  React Hook Form  React Datepicker  react-use-measure  Tailwind Css  Headless UI  React Icons  Prop Types  React PDF  Daisy UI  ESLint  Axios  React  Vite  uuid,10.0,Inactive,Product Owner,Product - Voyage Certificate
2024-11-04 14:00:00,1b0c0602a133285409f834b5e613db5f,V52,Yes,Completed,,Tier 1,Solar Vibes,"JavaScript, CSS, HTML",9.0,Active,Scrum Master,Unknown
2024-11-04 05:31:00,13c9293fbfff82eeb7f961a4ee52596b,V53,No,No Project Submission,,Tier 2,Nan,,,Inactive,Developer,Unknown
2024-11-03 06:45:00,dbb24bc4d6aa397e9a43da5514a5078b,V52,No,Dropped,,Tier 3,Solarize,"Nextjs, Supabase, Bootstrap, Google Maps API",8.0,Dropped,Developer,Unknown
2024-11-02 22:36:00,a91cd82a6985e81ca6e7d9ff842e61c3,V52,Yes,Completed,,Tier 2,Solarrise,Babel Webpack React-DOM   React Google Maps  React-Router-Dom  React Hook Form  React Datepicker  react-use-measure  Tailwind Css  Headless UI  React Icons  Prop Types  React PDF  Daisy UI  ESLint  Axios  React  Vite  uuid,10.0,Active,Developer,Subscription - Junior Professional
2024-11-02 08:40:00,90ac76ff8fa43771b74220cf039dd78d,V52,Yes,Completed,,Tier 3,Livescape,"Frontend: React with TypeScript,  ViteJS as Build Tool,  CSS Tailwind.  Backend: Node.JS with TypeScript,  Express as API framework,  Prisma as ORM,  PostgreSQL as database,  Zod for validation,  Jest for testing.",10.0,Active,Voyage Guide,Unknown
2024-11-01 07:56:00,8d3dc5edce9cd4628ac92c44e9a2a17e,V52,No,No Project Submission,,Tier 1,Nan,,,Inactive,Developer,Unknown
2024-11-01 07:24:00,f397cfc0bfb12dcc2d2f939a7bc9901c,V52,Yes,Completed,,Tier 2,No Name,"FrontEnd: Next.JS, Tailwindcss; Backend: Node.JS, Express.js, Prisma, MongoDB; Monorepo Management: Lerna",9.0,Active,Developer,Unknown
2024-10-31 03:57:00,83fa38706cb605c2aa19f8846c44059d,V52,No,Dropped,,Tier 2,No Name,"FrontEnd: Next.JS, Tailwindcss; Backend: Node.JS, Express.js, Prisma, MongoDB; Monorepo Management: Lerna",9.0,Dropped,Developer,Unknown
2024-10-30 23:04:00,23a6c0c4a2a8b760cf31fe599d6cbb87,V52,Yes,Completed,,Tier 3,The Space Discovery App,"React.js / We're still working on the backend (MongoDB, Node.js))",10.0,Active,Developer,Unknown
2024-10-30 17:34:00,0aed498d5866c4582eaa4f09e264754b,V52,Yes,Completed,,Tier 3,The Space Discovery App,"React.js / We're still working on the backend (MongoDB, Node.js))",10.0,Inactive,Developer,Unknown
2024-10-30 13:50:00,d9cdec2f5da6b5bde175d9bee3c3188f,V52,Yes,Completed,,Tier 2,Solarrise,Babel Webpack React-DOM   React Google Maps  React-Router-Dom  React Hook Form  React Datepicker  react-use-measure  Tailwind Css  Headless UI  React Icons  Prop Types  React PDF  Daisy UI  ESLint  Axios  React  Vite  uuid,10.0,Active,Developer,Unknown
2024-10-30 13:19:00,c42b772aaae1b730134f265075ff416d,V52,No,Insufficient Commits,,Tier 3,Kinderly,"Django / Django REST Framework, PostgreSQL ,JSONWebToken ,React, CSS, MaterialUI ,Axios",9.0,Inactive,Developer,Unknown
2024-10-30 09:36:00,2c0dcccb7bb36e6c724b073acf755fc9,V52,Yes,Cert Issued,2024-12-22,Tier 2,Solar Booker,React,10.0,Active,Voyage Guide,Unknown
2024-10-30 01:52:00,6952130ebb89e51bc220819e98cd5368,V52,No,Dropped,,Tier 3,Hl Solar,"Python, Flask, Firebase, HTML, JS, CSS",6.0,Dropped,Developer,Unknown
2024-10-29 22:16:00,734271763e6a53054416eba4090c9425,V52,Yes,Completed,,Tier 3,Rayvolution,"React, Next.js, MongoDB",10.0,Active,Voyage Guide,Unknown
2024-10-29 08:11:00,579bb41e60241e7649f44169f996b019,V52,Yes,Completed,,Tier 2,Solar Panel Planner,"React, Tailwind, Redux Toolkit",10.0,Active,Voyage Guide,Unknown
2024-10-29 06:24:00,d2a984beb6499671001e11730174c4f3,V52,No,Insufficient Commits,,Tier 2,Sunergy,Node JS HTML CSS,8.0,Inactive,Developer,Unknown
2024-10-28 19:16:00,1a3de414f46a58e2decf71cba750e3c7,V52,Yes,Cert Issued,2024-12-22,Tier 2,Solarite,"React, Vite, TailWindCSS, Mapbox, Supabase,",8.0,Active,Developer,Product - Voyage Certificate
2024-10-28 18:27:00,679cb2368cccca6a7c54a84f8298bf1b,V52,Yes,Completed,,Tier 2,Solarrise,Babel Webpack React-DOM   React Google Maps  React-Router-Dom  React Hook Form  React Datepicker  react-use-measure  Tailwind Css  Headless UI  React Icons  Prop Types  React PDF  Daisy UI  ESLint  Axios  React  Vite  uuid,10.0,Active,Product Owner,Unknown
2024-10-28 16:55:00,2c30e5756bdf13f734d6fe476e9b1871,V52,Yes,Cert Issued,2024-12-22,Tier 2,Solarrise,Babel Webpack React-DOM   React Google Maps  React-Router-Dom  React Hook Form  React Datepicker  react-use-measure  Tailwind Css  Headless UI  React Icons  Prop Types  React PDF  Daisy UI  ESLint  Axios  React  Vite  uuid,10.0,Active,Developer,Product - Voyage Certificate
2024-10-28 16:39:00,b2a9d8fcf37642aa233d84f6fea2f8e7,V52,No,Insufficient Commits,,Tier 1,Solar Planner Services,"IndexedDB, vanilla javascript , HTML,CSS",10.0,Inactive,Developer,Unknown
2024-10-28 15:37:00,447f7e03745afe5ade5971d150d9d76f,V52,Yes,Cert Issued,2024-12-22,Tier 2,Solar Panel Planner,"React, Tailwind, Redux Toolkit",10.0,Active,Developer,Product - Voyage Certificate
2024-10-28 11:03:00,870183c39a052219b248efcbf6b1127c,V52,No,No Contributions In Github,,Tier 2,Solar Booker,React,10.0,Inactive,Scrum Master,Unknown
2024-10-28 07:47:00,ab2d19833d8410a9c93a326b91d2e29d,V52,Yes,Cert Issued,2024-12-22,Tier 2,Solarite,"React, Vite, TailWindCSS, Mapbox, Supabase,",8.0,Active,Developer,Product - Voyage Certificate
2024-10-28 07:19:00,25aa51166c6c3224a1b5fd72fbf25fb3,V52,No,Insufficient Commits,,Tier 3,Livescape,"Frontend: React with TypeScript,  ViteJS as Build Tool,  CSS Tailwind.  Backend: Node.JS with TypeScript,  Express as API framework,  Prisma as ORM,  PostgreSQL as database,  Zod for validation,  Jest for testing.",10.0,Inactive,Developer,Unknown
2024-10-28 01:24:00,e82069f230ec185922ab42e7ec6637d1,V52,No,No Project Submission,,Tier 3,Nan,,,Inactive,Developer,Unknown
2024-10-27 19:22:00,6d9c1b695fc10fcdbd714028dffb6030,V52,Yes,Cert Issued,2024-12-22,Tier 2,Solar Booker,React,10.0,Active,Developer,Subscription - Junior Professional
2024-10-27 17:07:00,bed6053cb351e818b40f8c5ea796eb16,V52,Yes,Completed,,Tier 2,Sunergy,Node JS HTML CSS,8.0,Active,Developer,Unknown
2024-10-27 14:50:00,57355910b7988c0af4121744d60ef178,V52,Yes,Completed,,Tier 3,Livescape,"Frontend: React with TypeScript,  ViteJS as Build Tool,  CSS Tailwind.  Backend: Node.JS with TypeScript,  Express as API framework,  Prisma as ORM,  PostgreSQL as database,  Zod for validation,  Jest for testing.",10.0,Active,Developer,Unknown
2024-10-27 12:29:00,2a40cb3e9accf505eb2949bbafe24ccb,V52,Yes,Completed,,Tier 2,Sunergy,Node JS HTML CSS,8.0,Active,Developer,Unknown
2024-10-27 08:48:00,702d9c1111e1ad2432c01c5c221b2b8e,V52,No,No Project Submission,,Tier 2,Nan,,,Active,Developer,Subscription - Junior Professional
2024-10-27 07:28:00,10771b5a15f096c4a4952aae8877bcf0,V52,Yes,Cert Issued,2024-12-22,Tier 2,No Name,"FrontEnd: Next.JS, Tailwindcss; Backend: Node.JS, Express.js, Prisma, MongoDB; Monorepo Management: Lerna",9.0,Active,Developer,Product - Voyage Certificate
2024-10-26 14:59:00,2433c9a711d7822a999a54ec5afa8e70,V52,Yes,Completed,,Tier 2,Solar Panel Planner,"React, Tailwind, Redux Toolkit",10.0,Active,Developer,Unknown
2024-10-25 23:47:00,cb68e66f62673cccdf63e1e4fc3ae3ed,V52,Yes,Completed,,Tier 3,Rayvolution,"React, Next.js, MongoDB",10.0,Active,Developer,Unknown
2024-10-25 21:28:00,17564db6ceefeecfa3882d781eedba50,V52,Yes,Completed,,Tier 1,Solar Vibes,"JavaScript, CSS, HTML",9.0,Inactive,Developer,Unknown
2024-10-25 15:07:00,203f0780fa4a5c1070fd9b174e16abc1,V52,Yes,Completed,,Tier 1,Solar Plexus,React CSS Firebase html node.js,7.0,Active,Ui/Ux Designer,Donation
2024-10-25 11:10:00,95a3f80f47b0611498d2b3f060111930,V52,Yes,Cert Issued,2024-12-22,Tier 1,Solar Vibes,"JavaScript, CSS, HTML",9.0,Active,Scrum Master,Product - Voyage Certificate
2024-10-25 05:26:00,dbb24bc4d6aa397e9a43da5514a5078b,V52,No,Dropped,,Tier 3,Sippy,"Figma, Google maps API, Postgress, Docker, Prisma, OAuth, Next.js, typescript, Tailwind, CSS",10.0,Dropped,Developer,Unknown
2024-10-24 23:38:00,d3c85bf0902aafdfe6b686ab40aa2783,V52,No,No Project Submission,,Tier 3,Nan,,,Inactive,Developer,Unknown
2024-10-24 22:44:00,f788a6922bebfd86b1338709f8d1d78a,V52,Yes,Completed,,Tier 3,Brightgrid,"Next.js, React.js, Tailwind CSS, MongoDB (Mongoose)",10.0,Active,Developer,Unknown
2024-10-24 21:21:00,e76bc94dccae99e58bdc828f78471429,V52,Yes,Cert Issued,2024-12-22,Tier 2,Solar Panel Planner,"React, Tailwind, Redux Toolkit",10.0,Active,Scrum Master,Product - Voyage Certificate
2024-10-24 19:46:00,202a1d96c87f5b63367bf7b7a7db3c12,V52,Yes,Completed,,Tier 1,Solar Plexus,React CSS Firebase html node.js,7.0,Active,Developer,Unknown
2024-10-24 17:25:00,40c99e90ca3b20e28852813970665ea4,V53,No,No Project Submission,,Tier 2,Nan,,,Inactive,Product Owner,Unknown
2024-10-24 16:25:00,ea5fa1202b8ada67332e743b73746041,V52,No,No Contributions In Github,,Tier 3,Solarize,"Nextjs, Supabase, Bootstrap, Google Maps API",8.0,Inactive,Scrum Master,Subscription - Junior Professional
2024-10-24 15:49:00,6168fe00dc59a2d9acc000f5f0b6ce41,V52,No,No Project Submission,,Tier 3,Nan,,,Inactive,Developer,Unknown
2024-10-24 08:20:00,a952eed32434b20325356ac9b041c7fc,V52,No,Dropped,,Tier 3,Hl Solar,"Python, Flask, Firebase, HTML, JS, CSS",6.0,Dropped,Developer,Unknown
2024-10-24 06:20:00,512b41d48b1b4b2f9d42f4638fe813ae,V52,Yes,Completed,,Tier 3,Sippy,"Figma, Google maps API, Postgress, Docker, Prisma, OAuth, Next.js, typescript, Tailwind, CSS",10.0,Active,Developer,Unknown
2024-10-24 05:16:00,d629e7f0c2d7108a1f800d2a2106ed71,V52,Yes,Cert Issued,2024-12-22,Tier 3,Livescape,"Frontend: React with TypeScript,  ViteJS as Build Tool,  CSS Tailwind.  Backend: Node.JS with TypeScript,  Express as API framework,  Prisma as ORM,  PostgreSQL as database,  Zod for validation,  Jest for testing.",10.0,Active,Developer,Subscription - Junior Professional
2024-10-24 04:18:00,5f28def0b2a901fe2bd6c7b4cb1b1c43,V52,No,No Project Submission,,Tier 3,Nan,,,Inactive,Developer,Unknown
2024-10-24 03:46:00,2267ca5a6abd69bb9ef339c276a5b462,V52,No,Insufficient Commits,,Tier 1,Solar Planner Services,"IndexedDB, vanilla javascript , HTML,CSS",10.0,Inactive,Developer,Unknown
2024-10-23 16:42:00,37ee2472251c1b6ec1ace4412468478a,V52,No,No Project Submission,,Tier 2,Nan,,,Active,Scrum Master,Unknown
2024-10-23 14:00:00,8a4306ee2b5e36740d935f275b516bc1,V52,Yes,Cert Issued,2024-12-22,Tier 2,Mobile Phone Usage & Behavior,,10.0,Active,Data Scientist,Product - Voyage Certificate
2024-10-23 13:37:00,c7d2957eee5e33ddf12ad16fc7c14412,V52,Yes,Cert Issued,2024-12-22,Tier 3,Kinderly,"Django / Django REST Framework, PostgreSQL ,JSONWebToken ,React, CSS, MaterialUI ,Axios",9.0,Active,Developer,Product - Voyage Certificate
2024-10-23 10:17:00,71548963c25b90d01c3c3e03903544cb,V51,Tbd,Tbd,,Tier 2,Slice,React + Vite,10.0,Unknown,Unknown,Unknown
2024-10-23 10:16:00,6e50a02217ea2fb4e2531062b2de9454,V52,No,Dropped,,Tier 3,Nan,,,Dropped,Scrum Master,Unknown
2024-10-23 10:03:00,10f771766d9375e6c8eae298e2b0b03e,V52,Yes,Completed,,Tier 3,Livescape,"Frontend: React with TypeScript,  ViteJS as Build Tool,  CSS Tailwind.  Backend: Node.JS with TypeScript,  Express as API framework,  Prisma as ORM,  PostgreSQL as database,  Zod for validation,  Jest for testing.",10.0,Active,Developer,Unknown
2024-10-22 20:04:00,0eac5a0aac41f3ae1e28b8c73e80c31e,V51,No,Insufficient Commits,,Tier 3,Expense Splitter,MERNest.js,10.0,Inactive,Developer,Unknown
2024-10-22 20:04:00,f9907bfea734c2e4a78e17f69ad0f9de,V51,No,Dropped,,Tier 3,Expense Splitter,MERNest.js,10.0,Dropped,Developer,Unknown
2024-10-22 20:04:00,10b71b339b21fb4bd86b0229c4caae2a,V51,Yes,Completed,,Tier 3,Expense Splitter,MERNest.js,10.0,Active,Developer,Unknown
2024-10-22 20:04:00,e388b81e82032084a807d1af91327f16,V51,Yes,Completed,,Tier 3,Expense Splitter,MERNest.js,10.0,Inactive,Developer,Unknown
2024-10-22 20:04:00,dbb24bc4d6aa397e9a43da5514a5078b,V51,Yes,Cert Issued,,Tier 3,Expense Splitter,MERNest.js,10.0,Active,Developer,Subscription - Junior Professional
2024-10-22 11:22:00,8c8c7fd91d3e1f05174b1ca83d0c98e4,V52,No,No Project Submission,,Tier 2,Nan,,,Active,Developer,Unknown
2024-10-22 05:40:00,641bef205dad2778eb4ffe097c24d69d,V52,Yes,Completed,,Tier 2,Solarrise,Babel Webpack React-DOM   React Google Maps  React-Router-Dom  React Hook Form  React Datepicker  react-use-measure  Tailwind Css  Headless UI  React Icons  Prop Types  React PDF  Daisy UI  ESLint  Axios  React  Vite  uuid,10.0,Active,Developer,Unknown
2024-10-21 20:02:00,23b61dabaadce2f9d43ea020de7b6b86,V52,Yes,Completed,,Tier 3,Sippy,"Figma, Google maps API, Postgress, Docker, Prisma, OAuth, Next.js, typescript, Tailwind, CSS",10.0,Active,Developer,Unknown
2024-10-21 12:02:00,38008601b0fe731113504693be071ca2,V52,Yes,Completed,,Tier 2,Solar Booker,React,10.0,Inactive,Scrum Master,Unknown
2024-10-21 10:30:00,3087a640378c425681741372698938c7,V51,Yes,Cert Issued,,Tier 3,Travelit,"NextJs, Typescript, MongoDb",10.0,Active,Voyage Guide,Subscription - Junior Professional
2024-10-21 10:30:00,34af5dd510b784058e4473c87bb16883,V51,No,Dropped,,Tier 3,Travelit,"NextJs, Typescript, MongoDb",10.0,Dropped,Developer,Unknown
2024-10-21 10:30:00,077a4f0350f9f7d182eda4ceefa06cd6,V51,Yes,Completed,,Tier 3,Travelit,"NextJs, Typescript, MongoDb",10.0,Inactive,Developer,Unknown
2024-10-21 10:30:00,384fb7d848316357f817c9b406e14aeb,V51,Yes,Completed,,Tier 3,Travelit,"NextJs, Typescript, MongoDb",10.0,Active,Scrum Master,Unknown
2024-10-21 10:30:00,5f8eeb6f3328448233a3fe2d01ea8b43,V51,No,Dropped,,Tier 3,Travelit,"NextJs, Typescript, MongoDb",10.0,Dropped,Developer,Unknown
2024-10-21 10:30:00,f0b1b5a53d5d41c851a9ac708aae1bef,V51,No,Dropped,,Tier 3,Travelit,"NextJs, Typescript, MongoDb",10.0,Dropped,Developer,Unknown
2024-10-21 10:30:00,6993700afed2401966615bcf17c6e94c,V51,No,Insufficient Commits,,Tier 3,Travelit,"NextJs, Typescript, MongoDb",10.0,Inactive,Developer,Unknown
2024-10-21 10:30:00,2ec0f3a27bbf1cb0daec9988bc50ea92,V51,No,Insufficient Commits,,Tier 3,Travelit,"NextJs, Typescript, MongoDb",10.0,Dropped,Developer,Unknown
2024-10-21 10:30:00,23b61dabaadce2f9d43ea020de7b6b86,V51,Yes,Completed,,Tier 3,Travelit,"NextJs, Typescript, MongoDb",10.0,Active,Developer,Unknown
2024-10-21 05:19:00,c6d1845359566b77fb08be26c21d0213,V51,Yes,Cert Issued,2024-10-13,Tier 3,V51-Tier3-Team32,Our team used vite for this app. Heroku was used to deploy the backend of the app. Vercel was used to deploy the frontend of the app.,10.0,Active,Voyage Guide,Unknown
2024-10-21 05:19:00,4bc38960549a97e004a615880716bca4,V51,No,Incomplete App,,Tier 3,V51-Tier3-Team32,Our team used vite for this app. Heroku was used to deploy the backend of the app. Vercel was used to deploy the frontend of the app.,10.0,Inactive,Product Owner,Unknown
2024-10-21 05:19:00,e3c274650cbfe40d7ba7db59aa3dc500,V51,No,Incomplete App,,Tier 3,V51-Tier3-Team32,Our team used vite for this app. Heroku was used to deploy the backend of the app. Vercel was used to deploy the frontend of the app.,10.0,Inactive,Developer,Unknown
2024-10-21 05:19:00,b637c7748f1f3f88ededa9dace09572b,V51,Yes,Cert Issued,,Tier 3,V51-Tier3-Team32,Our team used vite for this app. Heroku was used to deploy the backend of the app. Vercel was used to deploy the frontend of the app.,10.0,Active,Developer,Product - Voyage Certificate
2024-10-21 05:19:00,b8fa6ce2a62ba77dda38d9d10584d1be,V51,No,Incomplete App,,Tier 3,V51-Tier3-Team32,Our team used vite for this app. Heroku was used to deploy the backend of the app. Vercel was used to deploy the frontend of the app.,10.0,Active,Developer,Unknown
2024-10-21 05:19:00,f778e4051bfd1e6bddf681664f150d28,V51,No,Incomplete App,,Tier 3,V51-Tier3-Team32,Our team used vite for this app. Heroku was used to deploy the backend of the app. Vercel was used to deploy the frontend of the app.,10.0,Inactive,Ui/Ux Designer,Unknown
2024-10-21 05:19:00,f246a4ad4f2614682bc81cd8c392b9b5,V51,No,Incomplete App,,Tier 3,V51-Tier3-Team32,Our team used vite for this app. Heroku was used to deploy the backend of the app. Vercel was used to deploy the frontend of the app.,10.0,Active,Developer,Unknown
2024-10-21 05:19:00,c499d660f2690ca8b94312615f16c644,V51,No,Incomplete App,,Tier 3,V51-Tier3-Team32,Our team used vite for this app. Heroku was used to deploy the backend of the app. Vercel was used to deploy the frontend of the app.,10.0,Active,Developer,Unknown
2024-10-21 05:19:00,31430e93ed2ec11020ecb449800ede8b,V51,Yes,Completed,,Tier 3,V51-Tier3-Team32,Our team used vite for this app. Heroku was used to deploy the backend of the app. Vercel was used to deploy the frontend of the app.,10.0,Active,Scrum Master,Unknown
2024-10-20 17:43:00,08d752e60fc263e5f89f2be1e8ef279f,V51,Yes,Completed,,Tier 2,Divvy Up,"React, Vite, MUI, and GitHub Pages",9.0,Inactive,Developer,Unknown
2024-10-20 17:43:00,8e49662b0636ee4c0f0c540e6267da00,V51,Yes,Completed,,Tier 2,Divvy Up,"React, Vite, MUI, and GitHub Pages",9.0,Inactive,Developer,Unknown
2024-10-20 17:43:00,760473a6a79bcf4cc906036994cdc75b,V51,Yes,Cert Issued,,Tier 2,Divvy Up,"React, Vite, MUI, and GitHub Pages",9.0,Inactive,Scrum Master,Subscription - Professional
2024-10-20 17:43:00,923f0acbceaa9aae256018bdb04190dc,V51,No,Dropped,,Tier 2,Divvy Up,"React, Vite, MUI, and GitHub Pages",9.0,Dropped,Developer,Unknown
2024-10-20 17:43:00,23c446cdbc6b94b09c842fab63e406c6,V51,No,Insufficient Commits,,Tier 2,Divvy Up,"React, Vite, MUI, and GitHub Pages",9.0,Active,Developer,Unknown
2024-10-20 17:43:00,ea5fa1202b8ada67332e743b73746041,V51,Yes,Cert Issued,,Tier 2,Divvy Up,"React, Vite, MUI, and GitHub Pages",9.0,Active,Scrum Master,Subscription - Junior Professional
2024-10-20 14:01:00,24e310ce62dc11d2d38f1ead4ceae641,V52,Yes,Completed,,Tier 3,Suncityla,"Nextjs, Postgresql, prisma, next-auth",8.0,Active,Developer,Unknown
2024-10-20 13:52:00,c55ec7a82f1cbfcb18d8bbf345bca572,V51,No,Dropped,,Tier 3,Wesplit,"Nextjs to build dynamic user interfaces (frontend), Nextjs to handle server side logic and MongoDB",10.0,Dropped,Developer,Unknown
2024-10-20 13:52:00,072bb67fe52d83e5b1bdb310d128b4ad,V51,Yes,Completed,,Tier 3,Wesplit,"Nextjs to build dynamic user interfaces (frontend), Nextjs to handle server side logic and MongoDB",10.0,Active,Developer,Unknown
2024-10-20 13:52:00,f67b359adb0c8d84c911633e39f3e2d8,V51,Yes,Completed,,Tier 3,Wesplit,"Nextjs to build dynamic user interfaces (frontend), Nextjs to handle server side logic and MongoDB",10.0,Inactive,Developer,Unknown
2024-10-20 13:52:00,32550a4360de77df06f8b56a1efc23c0,V51,Yes,Cert Issued,,Tier 3,Wesplit,"Nextjs to build dynamic user interfaces (frontend), Nextjs to handle server side logic and MongoDB",10.0,Active,Scrum Master,Subscription - Junior Professional
2024-10-20 13:52:00,5f28def0b2a901fe2bd6c7b4cb1b1c43,V51,No,Dropped,,Tier 3,Wesplit,"Nextjs to build dynamic user interfaces (frontend), Nextjs to handle server side logic and MongoDB",10.0,Dropped,Developer,Unknown
2024-10-20 13:52:00,a51280ca81fb79a0bb5864571aacd517,V51,No,Dropped,,Tier 3,Wesplit,"Nextjs to build dynamic user interfaces (frontend), Nextjs to handle server side logic and MongoDB",10.0,Dropped,Ui/Ux Designer,Unknown
2024-10-20 13:52:00,ceee196344042602834301139e871105,V51,No,Insufficient Commits,,Tier 3,Wesplit,"Nextjs to build dynamic user interfaces (frontend), Nextjs to handle server side logic and MongoDB",10.0,Active,Developer,Unknown
2024-10-20 13:52:00,2b4cea01097f1634842138194a2e3dcd,V51,Yes,Cert Issued,,Tier 3,Wesplit,"Nextjs to build dynamic user interfaces (frontend), Nextjs to handle server side logic and MongoDB",10.0,Active,Developer,Product - Voyage Certificate
2024-10-20 13:52:00,410f4486b420211100da036046e5bdf4,V51,Yes,Completed,,Tier 3,Wesplit,"Nextjs to build dynamic user interfaces (frontend), Nextjs to handle server side logic and MongoDB",10.0,Active,Product Owner,Unknown
2024-10-20 13:16:00,a5c03fea9efe6fcc10deda7b98148b4f,V51,No,Dropped,,Tier 2,Slice,React + Vite,10.0,Dropped,Scrum Master,Unknown
2024-10-20 13:16:00,a91cd82a6985e81ca6e7d9ff842e61c3,V51,Yes,Completed,,Tier 2,Slice,React + Vite,10.0,Active,Developer,Subscription - Junior Professional
2024-10-20 13:16:00,fff1b532fb511f1ade207c7f213b1937,V51,No,Dropped,,Tier 2,Slice,React + Vite,10.0,Dropped,Developer,Subscription - Junior Professional
2024-10-20 13:16:00,f2b46fc6bb985aa15f3d1c49083b4bb3,V51,Yes,Completed,,Tier 2,Slice,React + Vite,10.0,Active,Ui/Ux Designer,Unknown
2024-10-20 13:16:00,30e7f3b0b931b7e49beeef177c5a9ff7,V51,No,Dropped,,Tier 2,Slice,React + Vite,10.0,Dropped,Developer,Unknown
2024-10-20 13:16:00,c68d13fb63fe71d01de84f68a2df1702,V51,Yes,Cert Issued,,Tier 2,Slice,React + Vite,10.0,Active,Developer,Product - Voyage Certificate
2024-10-20 13:16:00,bd3130e96806a09634aac1ccdf72db13,V51,Yes,Cert Issued,,Tier 2,Slice,React + Vite,10.0,Active,Developer,Product - Voyage Certificate
2024-10-20 13:16:00,f06a8ce17dcf9583ca21fe9dddb2ab53,V51,Yes,Cert Issued,,Tier 2,Slice,React + Vite,10.0,Active,Product Owner,Product - Voyage Certificate
2024-10-20 13:16:00,71548963c25b90d01c3c3e03903544cb,V51,Yes,Cert Issued,,Tier 2,Slice,React + Vite,10.0,Active,Scrum Master,Product - Voyage Certificate
2024-10-19 12:25:00,fd635d2402d6bbd397c17afba0c66c77,V52,Yes,Completed,,Tier 3,The Space Discovery App,"React.js / We're still working on the backend (MongoDB, Node.js))",10.0,Active,Developer,Unknown
2024-10-19 08:51:00,6e366981a3067886fe0038432484fc57,V52,No,Dropped,,Tier 3,Livescape,"Frontend: React with TypeScript,  ViteJS as Build Tool,  CSS Tailwind.  Backend: Node.JS with TypeScript,  Express as API framework,  Prisma as ORM,  PostgreSQL as database,  Zod for validation,  Jest for testing.",10.0,Dropped,Developer,Unknown
2024-10-18 18:51:00,f7fa2604ae454240ba1868169804e53b,V52,Yes,Completed,,Tier 3,The Space Discovery App,"React.js / We're still working on the backend (MongoDB, Node.js))",10.0,Active,Developer,Unknown
2024-10-18 12:16:00,3b5e34ca7ceb0ede6f452253b295146e,V52,Yes,Completed,,Tier 3,Sippy,"Figma, Google maps API, Postgress, Docker, Prisma, OAuth, Next.js, typescript, Tailwind, CSS",10.0,Active,Developer,Unknown
2024-10-18 10:19:00,daeb69b4f2bcfc78524d167b76ff87e0,V52,Yes,Cert Issued,2024-12-22,Tier 2,Solar Booker,React,10.0,Active,Scrum Master,Subscription - Junior Professional
2024-10-18 08:57:00,65bca75ed9cf634262ecba528a3c2c25,V52,No,Dropped,,Tier 3,Hl Solar,"Python, Flask, Firebase, HTML, JS, CSS",6.0,Dropped,Developer,Unknown
2024-10-17 15:06:00,3060316d9042859037b3ec2d0a7ce673,V52,No,No Project Submission,,Tier 3,Nan,,,Inactive,Developer,Unknown
2024-10-15 22:05:00,f0b1b5a53d5d41c851a9ac708aae1bef,V52,No,Dropped,,Tier 3,Solarize,"Nextjs, Supabase, Bootstrap, Google Maps API",8.0,Dropped,Developer,Unknown
2024-10-15 06:50:00,c499d660f2690ca8b94312615f16c644,V52,No,Insufficient Commits,,Tier 3,Suncityla,"Nextjs, Postgresql, prisma, next-auth",8.0,Active,Developer,Unknown
2024-10-14 11:14:00,f7be5b2559cd02202b410c4de5a14007,V52,No,No Project Submission,,Tier 2,Nan,,,Active,Voyage Guide,Unknown
2024-10-14 10:48:00,3087a640378c425681741372698938c7,V52,Yes,Completed,,Tier 2,Solarrise,Babel Webpack React-DOM   React Google Maps  React-Router-Dom  React Hook Form  React Datepicker  react-use-measure  Tailwind Css  Headless UI  React Icons  Prop Types  React PDF  Daisy UI  ESLint  Axios  React  Vite  uuid,10.0,Active,Voyage Guide,Unknown
2024-10-14 08:06:00,37a8d4c172c14618379622becfdc2256,V51,Yes,Completed,,Tier 3,Geodash World,"MERN stack: MongoDB, Express.js, React.js, and Node.js, Google Maps API",10.0,Active,Scrum Master,Unknown
2024-10-14 08:06:00,fd635d2402d6bbd397c17afba0c66c77,V51,Yes,Cert Issued,2024-10-13,Tier 3,Geodash World,"MERN stack: MongoDB, Express.js, React.js, and Node.js, Google Maps API",10.0,Active,Developer,Product - Voyage Certificate
2024-10-14 08:06:00,12b1c7a5a8d92e231621cfedea4a0875,V51,Yes,Completed,,Tier 3,Geodash World,"MERN stack: MongoDB, Express.js, React.js, and Node.js, Google Maps API",10.0,Inactive,Product Owner,Unknown
2024-10-14 08:06:00,a8405eba8002a317f0ec7d1c7e24cad1,V51,No,Insufficient Commits,,Tier 3,Geodash World,"MERN stack: MongoDB, Express.js, React.js, and Node.js, Google Maps API",10.0,Inactive,Developer,Unknown
2024-10-14 08:06:00,119a748315b9ce1816afb615de5b9933,V51,No,Dropped,,Tier 3,Geodash World,"MERN stack: MongoDB, Express.js, React.js, and Node.js, Google Maps API",10.0,Dropped,Developer,Unknown
2024-10-14 08:06:00,f7fa2604ae454240ba1868169804e53b,V51,Yes,Cert Issued,,Tier 3,Geodash World,"MERN stack: MongoDB, Express.js, React.js, and Node.js, Google Maps API",10.0,Active,Developer,Product - Voyage Certificate
2024-10-14 08:06:00,3b5e34ca7ceb0ede6f452253b295146e,V51,Yes,Completed,,Tier 3,Geodash World,"MERN stack: MongoDB, Express.js, React.js, and Node.js, Google Maps API",10.0,Active,Developer,Unknown
2024-10-14 08:06:00,8c5efffabf90778104d5c18572f3277a,V51,Yes,Completed,,Tier 3,Geodash World,"MERN stack: MongoDB, Express.js, React.js, and Node.js, Google Maps API",10.0,Active,Product Owner,Unknown
2024-10-14 08:06:00,2c0dcccb7bb36e6c724b073acf755fc9,V51,Yes,Cert Issued,2024-10-13,Tier 3,Geodash World,"MERN stack: MongoDB, Express.js, React.js, and Node.js, Google Maps API",10.0,Active,Voyage Guide,Unknown
2024-10-14 08:06:00,58a1c6ef82af4f065afd82d0d439cbd4,V51,Yes,Completed,,Tier 3,Geodash World,"MERN stack: MongoDB, Express.js, React.js, and Node.js, Google Maps API",10.0,Active,Developer,Unknown
2024-10-14 07:57:00,34d66383a61c4622d3893b53f0102a5d,V52,No,No Project Submission,,Tier 3,Nan,,,Active,Voyage Guide,Subscription - Junior Professional
2024-10-14 07:56:00,2b4cea01097f1634842138194a2e3dcd,V52,Yes,Cert Issued,2024-12-23,Tier 1,Solar Plexus,React CSS Firebase html node.js,7.0,Active,Voyage Guide,Unknown
2024-10-14 03:48:00,5b288bd2a5c29dd4a83f6f7355096700,V52,Yes,Cert Issued,2024-12-22,Tier 2,Solar Booker,React,10.0,Active,Developer,Subscription - Junior Professional
2024-10-13 19:44:00,cf937a2b148b142b6ae6e4bc79f5d4bf,V51,Yes,Completed,,Tier 2,Fairshare,"React, Vite, node.js, Firebase, Chartjs, Tailwind",10.0,Active,Scrum Master,Unknown
2024-10-13 19:44:00,3dda0402369cde4ef954c5d0bd2552ae,V51,No,Dropped,,Tier 2,Fairshare,"React, Vite, node.js, Firebase, Chartjs, Tailwind",10.0,Dropped,Developer,Unknown
2024-10-13 19:44:00,0ba2457755a115c0f04949e88521eeb0,V51,No,Dropped,,Tier 2,Fairshare,"React, Vite, node.js, Firebase, Chartjs, Tailwind",10.0,Dropped,Developer,Unknown
2024-10-13 19:44:00,0af0a73564813b28d954b797b6a21d44,V51,Yes,Completed,,Tier 2,Fairshare,"React, Vite, node.js, Firebase, Chartjs, Tailwind",10.0,Active,Developer,Unknown
2024-10-13 19:44:00,044fb6bf6c427216e5f605b03a734a4b,V51,Yes,Completed,,Tier 2,Fairshare,"React, Vite, node.js, Firebase, Chartjs, Tailwind",10.0,Active,Developer,Unknown
2024-10-13 19:44:00,2279b27c08dbfff0a858f1505086a0f3,V51,Yes,Completed,,Tier 2,Fairshare,"React, Vite, node.js, Firebase, Chartjs, Tailwind",10.0,Active,Developer,Unknown
2024-10-13 19:15:00,661d905e512ecdcf9d91a94c275f483b,V51,Yes,Completed,,Tier 2,Expense-Splitter,"React, Firebase",10.0,Active,Developer,Unknown
2024-10-13 19:15:00,b1b63a74a8866c32ec4708104ea502cc,V51,No,Dropped,,Tier 2,Expense-Splitter,"React, Firebase",10.0,Dropped,Developer,Unknown
2024-10-13 19:15:00,8d2dbf10929dc4ffd444d76bf153776a,V51,Yes,Completed,,Tier 2,Expense-Splitter,"React, Firebase",10.0,Active,Developer,Unknown
2024-10-13 19:15:00,6d9c1b695fc10fcdbd714028dffb6030,V51,Yes,Completed,,Tier 2,Expense-Splitter,"React, Firebase",10.0,Inactive,Developer,Unknown
2024-10-13 19:15:00,221623c5bdf73cf8a6ba89b9ddde140c,V51,Yes,Completed,,Tier 2,Expense-Splitter,"React, Firebase",10.0,Active,Developer,Unknown
2024-10-13 19:15:00,9c189ab5b7e227fe0c3f25257ed294ab,V51,Yes,Completed,,Tier 2,Expense-Splitter,"React, Firebase",10.0,Inactive,Product Owner,Unknown
2024-10-13 19:15:00,d0b1c797f5469cda42532422cf114a09,V51,Yes,Cert Issued,2024-10-13,Tier 2,Expense-Splitter,"React, Firebase",10.0,Active,Ui/Ux Designer,Product - Voyage Certificate
2024-10-13 19:15:00,623f0073555568b26a6c1838ea7795cb,V51,No,Insufficient Commits,,Tier 2,Expense-Splitter,"React, Firebase",10.0,Active,Developer,Unknown
2024-10-13 19:15:00,e491313c13121f5e68a873968b548f9a,V51,Yes,Cert Issued,,Tier 2,Expense-Splitter,"React, Firebase",10.0,Active,Scrum Master,Product - Voyage Certificate
2024-10-13 16:02:00,b2e0990e9fa5377695dbfb36cc170649,V52,Yes,Completed,,Tier 2,Solar Panel Planner,"React, Tailwind, Redux Toolkit",10.0,Active,Scrum Master,Unknown
2024-10-13 15:52:00,f7be5b2559cd02202b410c4de5a14007,V51,Yes,Completed,,Tier 2,Splitmate (Expense Splitter App),"React, TailwindCSS, Shadcn",10.0,Active,Developer,Unknown
2024-10-13 15:52:00,bf8980e66b1cbd9c34e35c7c2794c45a,V51,Yes,Cert Issued,2024-10-13,Tier 2,Splitmate (Expense Splitter App),"React, TailwindCSS, Shadcn",10.0,Inactive,Developer,Subscription - Junior Professional
2024-10-13 15:52:00,579bb41e60241e7649f44169f996b019,V51,Yes,Cert Issued,2024-10-13,Tier 2,Splitmate (Expense Splitter App),"React, TailwindCSS, Shadcn",10.0,Active,Voyage Guide,Unknown
2024-10-13 15:52:00,7f62578e442f35f7befd75a83e8df10d,V51,Yes,Completed,,Tier 2,Splitmate (Expense Splitter App),"React, TailwindCSS, Shadcn",10.0,Inactive,Developer,Unknown
2024-10-13 15:52:00,b2e0990e9fa5377695dbfb36cc170649,V51,Yes,Completed,,Tier 2,Splitmate (Expense Splitter App),"React, TailwindCSS, Shadcn",10.0,Active,Scrum Master,Unknown
2024-10-13 15:52:00,8c8c7fd91d3e1f05174b1ca83d0c98e4,V51,Yes,Completed,,Tier 2,Splitmate (Expense Splitter App),"React, TailwindCSS, Shadcn",10.0,Active,Developer,Unknown
2024-10-13 15:52:00,6e50a02217ea2fb4e2531062b2de9454,V51,Yes,Completed,,Tier 2,Splitmate (Expense Splitter App),"React, TailwindCSS, Shadcn",10.0,Active,Scrum Master,Unknown
2024-10-13 15:10:00,3e877d3c4159f5f622a64f80fd1fd577,V51,Yes,Cert Issued,2024-10-13,Tier 2,No Name,"react, tailwind, and redux toolkit",9.0,Active,Developer,Subscription - Junior Professional
2024-10-13 15:10:00,78dddf8252dda1b26c0f75ba6bca85b4,V51,Yes,Completed,,Tier 2,No Name,"react, tailwind, and redux toolkit",9.0,Active,Scrum Master,Unknown
2024-10-13 15:10:00,f7ff9a174c314c8686e1f8cc056538a1,V51,No,Dropped,,Tier 2,No Name,"react, tailwind, and redux toolkit",9.0,Dropped,Developer,Unknown
2024-10-13 15:10:00,7f84b4d1b31c31c66c6eb28ee010e879,V51,Yes,Completed,,Tier 2,No Name,"react, tailwind, and redux toolkit",9.0,Inactive,Product Owner,Unknown
2024-10-13 15:10:00,f30b6f4531ca94b3c1eab1b59301a4d9,V51,No,Insufficient Commits,,Tier 2,No Name,"react, tailwind, and redux toolkit",9.0,Inactive,Developer,Unknown
2024-10-13 15:10:00,4eeba95037c65b5b0f75b7bbd8b4786f,V51,Tbd,Tbd,,Tier 2,No Name,"react, tailwind, and redux toolkit",9.0,Active,Ui/Ux Designer,Unknown
2024-10-13 15:10:00,3687e89cd6915d6c9674d035c9339ea7,V51,Yes,Completed,,Tier 2,No Name,"react, tailwind, and redux toolkit",9.0,Active,Developer,Unknown
2024-10-13 14:05:00,31430e93ed2ec11020ecb449800ede8b,V52,Yes,Cert Issued,2024-12-22,Tier 3,Suncityla,"Nextjs, Postgresql, prisma, next-auth",8.0,Active,Scrum Master,Product - Voyage Certificate
2024-10-13 12:34:00,3ec99a3a145494ddf030f15506dd9c25,V51,Yes,Completed,,Tier 1,Splitzy,"HTML, CSS, JavaScript",10.0,Active,Product Owner,Unknown
2024-10-13 12:34:00,3fdd8abcd38e82b60c317ef119c655dd,V51,No,Dropped,,Tier 1,Splitzy,"HTML, CSS, JavaScript",10.0,Dropped,Ui/Ux Designer,Unknown
2024-10-13 12:34:00,ff4d0bbecb9b80e24dcb2176c12732c4,V51,Yes,Cert Issued,,Tier 1,Splitzy,"HTML, CSS, JavaScript",10.0,Active,Developer,Product - Voyage Certificate
2024-10-13 12:34:00,9e071efa7acbcae6b6182598da3f4b32,V51,Yes,Cert Issued,,Tier 1,Splitzy,"HTML, CSS, JavaScript",10.0,Active,Scrum Master,Product - Voyage Certificate
2024-10-13 12:34:00,0b157712b11305ce0410c1e61464b8b7,V51,Yes,Cert Issued,2024-10-13,Tier 1,Splitzy,"HTML, CSS, JavaScript",10.0,Active,Developer,Unknown
2024-10-13 12:34:00,24e310ce62dc11d2d38f1ead4ceae641,V51,Yes,Cert Issued,2024-10-13,Tier 1,Splitzy,"HTML, CSS, JavaScript",10.0,Active,Voyage Guide,Unknown
2024-10-13 12:34:00,78c50e925d524b65d4ccf7c1d7104aac,V51,Yes,Cert Issued,2024-10-13,Tier 1,Splitzy,"HTML, CSS, JavaScript",10.0,Active,Developer,Subscription - Junior Professional
2024-10-13 12:34:00,467bca50aa55c22fa5f2845666c04959,V51,No,Dropped,,Tier 1,Splitzy,"HTML, CSS, JavaScript",10.0,Dropped,Developer,Unknown
2024-10-13 12:34:00,6f30b47ed3e24ad4847d8356632b03fd,V51,No,Dropped,,Tier 1,Splitzy,"HTML, CSS, JavaScript",10.0,Dropped,Product Owner,Unknown
2024-10-13 12:34:00,c281992c42881ee700b7ead03094f1d6,V51,Yes,Cert Issued,,Tier 1,Splitzy,"HTML, CSS, JavaScript",10.0,Active,Developer,Product - Voyage Certificate
2024-10-13 11:53:00,12b1c7a5a8d92e231621cfedea4a0875,V52,Yes,Completed,,Tier 3,Solarize,"Nextjs, Supabase, Bootstrap, Google Maps API",8.0,Inactive,Product Owner,Unknown
2024-10-13 10:37:00,33c0c315e814e11d0c415790659c8767,V51,Yes,Completed,,Tier 3,No Name,Jupyter Notebooks; Google Colab; Google Drive,10.0,Active,Data Scientist,Unknown
2024-10-13 10:37:00,bb75f534b0b89025733576adef0c696a,V51,Yes,Cert Issued,,Tier 3,No Name,Jupyter Notebooks; Google Colab; Google Drive,10.0,Active,Data Scientist,Product - Voyage Certificate
2024-10-13 10:37:00,1a9fa479aac52b40020117ef9ebac1aa,V51,Yes,Cert Issued,2024-10-13,Tier 3,No Name,Jupyter Notebooks; Google Colab; Google Drive,10.0,Active,Data Scientist,Product - Voyage Certificate
2024-10-13 10:37:00,8a4306ee2b5e36740d935f275b516bc1,V51,No,Insufficient Commits,,Tier 3,No Name,Jupyter Notebooks; Google Colab; Google Drive,10.0,Active,Data Scientist,Unknown
2024-10-13 10:28:00,27a1b4727e21e3e6e98bc8a7217dd132,V51,Yes,Cert Issued,,Tier 2,Splitit Expenses App,React,10.0,Active,Scrum Master,Product - Voyage Certificate
2024-10-13 10:28:00,dc0d57b40c9c2dcc1a9a50a6a2aafde2,V51,Yes,Completed,,Tier 2,Splitit Expenses App,React,10.0,Inactive,Developer,Unknown
2024-10-13 10:28:00,f09ba336e6019cd58d4da438c1111a40,V51,Yes,Completed,,Tier 2,Splitit Expenses App,React,10.0,Active,Developer,Unknown
2024-10-13 10:28:00,ab50e2aa998463259d10e5c09303a63b,V51,Yes,Completed,,Tier 2,Splitit Expenses App,React,10.0,Inactive,Ui/Ux Designer,Unknown
2024-10-13 10:28:00,6168fe00dc59a2d9acc000f5f0b6ce41,V51,Yes,Completed,,Tier 2,Splitit Expenses App,React,10.0,Active,Developer,Unknown
2024-10-13 10:28:00,90ac76ff8fa43771b74220cf039dd78d,V51,Yes,Cert Issued,,Tier 2,Splitit Expenses App,React,10.0,Active,Developer,Product - Voyage Certificate
2024-10-13 09:19:00,2a40cb3e9accf505eb2949bbafe24ccb,V51,Yes,Completed,,Tier 2,Splitwind,"React, Typescript, Firebase, Tailwind",10.0,Active,Developer,Unknown
2024-10-13 09:19:00,4af78d099ca9bfd3002ce835bf74cf30,V51,Yes,Completed,,Tier 2,Splitwind,"React, Typescript, Firebase, Tailwind",10.0,Active,Developer,Unknown
2024-10-13 09:19:00,f12454e9b391fc020151a57248112f65,V51,No,Dropped,,Tier 2,Splitwind,"React, Typescript, Firebase, Tailwind",10.0,Dropped,Product Owner,Unknown
2024-10-13 09:19:00,d0a0cd8078f33c49eb3bc3d245bc2889,V51,No,Insufficient Commits,,Tier 2,Splitwind,"React, Typescript, Firebase, Tailwind",10.0,Inactive,Developer,Unknown
2024-10-13 09:19:00,37ee2472251c1b6ec1ace4412468478a,V51,Yes,Completed,,Tier 2,Splitwind,"React, Typescript, Firebase, Tailwind",10.0,Active,Scrum Master,Unknown
2024-10-13 09:19:00,65237831c97edc494762875739d30824,V51,Yes,Completed,,Tier 2,Splitwind,"React, Typescript, Firebase, Tailwind",10.0,Active,Developer,Unknown
2024-10-13 09:19:00,43479ca4a1ecfd2f2f8c85d7e75810d2,V51,No,Insufficient Commits,,Tier 2,Splitwind,"React, Typescript, Firebase, Tailwind",10.0,Inactive,Developer,Unknown
2024-10-13 08:13:00,6ff2d86186ccf45e14d9cf721ff6c167,V52,No,Insufficient Commits,,Tier 2,Mobile Phone Usage & Behavior,,10.0,Inactive,Data Scientist,Unknown
2024-10-12 15:14:00,80385db86dd7da799cd210bfbd5d8663,V51,Yes,Cert Issued,,Tier 3,The Bee Saving Project,"Frontend: React + Vite / React Router, Redux Toolkit, TailwindCSS, Chart.js, Leaflet Backend: NodeJS / Express.js Database: MongoDB / Mongoose Authentication: Auth0 / JWT Tools: Postman, Git, GitHub, Figma, Render, Jira",10.0,Active,Team Lead,Product - Voyage Certificate
2024-10-12 15:14:00,2c0dcccb7bb36e6c724b073acf755fc9,V51,Yes,Cert Issued,,Tier 3,The Bee Saving Project,"Frontend: React + Vite / React Router, Redux Toolkit, TailwindCSS, Chart.js, Leaflet Backend: NodeJS / Express.js Database: MongoDB / Mongoose Authentication: Auth0 / JWT Tools: Postman, Git, GitHub, Figma, Render, Jira",10.0,Active,Lead Developer,Product - Voyage Certificate
2024-10-12 15:14:00,ad5fdda9905303d25d9535e21a6f5d41,V51,Yes,Completed,,Tier 3,The Bee Saving Project,"Frontend: React + Vite / React Router, Redux Toolkit, TailwindCSS, Chart.js, Leaflet Backend: NodeJS / Express.js Database: MongoDB / Mongoose Authentication: Auth0 / JWT Tools: Postman, Git, GitHub, Figma, Render, Jira",10.0,Active,Developer,Unknown
2024-10-12 15:14:00,2f99272fb04d5a8533ffec1e815d69b2,V51,Yes,Completed,,Tier 3,The Bee Saving Project,"Frontend: React + Vite / React Router, Redux Toolkit, TailwindCSS, Chart.js, Leaflet Backend: NodeJS / Express.js Database: MongoDB / Mongoose Authentication: Auth0 / JWT Tools: Postman, Git, GitHub, Figma, Render, Jira",10.0,Active,Developer,Unknown
2024-10-12 15:14:00,3a7680e24c4069e2c08581a522d14763,V51,Yes,Cert Issued,,Tier 3,The Bee Saving Project,"Frontend: React + Vite / React Router, Redux Toolkit, TailwindCSS, Chart.js, Leaflet Backend: NodeJS / Express.js Database: MongoDB / Mongoose Authentication: Auth0 / JWT Tools: Postman, Git, GitHub, Figma, Render, Jira",10.0,Active,Developer,Product - Voyage Certificate
2024-10-12 15:14:00,0aed498d5866c4582eaa4f09e264754b,V51,Yes,Completed,,Tier 3,The Bee Saving Project,"Frontend: React + Vite / React Router, Redux Toolkit, TailwindCSS, Chart.js, Leaflet Backend: NodeJS / Express.js Database: MongoDB / Mongoose Authentication: Auth0 / JWT Tools: Postman, Git, GitHub, Figma, Render, Jira",10.0,Active,Developer,Unknown
2024-10-12 15:14:00,23a6c0c4a2a8b760cf31fe599d6cbb87,V51,Yes,Completed,,Tier 3,The Bee Saving Project,"Frontend: React + Vite / React Router, Redux Toolkit, TailwindCSS, Chart.js, Leaflet Backend: NodeJS / Express.js Database: MongoDB / Mongoose Authentication: Auth0 / JWT Tools: Postman, Git, GitHub, Figma, Render, Jira",10.0,Active,Developer,Unknown
2024-10-12 15:14:00,21bb4a765964e2af1078e470265c6919,V51,Yes,Completed,,Tier 3,The Bee Saving Project,"Frontend: React + Vite / React Router, Redux Toolkit, TailwindCSS, Chart.js, Leaflet Backend: NodeJS / Express.js Database: MongoDB / Mongoose Authentication: Auth0 / JWT Tools: Postman, Git, GitHub, Figma, Render, Jira",10.0,Inactive,Developer,Unknown
2024-10-12 09:36:00,5c3a07ebec7d7ab15cfb95c45ac30733,V51,Yes,Cert Issued,2024-10-13,Tier 3,Splitit,"Front-end: React with TypeScript, ViteJS as Build Tool, CSS Tailwind. Back-end: Node.JS with TypeScript,  Express as API framework, Prisma as ORM, PostgreSQL as database, Google Oauth, Neon Console",10.0,Active,Scrum Master,Product - Voyage Certificate
2024-10-12 09:36:00,10f771766d9375e6c8eae298e2b0b03e,V51,Yes,Completed,,Tier 3,Splitit,"Front-end: React with TypeScript, ViteJS as Build Tool, CSS Tailwind. Back-end: Node.JS with TypeScript,  Express as API framework, Prisma as ORM, PostgreSQL as database, Google Oauth, Neon Console",10.0,Active,Developer,Unknown
2024-10-12 09:36:00,57355910b7988c0af4121744d60ef178,V51,Yes,Completed,,Tier 3,Splitit,"Front-end: React with TypeScript, ViteJS as Build Tool, CSS Tailwind. Back-end: Node.JS with TypeScript,  Express as API framework, Prisma as ORM, PostgreSQL as database, Google Oauth, Neon Console",10.0,Active,Developer,Unknown
2024-10-12 09:36:00,890cd5debb5b273ee85217c19535e061,V51,No,Dropped,,Tier 3,Splitit,"Front-end: React with TypeScript, ViteJS as Build Tool, CSS Tailwind. Back-end: Node.JS with TypeScript,  Express as API framework, Prisma as ORM, PostgreSQL as database, Google Oauth, Neon Console",10.0,Dropped,Developer,Unknown
2024-10-12 09:36:00,d7fc9020b2cf9160e4b17ced21c2ab6c,V51,No,Dropped,,Tier 3,Splitit,"Front-end: React with TypeScript, ViteJS as Build Tool, CSS Tailwind. Back-end: Node.JS with TypeScript,  Express as API framework, Prisma as ORM, PostgreSQL as database, Google Oauth, Neon Console",10.0,Dropped,Developer,Unknown
2024-10-12 09:36:00,d629e7f0c2d7108a1f800d2a2106ed71,V51,Yes,Cert Issued,2024-10-13,Tier 3,Splitit,"Front-end: React with TypeScript, ViteJS as Build Tool, CSS Tailwind. Back-end: Node.JS with TypeScript,  Express as API framework, Prisma as ORM, PostgreSQL as database, Google Oauth, Neon Console",10.0,Active,Developer,Subscription - Junior Professional
2024-10-11 10:57:00,48878ce6377a0c2a6d48a9e9a45759a5,V51,Yes,Completed,,Tier 1,Expense Sharing App,"JavaScript, HTML, CSS",10.0,Active,Developer,Unknown
2024-10-11 10:57:00,fd156bd6e7dd15f87eac8d5fd54bac36,V51,Yes,Cert Issued,,Tier 1,Expense Sharing App,"JavaScript, HTML, CSS",10.0,Active,Developer,Product - Voyage Certificate
2024-10-11 10:57:00,0a0676fbb75d83223902f9ec37f5ad01,V51,Yes,Completed,,Tier 1,Expense Sharing App,"JavaScript, HTML, CSS",10.0,Active,Developer,Unknown
2024-10-11 10:57:00,ddcd31193c5b42ba1ff42f89fd1f56c5,V51,Yes,Cert Issued,2024-10-13,Tier 1,Expense Sharing App,"JavaScript, HTML, CSS",10.0,Active,Developer,Subscription - Junior Professional
2024-10-11 10:57:00,658b79f9cd8a745874fb76922f3891bc,V51,Yes,Completed,,Tier 1,Expense Sharing App,"JavaScript, HTML, CSS",10.0,Inactive,Ui/Ux Designer,Unknown
2024-10-11 10:57:00,2fe57540246f1e66235ec1bb23650856,V51,No,Dropped,,Tier 1,Expense Sharing App,"JavaScript, HTML, CSS",10.0,Dropped,Scrum Master,Unknown
2024-10-11 10:57:00,98c09a373154858cc878e89ec980bb33,V51,Yes,Completed,,Tier 1,Expense Sharing App,"JavaScript, HTML, CSS",10.0,Inactive,Developer,Unknown
2024-10-11 10:57:00,cbc14ec935448208cae29c9f4a03375e,V51,Yes,Cert Issued,2024-10-13,Tier 1,Expense Sharing App,"JavaScript, HTML, CSS",10.0,Inactive,Developer,Product - Voyage Certificate
2024-10-11 10:54:00,7356233f73778d925664a60047166cac,V52,Yes,Cert Issued,2024-12-22,Tier 2,Solarrise,Babel Webpack React-DOM   React Google Maps  React-Router-Dom  React Hook Form  React Datepicker  react-use-measure  Tailwind Css  Headless UI  React Icons  Prop Types  React PDF  Daisy UI  ESLint  Axios  React  Vite  uuid,10.0,Inactive,Scrum Master,Subscription - Junior Professional
2024-10-11 07:46:00,fae3739c5da418331c2e7e303a80b53a,V99,Yes,Completed,2024-10-13,Tier 1,Griddle & Github Grill,React with Vite,10.0,Active,Product Owner,Unknown
2024-10-11 01:26:00,0e28282f48f2044a04bb5e98ebcc68da,V52,Yes,Completed,,Tier 1,S.A.Y,"React, Supabase DB",8.0,Active,Developer,Unknown
2024-10-10 13:06:00,0da9873c6e77be98ea371070c644cfcb,V52,Yes,Cert Issued,2024-12-22,Tier 2,Solar Booker,React,10.0,Active,Developer,Product - Voyage Certificate
2024-10-10 06:29:00,f246a4ad4f2614682bc81cd8c392b9b5,V52,No,No Project Submission,,Tier 3,Nan,,,Inactive,Developer,Unknown
2024-10-10 03:53:00,f38ba4d35573dd27f268de8ebf252cc7,V52,No,No Project Submission,,Tier 2,Nan,,,Active,Developer,Unknown
2024-10-09 21:57:00,b1db254edc2f775cffcbebf35030292e,V52,Yes,Completed,,Tier 3,Rayvolution,"React, Next.js, MongoDB",10.0,Inactive,Developer,Unknown
2024-10-09 17:29:00,d8f916c1770bf44fbdd183854d94f20a,V52,No,No Project Submission,,Tier 2,Nan,,,Inactive,Developer,Unknown
2024-10-08 12:50:00,760473a6a79bcf4cc906036994cdc75b,V52,Yes,Cert Issued,2024-12-22,Tier 2,Solarite,"React, Vite, TailWindCSS, Mapbox, Supabase,",8.0,Inactive,Scrum Master,Subscription - Professional
2024-10-08 00:24:00,f46ca8af65ab067ec8ae0616a4ff13b3,V52,Yes,Completed,,Tier 3,Suncityla,"Nextjs, Postgresql, prisma, next-auth",8.0,Inactive,Developer,Unknown
2024-10-05 19:55:00,978eb931d580e810065471f32d9cb83c,V52,Yes,Cert Issued,2024-12-22,Tier 1,Solar Plexus,React CSS Firebase html node.js,7.0,Active,Data Scientist,Subscription - Junior Professional
2024-10-05 09:07:00,85479b5fa8be2c5567131f08327a8768,V52,Yes,Cert Issued,2024-12-22,Tier 3,Sippy,"Figma, Google maps API, Postgress, Docker, Prisma, OAuth, Next.js, typescript, Tailwind, CSS",10.0,Active,Developer,Product - Voyage Certificate
2024-10-05 03:34:00,8645dd48e46452c7262f0b33bd69be5b,V52,No,Dropped,,Tier 2,Sunergy,Node JS HTML CSS,8.0,Dropped,Developer,Unknown
2024-10-04 16:17:00,559e1ca942b5fa07a2b8ee105dcb258b,V52,No,Insufficient Commits,,Tier 3,Suncityla,"Nextjs, Postgresql, prisma, next-auth",8.0,Inactive,Developer,Unknown
2024-10-04 10:01:00,b303bb22ce7fe39e419a3ca5a7779841,V52,No,Dropped,,Tier 2,Solarite,"React, Vite, TailWindCSS, Mapbox, Supabase,",8.0,Dropped,Ui/Ux Designer,Unknown
2024-10-03 17:01:00,47700cd345ad3673f8556af0e7d264d4,V52,No,No Project Submission,,Tier 1,Nan,,,Inactive,Developer,Unknown
2024-10-02 00:11:00,557e500c4dc236c375983b053841fb41,V52,Yes,Cert Issued,2024-12-22,Tier 1,Solar Vibes,"JavaScript, CSS, HTML",9.0,Active,Developer,Product - Voyage Certificate
2024-10-01 22:19:00,3440f7e6e61bdcca079326507e623117,V52,No,Dropped,,Tier 3,Rayvolution,"React, Next.js, MongoDB",10.0,Dropped,Developer,Unknown
2024-10-01 20:36:00,f2ebc2c8897f921c78a9392b023fc9b3,V52,No,Insufficient Commits,,Tier 3,Solarize,"Nextjs, Supabase, Bootstrap, Google Maps API",8.0,Inactive,Developer,Unknown
2024-10-01 12:56:00,072bb67fe52d83e5b1bdb310d128b4ad,V52,Yes,Completed,,Tier 3,Solarize,"Nextjs, Supabase, Bootstrap, Google Maps API",8.0,Active,Developer,Unknown
2024-10-01 10:54:00,8986827a63360a6a743dd4aa37d30f02,V52,Yes,Completed,,Tier 2,Sunergy,Node JS HTML CSS,8.0,Active,Developer,Unknown
2024-10-01 10:29:00,fa9db0263bfed8d88aa3e25a161db6cf,V52,No,Dropped,,Tier 3,Brightgrid,"Next.js, React.js, Tailwind CSS, MongoDB (Mongoose)",10.0,Dropped,Developer,Unknown
2024-10-01 10:23:00,a7e858e900aeb2a634e30dc2c3cd7f8e,V52,No,Dropped,,Tier 3,Kinderly,"Django / Django REST Framework, PostgreSQL ,JSONWebToken ,React, CSS, MaterialUI ,Axios",9.0,Dropped,Developer,Unknown
2024-10-01 10:00:00,54af57be6a5de3d98165a12ea2592f72,V52,No,Dropped,,Tier 3,Kinderly,"Django / Django REST Framework, PostgreSQL ,JSONWebToken ,React, CSS, MaterialUI ,Axios",9.0,Dropped,Developer,Unknown
2024-10-01 09:57:00,6db36fe034e7d50bde8616e6a17ff971,V52,No,No Project Submission,,Tier 3,Hl Solar,"Python, Flask, Firebase, HTML, JS, CSS",6.0,Inactive,Developer,Unknown
2024-10-01 08:46:00,630f10af253a8c0ea941aec57afbc79e,V52,No,No Project Submission,,Tier 3,Nan,,,Inactive,Developer,Unknown
2024-09-30 14:56:00,1cb09a06007c937ac9be7feeb6a4758e,V52,Yes,Cert Issued,2024-12-22,Tier 3,Rayvolution,"React, Next.js, MongoDB",10.0,Active,Scrum Master,Product - Voyage Certificate
2024-09-29 13:31:00,d53c2169a9be28ce479c0b20d7c1f83d,V52,No,Dropped,,Tier 3,Sippy,"Figma, Google maps API, Postgress, Docker, Prisma, OAuth, Next.js, typescript, Tailwind, CSS",10.0,Dropped,Developer,Unknown
2024-09-28 11:24:00,561c7ebed34eb8c17e83230421b8514e,V52,Yes,Cert Issued,2024-12-22,Tier 3,Kinderly,"Django / Django REST Framework, PostgreSQL ,JSONWebToken ,React, CSS, MaterialUI ,Axios",9.0,Active,Developer,Product - Voyage Certificate
2024-09-28 02:09:00,b4e4f60f80a7127ecc5b8d039b2c6d49,V52,Yes,Cert Issued,2024-12-22,Tier 3,Brightgrid,"Next.js, React.js, Tailwind CSS, MongoDB (Mongoose)",10.0,Active,Voyage Guide,Unknown
2024-09-27 07:20:00,32550a4360de77df06f8b56a1efc23c0,V52,Yes,Cert Issued,2024-12-22,Tier 2,Solarrise,Babel Webpack React-DOM   React Google Maps  React-Router-Dom  React Hook Form  React Datepicker  react-use-measure  Tailwind Css  Headless UI  React Icons  Prop Types  React PDF  Daisy UI  ESLint  Axios  React  Vite  uuid,10.0,Inactive,Scrum Master,Subscription - Junior Professional
2024-09-27 06:59:00,78167946a3e2aa7ea4ab12a7fab9d2b0,V52,Yes,Completed,,Tier 1,S.A.Y,"React, Supabase DB",8.0,Active,Ui/Ux Designer,Product - Voyage Certificate
2024-09-25 19:11:00,8c5efffabf90778104d5c18572f3277a,V52,No,Completed,,Tier 2,Solarite,"React, Vite, TailWindCSS, Mapbox, Supabase,",8.0,Inactive,Product Owner,Unknown
2024-09-25 02:11:00,e713f2d8b2c98ecd4713466507cdbd8e,V52,No,No Project Submission,,Tier 3,Nan,,,Inactive,Developer,Unknown
2024-09-24 10:48:00,a84ae72404ec2453a205628236bd3e41,V52,Yes,Cert Issued,2024-12-22,Tier 3,Rayvolution,"React, Next.js, MongoDB",10.0,Active,Developer,Product - Voyage Certificate
2024-09-24 00:16:00,32749ce287c537f6a712c43b9a936398,V52,Yes,Completed,,Tier 2,No Name,"FrontEnd: Next.JS, Tailwindcss; Backend: Node.JS, Express.js, Prisma, MongoDB; Monorepo Management: Lerna",9.0,Inactive,Developer,Unknown
2024-09-23 18:31:00,f59eeb05d1ac196cfaf067a0848cba49,V52,Yes,Cert Issued,2024-12-22,Tier 3,Rayvolution,"React, Next.js, MongoDB",10.0,Active,Developer,Product - Voyage Certificate
2024-09-22 11:13:00,9ad3ffee193ca5a5daa2d7b2a0e2eb98,V52,Yes,Cert Issued,2024-12-22,Tier 2,Solarite,"React, Vite, TailWindCSS, Mapbox, Supabase,",8.0,Inactive,Developer,Product - Voyage Certificate
2024-09-20 03:18:00,6fdf1f3c0d2924b1693e6f048cad5070,V52,Yes,Completed,,Tier 2,No Name,"FrontEnd: Next.JS, Tailwindcss; Backend: Node.JS, Express.js, Prisma, MongoDB; Monorepo Management: Lerna",9.0,Inactive,Ui/Ux Designer,Unknown
2024-09-19 14:36:00,17441ddd04e8ee64cf5c1488b97f5fdf,V52,Yes,Completed,,Tier 3,Solarize,"Nextjs, Supabase, Bootstrap, Google Maps API",8.0,Active,Developer,Unknown
2024-09-19 08:51:00,78c50e925d524b65d4ccf7c1d7104aac,V52,Yes,Cert Issued,2024-12-22,Tier 3,The Space Discovery App,"React.js / We're still working on the backend (MongoDB, Node.js))",10.0,Active,Developer,Subscription - Junior Professional
2024-09-19 07:43:00,34af5dd510b784058e4473c87bb16883,V52,No,Dropped,,Tier 3,Sippy,"Figma, Google maps API, Postgress, Docker, Prisma, OAuth, Next.js, typescript, Tailwind, CSS",10.0,Dropped,Developer,Unknown
2024-09-17 23:50:00,f1636da3eb1b0d51e6f15a988acec139,V52,Yes,Cert Issued,2024-12-22,Tier 3,Rayvolution,"React, Next.js, MongoDB",10.0,Active,Scrum Master,Product - Voyage Certificate
2024-09-17 20:35:00,47d2df08470a8b547dace5d4e5a8c6d8,V52,Yes,Cert Issued,2024-12-22,Tier 3,Kinderly,"Django / Django REST Framework, PostgreSQL ,JSONWebToken ,React, CSS, MaterialUI ,Axios",9.0,Inactive,Scrum Master,Product - Voyage Certificate
2024-09-05 19:46:00,877d50624a3e596b1402002e7ea4ed8b,V52,No,Dropped,,Tier 1,Nan,,,Dropped,Developer,Unknown
2024-09-04 16:59:00,9f00c772501f1a1c7b78a0114fc8ab1e,V52,Yes,Cert Issued,2024-12-22,Tier 1,Solar Plexus,React CSS Firebase html node.js,7.0,Active,Developer,Subscription - Junior Professional
2024-09-03 16:54:00,d69743111e2ffecfdd1fd756b2c78a8c,V51,No,No Project Submission,,Tier 2,Nan,,,Inactive,Ui/Ux Designer,Unknown
2024-09-03 15:42:00,b52282ac3b7e8805217a87e0d04565a2,V52,No,No Project Submission,,Tier 1,Nan,,,Inactive,Ui/Ux Designer,Unknown
2024-09-01 08:32:00,87e05a16bfe06ddfdeea7133a776a4cd,V51,No,Dropped,,Tier 2,Nan,,,Dropped,Developer,Unknown
2024-08-30 10:30:00,b7c615b915465b302e1514841d5971e7,V52,No,No Project Submission,,Tier 1,Nan,,,Inactive,Developer,Unknown
2024-08-25 23:15:00,cc481d58a9dd2ab9b180a0b958c8a8fb,V51,No,No Project Submission,,Tier 3,Nan,,,Inactive,Developer,Unknown
2024-08-25 17:47:00,0b1abdefb0d64fac66764934f0871db7,V51,No,No Project Submission,,Tier 2,Nan,,,Inactive,Developer,Unknown
2024-08-25 03:19:00,60e3076c5a2d74188266e2977fb9b9c2,V51,No,No Project Submission,,Tier 3,Nan,,,Inactive,Developer,Unknown
2024-08-24 15:11:00,af0b75acd47da896ca0f67c21be704c4,V52,No,Dropped,,Tier 2,Sunergy,Node JS HTML CSS,8.0,Dropped,Ui/Ux Designer,Unknown
2024-08-24 02:31:00,fa51462600e8713fbcf009d721c618de,V51,No,No Project Submission,,Tier 3,Nan,,,Inactive,Developer,Unknown
2024-08-19 18:28:00,410f4486b420211100da036046e5bdf4,V50,Yes,Completed,,Tier 1,Griddle & Github Grill,React with Vite,10.0,Active,Product Owner,Unknown
2024-08-18 13:44:00,18860e77c234019bb3780d218d04f2b5,V51,No,Dropped,,Tier 3,Nan,,,Dropped,Developer,Unknown
2024-08-15 13:43:00,1e1eef673fb8e3fbf174d5e54693f819,V51,No,No Project Submission,,Tier 3,Nan,,,Inactive,Developer,Unknown
2024-08-15 12:47:00,c2b0b8392f307a2f6967fcef46d2ed88,V51,No,Dropped,,Tier 3,Nan,,,Dropped,Developer,Unknown
2024-08-13 08:33:00,b4e4f60f80a7127ecc5b8d039b2c6d49,V51,Yes,Cert Issued,2024-10-13,Tier 3,Nan,,,Active,Voyage Guide,Unknown
2024-08-12 19:34:00,23b61dabaadce2f9d43ea020de7b6b86,V50,Yes,Completed,,Tier 3,Annote,"VueJS using NuxtJs, postgreSQl",10.0,Active,Voyage Guide,Unknown
2024-08-12 19:34:00,f0b1b5a53d5d41c851a9ac708aae1bef,V50,Yes,Completed,,Tier 3,Annote,"VueJS using NuxtJs, postgreSQl",10.0,Active,Developer,Unknown
2024-08-12 19:34:00,be5209049c2a34872829fdf7de25e8e6,V50,No,Insufficient Commits,,Tier 3,Annote,"VueJS using NuxtJs, postgreSQl",10.0,Dropped,Developer,Unknown
2024-08-12 19:34:00,2a63ff2ddbfb9b6565a82240e10a6d35,V50,Yes,Cert Issued,2024-08-18,Tier 3,Annote,"VueJS using NuxtJs, postgreSQl",10.0,Active,Voyage Guide,Unknown
2024-08-12 19:34:00,ec16654715192e1be051404870107589,V50,Yes,Cert Issued,2024-08-18,Tier 3,Annote,"VueJS using NuxtJs, postgreSQl",10.0,Active,Ui/Ux Designer,Subscription - Professional
2024-08-12 19:34:00,798490fa1b7cafb2a4b08ec8ab4ce5bd,V50,No,Insufficient Commits,,Tier 3,Annote,"VueJS using NuxtJs, postgreSQl",10.0,Active,Developer,Unknown
2024-08-12 05:50:00,37a8d4c172c14618379622becfdc2256,V50,Yes,Cert Issued,2024-08-18,Tier 2,Flavorfinder,"React/Vite, Tailwind, Redux-toolkit, Node",10.0,Active,Product Owner,Product - Voyage Certificate
2024-08-12 05:50:00,cf937a2b148b142b6ae6e4bc79f5d4bf,V50,Yes,Cert Issued,2024-08-18,Tier 2,Flavorfinder,"React/Vite, Tailwind, Redux-toolkit, Node",10.0,Inactive,Scrum Master,Product - Voyage Certificate
2024-08-12 05:50:00,17441ddd04e8ee64cf5c1488b97f5fdf,V50,Yes,Cert Issued,2024-08-18,Tier 2,Flavorfinder,"React/Vite, Tailwind, Redux-toolkit, Node",10.0,Active,Developer,Subscription - Junior Professional
2024-08-12 05:50:00,d2bc905567c1556f647f33ca3a92074a,V50,No,Insufficient Commits,,Tier 2,Flavorfinder,"React/Vite, Tailwind, Redux-toolkit, Node",10.0,Inactive,Developer,Unknown
2024-08-12 05:50:00,044fb6bf6c427216e5f605b03a734a4b,V50,Yes,Cert Issued,2024-08-18,Tier 2,Flavorfinder,"React/Vite, Tailwind, Redux-toolkit, Node",10.0,Active,Developer,Product - Voyage Certificate
2024-08-12 05:50:00,2279b27c08dbfff0a858f1505086a0f3,V50,Yes,Completed,,Tier 2,Flavorfinder,"React/Vite, Tailwind, Redux-toolkit, Node",10.0,Active,Developer,Unknown
2024-08-11 23:56:00,dd4cedc2f6c4aab248e982b7982a587a,V50,Yes,Completed,,Tier 2,Yumspot,"JavaScript, React, Vite, Tailwind CSS",3.0,Active,Developer,Unknown
2024-08-11 23:56:00,2c0dcccb7bb36e6c724b073acf755fc9,V50,Yes,Cert Issued,2024-08-18,Tier 2,Yumspot,"JavaScript, React, Vite, Tailwind CSS",3.0,Active,Voyage Guide,Subscription - Junior Professional
2024-08-11 23:56:00,6d9c1b695fc10fcdbd714028dffb6030,V50,Yes,Cert Issued,2024-08-18,Tier 2,Yumspot,"JavaScript, React, Vite, Tailwind CSS",3.0,Active,Developer,Subscription - Junior Professional
2024-08-11 23:56:00,18860e77c234019bb3780d218d04f2b5,V50,Yes,Cert Issued,2024-08-18,Tier 2,Yumspot,"JavaScript, React, Vite, Tailwind CSS",3.0,Inactive,Developer,Product - Voyage Certificate
2024-08-11 23:56:00,661d905e512ecdcf9d91a94c275f483b,V50,Yes,Completed,,Tier 2,Yumspot,"JavaScript, React, Vite, Tailwind CSS",3.0,Active,Developer,Subscription - Junior Professional
2024-08-11 23:56:00,117041ddcadec26bda3f435ede2811d9,V50,Yes,Completed,,Tier 2,Yumspot,"JavaScript, React, Vite, Tailwind CSS",3.0,Active,Ui/Ux Designer,Unknown
2024-08-11 21:58:00,00c627b292f06962dcc156123be86379,V50,Yes,Cert Issued,2024-08-18,Tier 1,Barbecruise,"Bootstrap5, JavaScript, HTML, and CSS",8.0,Active,Developer,Product - Voyage Certificate
2024-08-11 21:58:00,cbe46a8de14bf0e98fe57361f63abb9f,V50,No,Completed,,Tier 1,Barbecruise,"Bootstrap5, JavaScript, HTML, and CSS",8.0,Inactive,Product Owner,Unknown
2024-08-11 21:58:00,52a23bfbb214c3c7639593dd12fadb59,V50,Yes,Cert Issued,2024-08-18,Tier 1,Barbecruise,"Bootstrap5, JavaScript, HTML, and CSS",8.0,Active,Ui/Ux Designer,Product - Voyage Certificate
2024-08-11 21:58:00,48878ce6377a0c2a6d48a9e9a45759a5,V50,Yes,Completed,,Tier 1,Barbecruise,"Bootstrap5, JavaScript, HTML, and CSS",8.0,Active,Developer,Unknown
2024-08-11 21:58:00,b1b63a74a8866c32ec4708104ea502cc,V50,Yes,Completed,,Tier 1,Barbecruise,"Bootstrap5, JavaScript, HTML, and CSS",8.0,Active,Developer,Unknown
2024-08-11 21:58:00,67964c9c9ed9c6900b60902db0611d49,V50,Yes,Completed,,Tier 1,Barbecruise,"Bootstrap5, JavaScript, HTML, and CSS",8.0,Active,Voyage Guide,Unknown
2024-08-11 21:58:00,0e31586096ebaf92da76f3ea238639da,V50,Yes,Completed,,Tier 1,Barbecruise,"Bootstrap5, JavaScript, HTML, and CSS",8.0,Unknown,Unknown,Unknown
2024-08-11 21:58:00,38008601b0fe731113504693be071ca2,V50,Yes,Completed,,Tier 1,Barbecruise,"Bootstrap5, JavaScript, HTML, and CSS",8.0,Inactive,Scrum Master,Unknown
2024-08-11 18:08:00,d8f916c1770bf44fbdd183854d94f20a,V51,No,Dropped,,Tier 2,Nan,,,Dropped,Developer,Unknown
2024-08-11 17:33:00,8c8c7fd91d3e1f05174b1ca83d0c98e4,V50,Yes,Completed,,Tier 2,Easyeats,"HTML, CSS, JavaScript, React, Next.js",10.0,Active,Developer,Unknown
2024-08-11 17:33:00,d8f916c1770bf44fbdd183854d94f20a,V50,No,Insufficient Commits,,Tier 2,Easyeats,"HTML, CSS, JavaScript, React, Next.js",10.0,Inactive,Developer,Unknown
2024-08-11 17:33:00,8d066b1bba98b153f937e8e39a67be7b,V50,Yes,Cert Issued,2024-08-18,Tier 2,Easyeats,"HTML, CSS, JavaScript, React, Next.js",10.0,Active,Ui/Ux Designer,Product - Voyage Certificate
2024-08-11 17:33:00,85ccb368bf75cf821665153e4a9cad0d,V50,Yes,Cert Issued,2024-08-18,Tier 2,Easyeats,"HTML, CSS, JavaScript, React, Next.js",10.0,Active,Developer,Product - Voyage Certificate
2024-08-11 16:19:00,f246a4ad4f2614682bc81cd8c392b9b5,V50,Yes,Completed,,Tier 3,Resteraunt App,"Reacr,Node.js, Postrgresql",10.0,Active,Developer,Unknown
2024-08-11 16:19:00,31430e93ed2ec11020ecb449800ede8b,V50,Yes,Cert Issued,2024-08-18,Tier 3,The Global Bites App,"ReactJs, TypeScript, JavaScript, Node.Js, PostgreSQL, ExpressJs",10.0,Active,Scrum Master,Subscription - Professional
2024-08-11 16:19:00,6fb825b85f643ee1bc4029c54178233c,V50,Yes,Completed,,Tier 3,Resteraunt App,"Reacr,Node.js, Postrgresql",10.0,Active,Developer,Unknown
2024-08-11 16:19:00,dd748cdece85c0e0fc6362294cd8f2a1,V50,Yes,Completed,,Tier 3,Resteraunt App,"Reacr,Node.js, Postrgresql",10.0,Active,Developer,Unknown
2024-08-11 16:19:00,662dd8bbcdfa1f516c5d353e4962ab78,V50,Yes,Completed,,Tier 3,Resteraunt App,"Reacr,Node.js, Postrgresql",10.0,Inactive,Developer,Unknown
2024-08-11 15:46:00,dbb24bc4d6aa397e9a43da5514a5078b,V50,Yes,Cert Issued,2024-08-18,Tier 3,Nomnomnexus,MERN,10.0,Active,Developer,Subscription - Junior Professional
2024-08-11 15:46:00,b8f92d6817018ab33d53bb8b163f36fc,V50,No,Dropped,,Tier 3,Nomnomnexus,MERN,10.0,Dropped,Ui/Ux Designer,Unknown
2024-08-11 15:46:00,0eac5a0aac41f3ae1e28b8c73e80c31e,V50,No,Dropped,,Tier 3,Nomnomnexus,MERN,10.0,Dropped,Developer,Unknown
2024-08-11 15:46:00,6e90caa60173cbf89375238c8748e385,V50,Yes,Completed,,Tier 3,Nomnomnexus,MERN,10.0,Active,Developer,Unknown
2024-08-11 15:46:00,058af48f95bdac4c8c304386312d7d0f,V50,Yes,Completed,,Tier 3,Nomnomnexus,MERN,10.0,Active,Developer,Unknown
2024-08-11 14:03:00,69ae90e0fc2d0a8f2fea2d9687a62eef,V50,Yes,Completed,,Tier 3,Hungry Hippo,"React, Tailwind, NodeJS, Express.js, PostgresSQL",10.0,Active,Developer,Unknown
2024-08-11 14:03:00,c499d660f2690ca8b94312615f16c644,V50,No,Insufficient Commits,,Tier 3,Hungry Hippo,"React, Tailwind, NodeJS, Express.js, PostgresSQL",10.0,Active,Developer,Unknown
2024-08-11 14:03:00,60e3076c5a2d74188266e2977fb9b9c2,V50,Yes,Completed,,Tier 3,Hungry Hippo,"React, Tailwind, NodeJS, Express.js, PostgresSQL",10.0,Inactive,Developer,Unknown
2024-08-11 14:03:00,3ae18835af6c610274c094f4e82d21e6,V50,Yes,Completed,,Tier 3,Hungry Hippo,"React, Tailwind, NodeJS, Express.js, PostgresSQL",10.0,Active,Developer,Unknown
2024-08-11 14:03:00,b8fa6ce2a62ba77dda38d9d10584d1be,V50,Yes,Completed,,Tier 3,Hungry Hippo,"React, Tailwind, NodeJS, Express.js, PostgresSQL",10.0,Active,Developer,Unknown
2024-08-11 14:03:00,52d056515adcbf55d0ab9e1cb7f0d38b,V50,Yes,Completed,,Tier 3,Hungry Hippo,"React, Tailwind, NodeJS, Express.js, PostgresSQL",10.0,Active,Voyage Guide,Unknown
2024-08-11 14:03:00,890cd5debb5b273ee85217c19535e061,V50,Yes,Cert Issued,2024-08-18,Tier 3,Hungry Hippo,"React, Tailwind, NodeJS, Express.js, PostgresSQL",10.0,Active,Developer,Product - Voyage Certificate
2024-08-11 11:04:00,64fecc018cbb5ac64c07a1899bfc617d,V50,Yes,Cert Issued,2024-08-18,Tier 3,Chopchop,"Fastapi, PostrgresSQL, nextjs, tailwindcss, shadcn, tanstack query",8.0,Active,Developer,Product - Voyage Certificate
2024-08-11 11:04:00,e4cbb65a9672507b37e2328589182354,V50,Yes,Completed,,Tier 3,Chopchop,"Fastapi, PostrgresSQL, nextjs, tailwindcss, shadcn, tanstack query",8.0,Inactive,Ui/Ux Designer,Unknown
2024-08-11 11:04:00,c484ac1934a3c4d264cb5f4724018df2,V50,No,Incomplete App,,Tier 3,Chopchop,"Fastapi, PostrgresSQL, nextjs, tailwindcss, shadcn, tanstack query",8.0,Active,Developer,Unknown
2024-08-11 11:04:00,26cd7e4f5c15202049c1a1df649fd585,V50,No,Incomplete App,,Tier 3,Chopchop,"Fastapi, PostrgresSQL, nextjs, tailwindcss, shadcn, tanstack query",8.0,Active,Developer,Unknown
2024-08-11 11:04:00,717e1559b36b9910aba66369b79962db,V50,Yes,Completed,,Tier 3,Chopchop,"Fastapi, PostrgresSQL, nextjs, tailwindcss, shadcn, tanstack query",8.0,Active,Voyage Guide,Unknown
2024-08-11 11:04:00,c859539525bf4fc7ee56c35e4894aec2,V50,No,Dropped,,Tier 3,Chopchop,"Fastapi, PostrgresSQL, nextjs, tailwindcss, shadcn, tanstack query",8.0,Dropped,Developer,Unknown
2024-08-11 08:22:00,cd4e1646ec20db3c7112f293fdf4ee0b,V50,Yes,Completed,,Tier 2,Gourmetgo,"Vite, React, Tailwind CSS",6.0,Active,Developer,Unknown
2024-08-11 08:22:00,3db5c4a72b035115a0b2d2ec368f2750,V50,Yes,Completed,,Tier 2,Gourmetgo,"Vite, React, Tailwind CSS",6.0,Active,Developer,Unknown
2024-08-11 08:22:00,d209a820a2f3ba6be2a1e26011f60707,V50,Yes,Cert Issued,2024-08-18,Tier 2,Gourmetgo,"Vite, React, Tailwind CSS",6.0,Active,Voyage Guide,Subscription - Junior Professional
2024-08-11 08:22:00,84db683e383fd076197e3cac9486cfd8,V50,Yes,Cert Issued,2024-08-18,Tier 2,Gourmetgo,"Vite, React, Tailwind CSS",6.0,Active,Developer,Product - Voyage Certificate
2024-08-11 08:22:00,cda3f80d9dbd16db6144f564cabf349f,V50,Yes,Completed,,Tier 2,Gourmetgo,"Vite, React, Tailwind CSS",6.0,Active,Developer,Unknown
2024-08-11 08:22:00,3a737d8187040a8ca6d2f5006d34fa0d,V50,Yes,Completed,,Tier 2,Gourmetgo,"Vite, React, Tailwind CSS",6.0,Active,Ui/Ux Designer,Unknown
2024-08-11 07:37:00,c288f4896e2c79362c9060debe7ce59a,V50,Yes,Cert Issued,2024-08-18,Tier 1,Pizza Hub,"HTML, CSS & JavaScript",6.0,Active,Developer,Unknown
2024-08-11 07:37:00,3687e89cd6915d6c9674d035c9339ea7,V50,Yes,Completed,,Tier 1,Pizza Hub,"HTML, CSS & JavaScript",6.0,Active,Developer,Unknown
2024-08-11 07:37:00,c85ec2a11f09bbd4aec1367e3b98e2f3,V50,Yes,Completed,,Tier 1,Pizza Hub,"HTML, CSS & JavaScript",6.0,Inactive,Developer,Unknown
2024-08-11 07:37:00,eba7133399f37d9b722ec99f73519b4b,V50,Yes,Completed,,Tier 1,Pizza Hub,"HTML, CSS & JavaScript",6.0,Active,Ui/Ux Designer,Unknown
2024-08-11 07:37:00,33d96cf2409745e87163f43e5496a4ef,V50,Yes,Completed,,Tier 1,Pizza Hub,"HTML, CSS & JavaScript",6.0,Inactive,Product Owner,Unknown
2024-08-11 07:37:00,cc792825716ba68e28052cfe2c7fbcae,V50,Yes,Completed,,Tier 1,Pizza Hub,"HTML, CSS & JavaScript",6.0,Active,Ui/Ux Designer,Unknown
2024-08-11 07:37:00,87e05a16bfe06ddfdeea7133a776a4cd,V50,Yes,Cert Issued,,Tier 1,Pizza Hub,"HTML, CSS & JavaScript",6.0,Active,Developer,Product - Voyage Certificate
2024-08-11 07:37:00,b2e0990e9fa5377695dbfb36cc170649,V50,Yes,Completed,2024-08-18,Tier 1,Pizza Hub,"HTML, CSS & JavaScript",6.0,Active,Scrum Master,Unknown
2024-08-11 07:14:00,d209a820a2f3ba6be2a1e26011f60707,V50,Yes,Cert Issued,2024-08-18,Tier 2,Yumyum,React,10.0,Active,Product Owner,Subscription - Junior Professional
2024-08-11 07:14:00,8986827a63360a6a743dd4aa37d30f02,V50,Yes,Cert Issued,2024-08-18,Tier 2,Yumyum,React,10.0,Active,Developer,Product - Voyage Certificate
2024-08-11 07:14:00,e3ab33708f7c650885258f71632539c6,V50,No,Dropped,,Tier 2,Yumyum,React,10.0,Dropped,Developer,Unknown
2024-08-11 07:14:00,3d05cc233be79a8758ba9951f8cf37dc,V50,Yes,Completed,,Tier 2,Yumyum,React,10.0,Active,Developer,Unknown
2024-08-11 07:14:00,f496534d89d5d9765f1f7b2e1060d064,V50,Yes,Cert Issued,2024-08-18,Tier 2,Yumyum,React,10.0,Inactive,Scrum Master,Subscription - Junior Professional
2024-08-11 07:14:00,38c127235c556386f3729cafbad45ff5,V50,Yes,Cert Issued,2024-08-18,Tier 2,Yumyum,React,10.0,Active,Ui/Ux Designer,Product - Voyage Certificate
2024-08-11 07:14:00,10c44a7a76cef607de0b4fed00bee75a,V50,Yes,Completed,,Tier 2,Yumyum,React,10.0,Active,Data Scientist,Unknown
2024-08-11 07:14:00,2a40cb3e9accf505eb2949bbafe24ccb,V50,Yes,Completed,,Tier 2,Yumyum,React,10.0,Inactive,Developer,Unknown
2024-08-11 01:07:00,b65d118fb203e106b845f14f6d149278,V50,Yes,Cert Issued,2024-08-18,Tier 2,Yumease,"HTML, CSS, JavaScript, React",10.0,Active,Product Owner,Product - Voyage Certificate
2024-08-11 01:07:00,0b1abdefb0d64fac66764934f0871db7,V50,No,Dropped,,Tier 2,Yumease,"HTML, CSS, JavaScript, React",10.0,Dropped,Developer,Subscription - Junior Professional
2024-08-11 01:07:00,3a7680e24c4069e2c08581a522d14763,V50,Yes,Completed,,Tier 2,Yumease,"HTML, CSS, JavaScript, React",10.0,Active,Developer,Product - Voyage Certificate
2024-08-11 01:07:00,d69743111e2ffecfdd1fd756b2c78a8c,V50,Yes,Completed,,Tier 2,Yumease,"HTML, CSS, JavaScript, React",10.0,Active,Voyage Guide,Unknown
2024-08-10 12:12:00,2b4cea01097f1634842138194a2e3dcd,V50,Yes,Cert Issued,2024-08-18,Tier 2,Hungry Rabbit,"React, Redux, TailwindCSS, DaisyUI",10.0,Active,Developer,Product - Voyage Certificate
2024-08-10 12:12:00,011110e473b7cbd7e7d4eba123aa5d48,V50,Yes,Completed,,Tier 2,Hungry Rabbit,"React, Redux, TailwindCSS, DaisyUI",10.0,"Active,Inactive","Voyage Guide,Developer",Unknown
2024-08-10 12:12:00,ceee196344042602834301139e871105,V50,Yes,Completed,,Tier 2,Hungry Rabbit,"React, Redux, TailwindCSS, DaisyUI",10.0,Active,Developer,Unknown
2024-08-10 12:12:00,2f99272fb04d5a8533ffec1e815d69b2,V50,Yes,Completed,,Tier 2,Hungry Rabbit,"React, Redux, TailwindCSS, DaisyUI",10.0,Active,Developer,Unknown
2024-08-10 12:12:00,40c4b31fc57d2bb7266b4fc5e8d37c58,V50,No,Dropped,,Tier 2,Hungry Rabbit,"React, Redux, TailwindCSS, DaisyUI",10.0,Dropped,Developer,Unknown
2024-08-09 17:56:00,80385db86dd7da799cd210bfbd5d8663,V50,Yes,Cert Issued,2024-08-18,Tier 3,The Bee Saving Project,"React.js + Vite, React Router, Tailwind CSS, Node.js, Express.js, MongoDB, Mongoose, Auth0, JWT, Postman, Chart.js, Leaflet API, Git & GitHub (for version control), Figma, Jira",10.0,Active,Developer,Product - Voyage Certificate
2024-08-09 17:56:00,23a6c0c4a2a8b760cf31fe599d6cbb87,V50,Yes,Completed,,Tier 3,The Bee Saving Project,"React.js + Vite, React Router, Tailwind CSS, Node.js, Express.js, MongoDB, Mongoose, Auth0, JWT, Postman, Chart.js, Leaflet API, Git & GitHub (for version control), Figma, Jira",10.0,Active,Developer,Unknown
2024-08-09 17:56:00,020e916e949b667a2cb23b346b718c53,V50,Yes,Completed,,Tier 3,The Bee Saving Project,"React.js + Vite, React Router, Tailwind CSS, Node.js, Express.js, MongoDB, Mongoose, Auth0, JWT, Postman, Chart.js, Leaflet API, Git & GitHub (for version control), Figma, Jira",10.0,Active,Developer,Unknown
2024-08-09 17:56:00,87953ead92213fea226470b006f22811,V50,Yes,Cert Issued,2024-08-18,Tier 3,The Bee Saving Project,"React.js + Vite, React Router, Tailwind CSS, Node.js, Express.js, MongoDB, Mongoose, Auth0, JWT, Postman, Chart.js, Leaflet API, Git & GitHub (for version control), Figma, Jira",10.0,Inactive,Developer,Unknown
2024-08-09 17:56:00,21bb4a765964e2af1078e470265c6919,V50,Yes,Cert Issued,2024-08-18,Tier 3,The Bee Saving Project,"React.js + Vite, React Router, Tailwind CSS, Node.js, Express.js, MongoDB, Mongoose, Auth0, JWT, Postman, Chart.js, Leaflet API, Git & GitHub (for version control), Figma, Jira",10.0,Active,Developer,Unknown
2024-08-09 17:56:00,2c0dcccb7bb36e6c724b073acf755fc9,V50,Yes,Cert Issued,2024-08-18,Tier 3,The Bee Saving Project,"React.js + Vite, React Router, Tailwind CSS, Node.js, Express.js, MongoDB, Mongoose, Auth0, JWT, Postman, Chart.js, Leaflet API, Git & GitHub (for version control), Figma, Jira",10.0,Active,Developer,Subscription - Junior Professional
2024-08-09 17:56:00,0aed498d5866c4582eaa4f09e264754b,V50,Yes,Completed,,Tier 3,The Bee Saving Project,"React.js + Vite, React Router, Tailwind CSS, Node.js, Express.js, MongoDB, Mongoose, Auth0, JWT, Postman, Chart.js, Leaflet API, Git & GitHub (for version control), Figma, Jira",10.0,Active,Developer,Unknown
2024-08-09 17:56:00,ad5fdda9905303d25d9535e21a6f5d41,V50,Yes,Completed,,Tier 3,The Bee Saving Project,"React.js + Vite, React Router, Tailwind CSS, Node.js, Express.js, MongoDB, Mongoose, Auth0, JWT, Postman, Chart.js, Leaflet API, Git & GitHub (for version control), Figma, Jira",10.0,Active,Developer,Unknown
2024-08-07 19:45:00,7553c1c428f22e6e2d7f869988779ec9,V51,No,No Project Submission,,Tier 2,Nan,,,Inactive,Scrum Master,Unknown
2024-08-01 12:48:00,bfbaa248da6a3e92860cef41e88fd489,V51,No,Dropped,,Tier 2,Nan,,,Dropped,Developer,Unknown
2024-08-01 10:10:00,ea2c8dcb7908811d399506d5cdd1209a,V51,No,No Project Submission,,Tier 3,Nan,,,Inactive,Developer,Unknown
2024-08-01 09:22:00,8090a9605e3234e20d0ef13a0dc83d24,V51,No,Dropped,,Tier 2,Nan,,,Dropped,Developer,Unknown
2024-07-18 11:16:00,07d08c91570c334a10e7a02056f00d68,V52,Yes,Cert Issued,2024-12-22,Tier 1,Solar Vibes,"JavaScript, CSS, HTML",9.0,Active,Developer,Product - Voyage Certificate
2024-07-06 08:13:00,210afbc4d162f2397ae98f176beeb82c,V50,Yes,Cert Issued,2024-08-18,Tier 2,Hungry Rabbit,"React, Redux, TailwindCSS, DaisyUI",10.0,Active,Ui/Ux Designer,Product - Voyage Certificate
2024-06-25 23:37:00,011110e473b7cbd7e7d4eba123aa5d48,V53,No,No Project Submission,,Tier 3,Nan,,,Inactive,Developer,Unknown
2024-06-24 14:29:00,b055d04ff2046f6b8842c2a9ee68d6e3,V49,Yes,Completed,,Tier 1,Color Harmonize,node.js,8.0,Inactive,Developer,Unknown
2024-06-24 14:29:00,dd165e5f773344655cb15ef4ae9ad10c,V49,Yes,Completed,,Tier 1,Color Harmonize,node.js,8.0,Active,Scrum Master,Unknown
2024-06-24 14:29:00,92d672ee8c8a3375607564b4088db64b,V49,No,Dropped,,Tier 1,Color Harmonize,node.js,8.0,Dropped,Scrum Master,Unknown
2024-06-24 14:29:00,a594eeed8f0d1ff66aa0b22101451c64,V49,Yes,Completed,2024-06-16,Tier 1,Color Harmonize,node.js,8.0,Active,Voyage Guide,Unknown
2024-06-24 14:29:00,9f045875f599b81b419835a9aff989af,V49,No,Low Participation,,Tier 1,Color Harmonize,node.js,8.0,Active,Product Owner,Unknown
2024-06-24 14:29:00,5da4c67f6eefe31f9014ac9224059fcc,V49,Yes,Completed,2024-06-16,Tier 1,Color Harmonize,node.js,8.0,Inactive,Scrum Master,Product - Voyage Certificate
2024-06-24 14:29:00,a6dc695f53af582ad23a2324a63d4f2b,V49,Yes,Completed,,Tier 1,Color Harmonize,node.js,8.0,Inactive,Developer,Unknown
2024-06-24 14:29:00,044fb6bf6c427216e5f605b03a734a4b,V49,Yes,Completed,2024-06-16,Tier 1,Color Harmonize,node.js,8.0,Active,Developer,Product - Voyage Certificate
2024-06-24 14:29:00,e7a522c89170bf3d8bc0ee583d881a61,V49,No,Dropped,2024-06-16,Tier 1,Color Harmonize,node.js,8.0,Dropped,Developer,Subscription - Junior Professional
2024-06-24 14:29:00,410f4486b420211100da036046e5bdf4,V49,Yes,Completed,,Tier 1,Color Harmonize,node.js,8.0,Active,Product Owner,Product - Voyage Certificate
2024-06-23 22:29:00,1e1eef673fb8e3fbf174d5e54693f819,V50,No,No Project Submission,,Tier 3,Nan,,,Active,Developer,Unknown
2024-06-23 22:29:00,f59eeb05d1ac196cfaf067a0848cba49,V50,No,No Project Submission,,Tier 3,Nan,,,Inactive,Developer,Product - Voyage Certificate
2024-06-23 22:29:00,0ed72145de5b56894f432bc7039da33d,V50,No,Dropped,,Tier 3,Nan,,,Dropped,Developer,Unknown
2024-06-23 22:29:00,dda22a2bf62b9fca7273b4c53b24c172,V50,No,No Project Submission,,Tier 3,Nan,,,Active,Developer,Unknown
2024-06-23 22:29:00,7ac620329f23559925b16e5690f1f77d,V50,No,Dropped,,Tier 3,Nan,,,Dropped,Developer,Unknown
2024-06-23 21:53:00,c55ec7a82f1cbfcb18d8bbf345bca572,V50,Yes,Cert Issued,2024-08-18,Tier 1,Griddle & Github Grill,React with Vite,10.0,Active,Developer,Product - Voyage Certificate
2024-06-23 21:53:00,210afbc4d162f2397ae98f176beeb82c,V50,Yes,Cert Issued,2024-08-18,Tier 1,Griddle & Github Grill,React with Vite,10.0,Active,Ui/Ux Designer,Product - Voyage Certificate
2024-06-23 21:53:00,ea5fa1202b8ada67332e743b73746041,V50,Yes,Cert Issued,2024-08-18,Tier 1,Griddle & Github Grill,React with Vite,10.0,Inactive,Scrum Master,Subscription - Junior Professional
2024-06-23 21:53:00,dd165e5f773344655cb15ef4ae9ad10c,V50,Yes,Cert Issued,2024-08-18,Tier 1,Griddle & Github Grill,React with Vite,10.0,Active,Scrum Master,Unknown
2024-06-23 21:53:00,08d752e60fc263e5f89f2be1e8ef279f,V50,Yes,Cert Issued,2024-08-18,Tier 1,Griddle & Github Grill,React with Vite,10.0,Inactive,Developer,Product - Voyage Certificate
2024-06-23 21:53:00,23825a00dece1dfd8dd5197e98345db0,V50,Yes,Completed,,Tier 1,Griddle & Github Grill,React with Vite,10.0,Active,Developer,Unknown
2024-06-23 21:53:00,0ba2457755a115c0f04949e88521eeb0,V50,Yes,Completed,,Tier 1,Griddle & Github Grill,React with Vite,10.0,Active,Developer,Unknown
2024-06-19 15:14:00,80385db86dd7da799cd210bfbd5d8663,V49,Yes,Completed,2024-06-16,Tier 2,Color Compass,"React.js + Vite, React Router, Tailwind CSS, Context API GROQ API, JavaScript Git & GitHub (for version control), Jira, Figma",10.0,Active,Developer,Product - Voyage Certificate
2024-06-19 15:14:00,2c0dcccb7bb36e6c724b073acf755fc9,V49,Yes,Completed,,Tier 2,Color Compass,"React.js + Vite, React Router, Tailwind CSS, Context API GROQ API, JavaScript Git & GitHub (for version control), Jira, Figma",,Active,Scrum Master,Subscription - Junior Professional
2024-06-19 15:14:00,117041ddcadec26bda3f435ede2811d9,V49,Yes,Completed,,Tier 2,Color Compass,"React.js + Vite, React Router, Tailwind CSS, Context API GROQ API, JavaScript Git & GitHub (for version control), Jira, Figma",,Inactive,Developer,Unknown
2024-06-19 15:14:00,ad4be40401bc06f189bff9b1fb6cb01b,V49,Yes,Completed,2024-06-16,Tier 2,Color Compass,"React.js + Vite, React Router, Tailwind CSS, Context API GROQ API, JavaScript Git & GitHub (for version control), Jira, Figma",,Active,Developer,Product - Voyage Certificate
2024-06-19 15:14:00,23a6c0c4a2a8b760cf31fe599d6cbb87,V49,Yes,Completed,,Tier 2,Color Compass,"React.js + Vite, React Router, Tailwind CSS, Context API GROQ API, JavaScript Git & GitHub (for version control), Jira, Figma",,Active,Developer,Unknown
2024-06-19 15:14:00,21bb4a765964e2af1078e470265c6919,V49,Yes,Completed,2024-06-16,Tier 2,Color Compass,"React.js + Vite, React Router, Tailwind CSS, Context API GROQ API, JavaScript Git & GitHub (for version control), Jira, Figma",,Active,Developer,Unknown
2024-06-19 15:14:00,bc1b21b512943af76ac6b96c86f034e2,V49,No,Insufficient Team Channel Activity,,Tier 2,Color Compass,"React.js + Vite, React Router, Tailwind CSS, Context API GROQ API, JavaScript Git & GitHub (for version control), Jira, Figma",,Inactive,Product Owner,Product - Voyage Certificate
2024-06-19 15:14:00,43479ca4a1ecfd2f2f8c85d7e75810d2,V49,Yes,Completed,,Tier 2,Color Compass,"React.js + Vite, React Router, Tailwind CSS, Context API GROQ API, JavaScript Git & GitHub (for version control), Jira, Figma",,Active,Developer,Product - Voyage Certificate
2024-06-19 10:34:00,2a63ff2ddbfb9b6565a82240e10a6d35,V50,Yes,Completed,,Tier 2,Flavorfinder,"React/Vite, Tailwind, Redux-toolkit, Node",10.0,Active,Voyage Guide,Unknown
2024-06-19 00:41:00,f592b61fde67606d7dc913865b161338,V49,No,Insufficient Commits,,Tier 2,Color Explorer,React,10.0,Active,Developer,Unknown
2024-06-19 00:41:00,22c362e5eecf90883bb8cc833335cbac,V49,No,Insufficient Commits,,Tier 2,Color Explorer,React,10.0,Inactive,Ui/Ux Designer,Unknown
2024-06-19 00:41:00,f67b359adb0c8d84c911633e39f3e2d8,V49,No,Insufficient Commits,,Tier 2,Color Explorer,React,10.0,Inactive,Developer,Unknown
2024-06-19 00:41:00,d2bc905567c1556f647f33ca3a92074a,V49,No,Insufficient Commits,2024-06-16,Tier 2,Color Explorer,React,10.0,Active,Developer,Product - Voyage Certificate
2024-06-19 00:41:00,011110e473b7cbd7e7d4eba123aa5d48,V49,Yes,Completed,,Tier 2,Color Explorer,React,10.0,Active,Voyage Guide,Unknown
2024-06-19 00:41:00,5af2788b212ead38af89aa0ed571dd03,V49,No,Insufficient Team Channel Activity,,Tier 2,Color Explorer,React,10.0,Inactive,Product Owner,Unknown
2024-06-19 00:41:00,c82250782c3be62b540a4ee298f612b3,V49,Yes,Completed,,Tier 2,Color Explorer,React,10.0,Inactive,Developer,Unknown
2024-06-19 00:41:00,de76cab4da780d567191bf3df8b27309,V49,No,Insufficient Commits,,Tier 2,Color Explorer,React,10.0,Inactive,Developer,Unknown
2024-06-19 00:41:00,506b937e0fd973761efbf2b1f8541d24,V49,No,Insufficient Commits,,Tier 2,Color Explorer,React,10.0,Active,Developer,Unknown
2024-06-18 12:49:00,8fdcf82b30efaffb8739cf81d582f5cb,V50,No,Dropped,,Tier 3,Nan,,,Dropped,Developer,Unknown
2024-06-18 12:49:00,584b90aec460a5784fc0aa88b1239e24,V50,No,No Project Submission,,Tier 3,Nan,,,Inactive,Developer,Unknown
2024-06-18 12:49:00,3087a640378c425681741372698938c7,V50,No,No Project Submission,,Tier 3,Nan,,,Active,Developer,Unknown
2024-06-18 12:49:00,b055d04ff2046f6b8842c2a9ee68d6e3,V50,No,No Project Submission,,Tier 3,Nan,,,Inactive,Developer,Unknown
2024-06-18 12:49:00,f7fa2604ae454240ba1868169804e53b,V50,No,No Project Submission,,Tier 3,Nan,,,Inactive,Developer,Product - Voyage Certificate
2024-06-18 12:49:00,f67b359adb0c8d84c911633e39f3e2d8,V50,No,No Project Submission,,Tier 3,Nan,,,Inactive,Developer,Unknown
2024-06-17 20:30:00,a52b1d73d0eb6bc5011cbf81c7d25934,V49,Yes,Completed,2024-06-16,Tier 2,Color Inspo,"React, TypeScript, Tailwind CSS, Vite, ESLint Radix UI and OpenAI",10.0,Inactive,Scrum Master,Product - Voyage Certificate
2024-06-17 20:30:00,70a0ebefc8b770b6f96be5c8d1d63d88,V49,Yes,Completed,2024-06-16,Tier 2,Color Inspo,"React, TypeScript, Tailwind CSS, Vite, ESLint Radix UI and OpenAI",10.0,Inactive,Developer,Product - Voyage Certificate
2024-06-17 20:30:00,2d9749de6490b5dccecd288c20c7a82a,V49,Yes,Completed,2024-06-16,Tier 2,Color Inspo,"React, TypeScript, Tailwind CSS, Vite, ESLint Radix UI and OpenAI",10.0,Inactive,Developer,Product - Voyage Certificate
2024-06-17 20:30:00,0872b0ca6fd493260ae000bd4e8ef9dd,V49,Yes,Completed,,Tier 2,Color Inspo,"React, TypeScript, Tailwind CSS, Vite, ESLint Radix UI and OpenAI",10.0,Inactive,Developer,Unknown
2024-06-17 20:30:00,26cd7e4f5c15202049c1a1df649fd585,V49,No,Dropped,,Tier 2,Color Inspo,"React, TypeScript, Tailwind CSS, Vite, ESLint Radix UI and OpenAI",10.0,Dropped,Developer,Unknown
2024-06-17 20:30:00,2ff8473cffb69e89f6ebe39f698155f8,V49,Yes,Completed,2024-06-16,Tier 2,Color Inspo,"React, TypeScript, Tailwind CSS, Vite, ESLint Radix UI and OpenAI",10.0,Inactive,Developer,Unknown
2024-06-17 20:30:00,24e310ce62dc11d2d38f1ead4ceae641,V49,Yes,Completed,,Tier 2,Color Inspo,"React, TypeScript, Tailwind CSS, Vite, ESLint Radix UI and OpenAI",10.0,Inactive,Developer,Unknown
2024-06-17 20:30:00,579bb41e60241e7649f44169f996b019,V49,Yes,Completed,2024-06-16,Tier 2,Color Inspo,"React, TypeScript, Tailwind CSS, Vite, ESLint Radix UI and OpenAI",10.0,Active,Voyage Guide,Unknown
2024-06-17 16:23:00,9f3905509ea5831a992a4666fc4e887d,V49,Yes,Completed,,Tier 3,Nest-Ring,next.js,10.0,Active,Product Owner,Unknown
2024-06-17 16:23:00,5f28def0b2a901fe2bd6c7b4cb1b1c43,V49,Yes,Completed,,Tier 3,Nest-Ring,next.js,10.0,Inactive,Developer,Unknown
2024-06-17 16:23:00,aaf01252a785fce555e710d2c5c70ffa,V49,Yes,Completed,,Tier 3,Nest-Ring,next.js,10.0,Active,Voyage Guide,Unknown
2024-06-17 16:23:00,bbe371d187cd85ac17ccba3171888564,V49,No,Insufficient Commits,,Tier 3,Nest-Ring,next.js,10.0,Inactive,Developer,Unknown
2024-06-17 16:23:00,b4e4f60f80a7127ecc5b8d039b2c6d49,V49,Yes,Completed,,Tier 3,Nest-Ring,next.js,10.0,Active,Developer,Product - Voyage Certificate
2024-06-17 16:23:00,579bb41e60241e7649f44169f996b019,V49,No,Insufficient Commits,2024-06-16,Tier 3,Nest-Ring,next.js,10.0,Active,Developer,Subscription - Junior Professional
2024-06-17 16:23:00,31430e93ed2ec11020ecb449800ede8b,V49,Yes,Completed,,Tier 3,Nest-Ring,next.js,10.0,Active,Scrum Master,Subscription - Professional
2024-06-17 10:44:00,da79574b61231512b96d69c606495ef9,V49,Yes,Completed,,Tier 3,Book Corner,MERN,10.0,Active,Developer,Unknown
2024-06-17 10:44:00,11082e7c527ba7930c3010009b0868f5,V49,No,Insufficient Commits,,Tier 3,Book Corner,MERN,10.0,Inactive,Developer,Unknown
2024-06-17 10:44:00,83a9eeb385d9fd3636408739481fa9b4,V49,No,Insufficient Commits,,Tier 3,Book Corner,MERN,10.0,Inactive,Developer,Unknown
2024-06-17 10:44:00,65bca75ed9cf634262ecba528a3c2c25,V49,Yes,Completed,,Tier 3,Book Corner,MERN,10.0,Active,Developer,Unknown
2024-06-17 10:44:00,11aefb5ade6dc79ff4aad6ef0b4e268c,V49,Yes,Completed,,Tier 3,Book Corner,MERN,10.0,Active,Voyage Guide,Unknown
2024-06-17 10:44:00,4ab0dddf11a4b0f4a2b912d60a8470d5,V49,Yes,Completed,,Tier 3,Book Corner,MERN,10.0,Active,Developer,Unknown
2024-06-17 10:44:00,1263b4c3d479afdd61423f6d930ccf92,V49,Yes,Completed,,Tier 3,Book Corner,MERN,10.0,Active,Developer,Unknown
2024-06-17 10:44:00,23e5387e7a139adc03b65a8e61273027,V49,Yes,Completed,,Tier 3,Book Corner,MERN,10.0,Active,Developer,Unknown
2024-06-17 02:34:00,e752dd4cd863ce64496cb1fe95d6cf5f,V49,Yes,Completed,2024-06-16,Tier 2,Colormind,"Next.js, TypeScript, Tailwind CSS",10.0,Active,Developer,Subscription - Junior Professional
2024-06-17 02:34:00,8986827a63360a6a743dd4aa37d30f02,V49,Yes,Completed,,Tier 2,Colormind,"Next.js, TypeScript, Tailwind CSS",10.0,Active,Developer,Unknown
2024-06-17 02:34:00,65237831c97edc494762875739d30824,V49,No,Dropped,,Tier 2,Colormind,"Next.js, TypeScript, Tailwind CSS",10.0,Dropped,Developer,Unknown
2024-06-17 02:34:00,717e1559b36b9910aba66369b79962db,V49,Yes,Completed,,Tier 2,Colormind,"Next.js, TypeScript, Tailwind CSS",10.0,Active,Voyage Guide,Unknown
2024-06-17 02:34:00,60e3076c5a2d74188266e2977fb9b9c2,V49,Yes,Completed,,Tier 2,Colormind,"Next.js, TypeScript, Tailwind CSS",10.0,Inactive,Developer,Unknown
2024-06-17 02:34:00,2a40cb3e9accf505eb2949bbafe24ccb,V49,Yes,Completed,,Tier 2,Colormind,"Next.js, TypeScript, Tailwind CSS",10.0,Inactive,Developer,Unknown
2024-06-17 02:34:00,4b660c18ab2e50c9209e6039c59b939a,V49,No,Dropped,,Tier 2,Colormind,"Next.js, TypeScript, Tailwind CSS",10.0,Dropped,Developer,Unknown
2024-06-17 00:01:00,b65d118fb203e106b845f14f6d149278,V49,Yes,Completed,2024-06-16,Tier 1,Hueharmonie,"React, JavaScript, HTML, CSS, Node.js",10.0,Active,Product Owner,Product - Voyage Certificate
2024-06-17 00:01:00,c3fb1f2dcb4f1d5742c0973bca1cb1dc,V49,Yes,Completed,,Tier 1,Hueharmonie,"React, JavaScript, HTML, CSS, Node.js",10.0,Active,Developer,Unknown
2024-06-17 00:01:00,24e041aeff0038f50deb5e38fb97a36f,V49,No,Dropped,,Tier 1,Hueharmonie,"React, JavaScript, HTML, CSS, Node.js",10.0,Dropped,Developer,Unknown
2024-06-17 00:01:00,d69743111e2ffecfdd1fd756b2c78a8c,V49,Yes,Completed,,Tier 1,Hueharmonie,"React, JavaScript, HTML, CSS, Node.js",10.0,Active,Voyage Guide,Unknown
2024-06-17 00:01:00,e3ab33708f7c650885258f71632539c6,V49,Yes,Completed,,Tier 1,Hueharmonie,"React, JavaScript, HTML, CSS, Node.js",10.0,Active,Developer,Unknown
2024-06-16 23:04:00,1febd9e128f0f44bca1e2e573c581128,V49,Yes,Completed,2024-06-16,Tier 2,Glow Guide,"React, vanilla css",10.0,Active,Developer,Product - Voyage Certificate
2024-06-16 23:04:00,a07ff5b0959dedaffdf668077b0d49d8,V49,Yes,Completed,,Tier 2,Glow Guide,"React, vanilla css",10.0,Unknown,Unknown,Unknown
2024-06-16 23:04:00,dc29d106d687e84350a5c47603ab1e08,V49,Yes,Completed,,Tier 2,Glow Guide,"React, vanilla css",10.0,Inactive,Developer,Unknown
2024-06-16 23:04:00,3db5c4a72b035115a0b2d2ec368f2750,V49,Yes,Completed,,Tier 2,Glow Guide,"React, vanilla css",10.0,Active,Developer,Unknown
2024-06-16 23:04:00,579bb41e60241e7649f44169f996b019,V49,Yes,Completed,2024-06-16,Tier 2,Glow Guide,"React, vanilla css",10.0,Active,Voyage Guide,Unknown
2024-06-16 23:04:00,babb1a4bcaa719dd10261b45e1331b54,V49,No,Dropped,,Tier 2,Glow Guide,"React, vanilla css",10.0,Dropped,Developer,Unknown
2024-06-16 23:04:00,a6c511e3066f22c99eb41fb5a4ac3a14,V49,No,Insufficient Commits,,Tier 2,Glow Guide,"React, vanilla css",10.0,Inactive,Developer,Unknown
2024-06-16 22:22:00,13b0c3b413db3e49067f91ad2bc809af,V49,Yes,Completed,,Tier 3,Shelf Share,"React, Node.js, Express.js, MonoDB",9.0,Active,Developer,Unknown
2024-06-16 22:22:00,3087a640378c425681741372698938c7,V49,Yes,Completed,2024-06-16,Tier 3,Shelf Share,"React, Node.js, Express.js, MonoDB",9.0,Active,Voyage Guide,Subscription - Junior Professional
2024-06-16 22:22:00,f3c0be2d2e19b69c4a3761dbd7731715,V49,Yes,Completed,,Tier 3,Shelf Share,"React, Node.js, Express.js, MonoDB",9.0,Active,Developer,Unknown
2024-06-16 22:22:00,b51c872dd299e15d72bf96f24dce770c,V49,No,Insufficient Commits,,Tier 3,Shelf Share,"React, Node.js, Express.js, MonoDB",9.0,Active,Developer,Unknown
2024-06-16 22:22:00,2c4ca324012af3de799870d0438fde69,V49,Yes,Completed,,Tier 3,Shelf Share,"React, Node.js, Express.js, MonoDB",9.0,Active,Developer,Unknown
2024-06-16 22:22:00,4351416666dab02d74f71d3a33aeaa51,V49,Yes,Completed,,Tier 3,Shelf Share,"React, Node.js, Express.js, MonoDB",9.0,Active,Developer,Unknown
2024-06-16 22:22:00,6c3b5eb8505dfef862af3b87edfe8591,V49,Yes,Completed,,Tier 3,Shelf Share,"React, Node.js, Express.js, MonoDB",9.0,Inactive,Product Owner,Unknown
2024-06-16 22:22:00,7a57be253b079b3eb96781f824777a9d,V49,Yes,Completed,,Tier 3,Shelf Share,"React, Node.js, Express.js, MonoDB",9.0,Active,Developer,Unknown
2024-06-16 22:14:00,41aee3001a676ab2fa0c42e8543cd92d,V49,Yes,Completed,2024-06-16,Tier 2,Palettepro,"React, Vanilla CSS, Groq AI API, React Color, React-three/fiber, React-three/drei, React Icons, Framer Motion, Vite, Vercel",7.0,Active,Developer,Product - Voyage Certificate
2024-06-16 22:14:00,f59632e5dea53f263305da0b10d75b5a,V49,Yes,Completed,,Tier 2,Palettepro,"React, Vanilla CSS, Groq AI API, React Color, React-three/fiber, React-three/drei, React Icons, Framer Motion, Vite, Vercel",7.0,Active,Developer,Unknown
2024-06-16 22:14:00,0ed72145de5b56894f432bc7039da33d,V49,No,Dropped,,Tier 2,Palettepro,"React, Vanilla CSS, Groq AI API, React Color, React-three/fiber, React-three/drei, React Icons, Framer Motion, Vite, Vercel",7.0,Dropped,Developer,Unknown
2024-06-16 22:14:00,736812e323bb18426d98781d758968ce,V49,Yes,Completed,,Tier 2,Palettepro,"React, Vanilla CSS, Groq AI API, React Color, React-three/fiber, React-three/drei, React Icons, Framer Motion, Vite, Vercel",7.0,Active,Developer,Unknown
2024-06-16 22:14:00,6d9c1b695fc10fcdbd714028dffb6030,V49,Yes,Cert Issued,2024-06-16,Tier 2,Palettepro,"React, Vanilla CSS, Groq AI API, React Color, React-three/fiber, React-three/drei, React Icons, Framer Motion, Vite, Vercel",7.0,Active,Developer,Subscription - Junior Professional
2024-06-16 22:14:00,21bb4a765964e2af1078e470265c6919,V49,Yes,Completed,2024-06-16,Tier 2,Palettepro,"React, Vanilla CSS, Groq AI API, React Color, React-three/fiber, React-three/drei, React Icons, Framer Motion, Vite, Vercel",7.0,Active,Voyage Guide,Unknown
2024-06-16 20:04:00,c12a4269f0d5f022f1051a9147ca1cf7,V49,Yes,Completed,2024-06-16,Tier 2,Colorme,"HTML/CSS, Javascript, React, Tailwind, Groq AI API, node.js, npm, vite",10.0,Active,Data Scientist,Subscription - Junior Professional
2024-06-16 20:04:00,92db757f114a9748602f36fe3cec4d56,V49,Yes,Completed,,Tier 2,Colorme,"HTML/CSS, Javascript, React, Tailwind, Groq AI API, node.js, npm, vite",10.0,Active,Scrum Master,Unknown
2024-06-16 20:04:00,30e77ff2d0282dcaaf2af85d706c32f6,V49,Yes,Completed,,Tier 2,Colorme,"HTML/CSS, Javascript, React, Tailwind, Groq AI API, node.js, npm, vite",10.0,Inactive,Developer,Unknown
2024-06-16 20:04:00,0aed498d5866c4582eaa4f09e264754b,V49,Yes,Completed,,Tier 2,Colorme,"HTML/CSS, Javascript, React, Tailwind, Groq AI API, node.js, npm, vite",10.0,Active,Developer,Unknown
2024-06-16 20:04:00,2c0dcccb7bb36e6c724b073acf755fc9,V49,Yes,Completed,,Tier 2,Colorme,"HTML/CSS, Javascript, React, Tailwind, Groq AI API, node.js, npm, vite",10.0,Active,Voyage Guide,Unknown
2024-06-16 20:04:00,87953ead92213fea226470b006f22811,V49,Yes,Completed,,Tier 2,Colorme,"HTML/CSS, Javascript, React, Tailwind, Groq AI API, node.js, npm, vite",10.0,Inactive,Developer,Unknown
2024-06-16 20:04:00,23c446cdbc6b94b09c842fab63e406c6,V49,No,Dropped,,Tier 2,Colorme,"HTML/CSS, Javascript, React, Tailwind, Groq AI API, node.js, npm, vite",10.0,Dropped,Developer,Unknown
2024-06-16 16:02:00,09e96956b7ae7d8d9c4fad190358b9b0,V49,Yes,Completed,2024-06-16,Tier 1,Hue Harmony,"HTML, CSS, Javascript, iro.js library, Groq AI API, Figma",10.0,Active,Developer,Subscription - Junior Professional
2024-06-16 16:02:00,75753acf70f03cc46d92c993041c62fa,V49,Yes,Completed,2024-06-16,Tier 1,Hue Harmony,"HTML, CSS, Javascript, iro.js library, Groq AI API, Figma",10.0,Active,Product Owner,Product - Voyage Certificate
2024-06-16 16:02:00,7e06646b3db8db8ec457ab1c41db71b8,V49,Yes,Completed,2024-06-16,Tier 1,Hue Harmony,"HTML, CSS, Javascript, iro.js library, Groq AI API, Figma",10.0,Active,Developer,Product - Voyage Certificate
2024-06-16 16:02:00,de1773e52a551ae22983637faab64510,V49,Yes,Completed,2024-06-16,Tier 1,Hue Harmony,"HTML, CSS, Javascript, iro.js library, Groq AI API, Figma",10.0,Active,Developer,Unknown
2024-06-16 16:02:00,b01eee8da59a562472848955a55a9147,V49,Yes,Completed,,Tier 1,Hue Harmony,"HTML, CSS, Javascript, iro.js library, Groq AI API, Figma",10.0,Inactive,Ui/Ux Designer,Unknown
2024-06-16 16:02:00,b2e0990e9fa5377695dbfb36cc170649,V49,Yes,Completed,,Tier 1,Hue Harmony,"HTML, CSS, Javascript, iro.js library, Groq AI API, Figma",10.0,Active,Scrum Master,Unknown
2024-06-16 16:02:00,0515f1d5ff21444477949063e1f475ee,V49,Yes,Completed,2024-06-16,Tier 1,Hue Harmony,"HTML, CSS, Javascript, iro.js library, Groq AI API, Figma",10.0,Active,Scrum Master,Product - Voyage Certificate
2024-06-16 16:00:00,6f74131c96012e3495c4cc25ae7e023d,V49,Yes,Completed,,Tier 3,Fitflex - Strength Training Tracker,"Next.js, React, Typescript, MongoDB, Tailwind, Material UI",8.0,Active,Product Owner,Unknown
2024-06-16 16:00:00,3087a640378c425681741372698938c7,V49,Yes,Completed,2024-06-16,Tier 3,Fitflex - Strength Training Tracker,"Next.js, React, Typescript, MongoDB, Tailwind, Material UI",8.0,Active,Voyage Guide,Subscription - Junior Professional
2024-06-16 16:00:00,23b61dabaadce2f9d43ea020de7b6b86,V49,Yes,Completed,,Tier 3,Fitflex - Strength Training Tracker,"Next.js, React, Typescript, MongoDB, Tailwind, Material UI",8.0,Active,Developer,Unknown
2024-06-16 16:00:00,072bb67fe52d83e5b1bdb310d128b4ad,V49,No,Dropped,,Tier 3,Fitflex - Strength Training Tracker,"Next.js, React, Typescript, MongoDB, Tailwind, Material UI",8.0,Dropped,Developer,Unknown
2024-06-16 16:00:00,f0b1b5a53d5d41c851a9ac708aae1bef,V49,Yes,Completed,,Tier 3,Fitflex - Strength Training Tracker,"Next.js, React, Typescript, MongoDB, Tailwind, Material UI",8.0,Active,Developer,Unknown
2024-06-16 16:00:00,51124f58a6c4f242a62fe14295917a3a,V49,Yes,Completed,,Tier 3,Fitflex - Strength Training Tracker,"Next.js, React, Typescript, MongoDB, Tailwind, Material UI",8.0,Active,Developer,Unknown
2024-06-16 15:26:00,67964c9c9ed9c6900b60902db0611d49,V49,Yes,Completed,,Tier 3,Pawsitive,"ruby on rails , postgresql, tailwind",10.0,Active,Developer,Unknown
2024-06-16 15:26:00,d1d7280b5c3de57ad00a02b872e1f3f2,V49,Yes,Completed,2024-06-16,Tier 3,Pawsitive,"ruby on rails , postgresql, tailwind",10.0,Active,Developer,Subscription - Junior Professional
2024-06-16 15:26:00,be9d5140b8356896ac551d018834b9ae,V49,Yes,Completed,2024-06-16,Tier 3,Pawsitive,"ruby on rails , postgresql, tailwind",10.0,Active,Developer,Product - Voyage Certificate
2024-06-16 14:50:00,a594eeed8f0d1ff66aa0b22101451c64,V49,Yes,Completed,2024-06-16,Tier 2,Color Compass,"React.js, Express.js",5.0,Inactive,Developer,Unknown
2024-06-16 14:45:00,fcabcba3a962523832a74a904af02acb,V49,Yes,Completed,2024-06-16,Tier 3,Pawfect Match,"React, Typescript, Node Js, Prisma, Postgres",9.0,Active,Developer,Unknown
2024-06-16 14:45:00,b41b5f435575471b6a95c6004be032cf,V49,Yes,Completed,,Tier 3,Pawfect Match,"React, Typescript, Node Js, Prisma, Postgres",9.0,Inactive,Ui/Ux Designer,Unknown
2024-06-16 14:45:00,9f3905509ea5831a992a4666fc4e887d,V49,Yes,Completed,,Tier 3,Pawfect Match,"React, Typescript, Node Js, Prisma, Postgres",9.0,Active,Voyage Guide,Unknown
2024-06-16 14:45:00,57355910b7988c0af4121744d60ef178,V49,Yes,Completed,,Tier 3,Pawfect Match,"React, Typescript, Node Js, Prisma, Postgres",9.0,Inactive,Developer,Unknown
2024-06-16 14:45:00,10f771766d9375e6c8eae298e2b0b03e,V49,Yes,Completed,,Tier 3,Pawfect Match,"React, Typescript, Node Js, Prisma, Postgres",9.0,Active,Developer,Unknown
2024-06-16 14:45:00,4b84b6479b90b527687be4f8a1e3d789,V49,Yes,Completed,,Tier 3,Pawfect Match,"React, Typescript, Node Js, Prisma, Postgres",9.0,Inactive,Developer,Unknown
2024-06-16 14:45:00,4bc38960549a97e004a615880716bca4,V49,No,Low Participation,,Tier 3,Pawfect Match,"React, Typescript, Node Js, Prisma, Postgres",9.0,Active,Product Owner,Unknown
2024-06-16 14:45:00,83a3f61c6e30e7b8ce9a9e14787bb270,V49,No,Insufficient Commits,,Tier 3,Pawfect Match,"React, Typescript, Node Js, Prisma, Postgres",9.0,Active,Developer,Unknown
2024-06-16 14:37:00,d89412e6f61173dd2a71f83a65181b38,V49,Yes,Completed,2024-06-16,Tier 3,Road.Map,"MongoDB, Express, React, Node.js",10.0,Active,Developer,Product - Voyage Certificate
2024-06-16 14:37:00,bb9116aa9ebef3c0c0ae1ef3598fb4e7,V49,Yes,Completed,,Tier 3,Road.Map,"MongoDB, Express, React, Node.js",10.0,Active,Developer,Unknown
2024-06-16 14:37:00,1e1eef673fb8e3fbf174d5e54693f819,V49,No,Insufficient Commits,,Tier 3,Road.Map,"MongoDB, Express, React, Node.js",10.0,Active,Developer,Unknown
2024-06-16 14:37:00,fe43e696ea387ee5f9a2e04718809691,V49,Yes,Completed,,Tier 3,Road.Map,"MongoDB, Express, React, Node.js",10.0,Inactive,Developer,Unknown
2024-06-16 14:37:00,362f34663313e4f3d1552cd19e9f1ce9,V49,No,Insufficient Commits,,Tier 3,Road.Map,"MongoDB, Express, React, Node.js",10.0,Active,Developer,Unknown
2024-06-16 14:37:00,358370d982426b214181fb785de16a32,V49,No,Insufficient Commits,,Tier 3,Road.Map,"MongoDB, Express, React, Node.js",10.0,Unknown,Unknown,Unknown
2024-06-16 14:30:00,d8f916c1770bf44fbdd183854d94f20a,V49,Yes,Completed,,Tier 1,Color Harmony,"HTML , CSS , JAVASCRIPT",8.0,Inactive,Developer,Unknown
2024-06-16 14:30:00,ad4727b873e1154b3b6636723f077965,V49,Yes,Completed,2024-06-16,Tier 1,Color Harmony,"HTML , CSS , JAVASCRIPT",8.0,Inactive,Developer,Subscription - Junior Professional
2024-06-16 14:30:00,dbef22098a5f2f04b02e2db459de572a,V49,No,Dropped,,Tier 1,Color Harmony,"HTML , CSS , JAVASCRIPT",8.0,Dropped,Developer,Unknown
2024-06-16 14:30:00,c85ec2a11f09bbd4aec1367e3b98e2f3,V49,Yes,Completed,,Tier 1,Color Harmony,"HTML , CSS , JAVASCRIPT",8.0,Inactive,Developer,Unknown
2024-06-16 14:30:00,d54cb2601ad0b2f9f332e6bf6216aa67,V49,Yes,Completed,,Tier 1,Color Harmony,"HTML , CSS , JAVASCRIPT",8.0,Active,Scrum Master,Unknown
2024-06-16 04:51:00,d89412e6f61173dd2a71f83a65181b38,V48,Unknown,Unknown,,Tier 3,Road.Map(),"React, MongoDB, Express,  node.js, React Flow",10.0,Active,Developer,Product - Voyage Certificate
2024-05-21 08:37:00,eba7133399f37d9b722ec99f73519b4b,V52,No,Dropped,,Tier 1,Solar Planner Services,"IndexedDB, vanilla javascript , HTML,CSS",10.0,Dropped,Ui/Ux Designer,Unknown
2024-05-07 02:08:00,9e87e06d7f4dbaf089824754f426e094,V50,No,No Project Submission,,Tier 3,Nan,,,Active,Developer,Unknown
2024-05-07 02:08:00,da79574b61231512b96d69c606495ef9,V50,No,No Project Submission,,Tier 3,Nan,,,Active,Developer,Unknown
2024-05-07 02:08:00,b4e4f60f80a7127ecc5b8d039b2c6d49,V50,No,No Project Submission,,Tier 3,Nan,,,Active,Developer,Unknown
2024-05-07 02:08:00,5436ea278230eec217ea592d6c38ddbc,V50,No,No Project Submission,,Tier 3,Nan,,,Skipvoyage,Developer,Unknown
2024-05-07 02:08:00,c3fb1f2dcb4f1d5742c0973bca1cb1dc,V50,No,No Project Submission,,Tier 3,Nan,,,Active,Developer,Unknown
2024-04-20 21:26:00,2c0dcccb7bb36e6c724b073acf755fc9,V48,Yes,Completed,2024-04-21,Tier 2,Dinosaur App,"React, Context API, Bootstrap",10.0,Active,Ui/Ux Designer,Subscription - Junior Professional
2024-04-17 08:11:00,e2a74ae77bf0b1b14fdf0ec37cefd7fa,V48,Yes,Completed,,Tier 2,Dinostat,React,10.0,Active,Developer,Unknown
2024-04-17 08:11:00,296e059d834ac919a982cfb69bc14f90,V48,Yes,Completed,,Tier 2,Dinostat,React,10.0,Inactive,Developer,Unknown
2024-04-17 08:11:00,171754b7fedc8455f2ce3afc0b17a82d,V48,Yes,Completed,,Tier 2,Dinostat,React,10.0,Inactive,Developer,Unknown
2024-04-17 08:11:00,4ef2e25e2735a1dd30eb239615489f89,V48,No,Dropped,,Tier 2,Dinostat,React,10.0,Dropped,Developer,Unknown
2024-04-17 08:11:00,b20e76df807f863e7dd722c2749755b7,V48,Yes,Completed,,Tier 2,Dinostat,React,10.0,Inactive,Developer,Unknown
2024-04-17 08:11:00,b2d1e84693ece307aba8a9aa9071f3af,V48,No,Dropped,2024-04-20,Tier 2,Dinostat,React,10.0,Dropped,Developer,Subscription - Junior Professional
2024-04-17 08:11:00,8986827a63360a6a743dd4aa37d30f02,V48,No,Dropped,,Tier 2,Dinostat,React,10.0,Dropped,Developer,Unknown
2024-04-17 02:18:00,a952eed32434b20325356ac9b041c7fc,V48,Yes,Completed,,Tier 1,Chingu Dino,"React , Vitejs",10.0,Active,Developer,Unknown
2024-04-17 02:18:00,796c070e07cae8d856de3d009dc3be57,V48,Yes,Completed,,Tier 1,Chingu Dino,"React , Vitejs",10.0,Active,Developer,Unknown
2024-04-17 02:18:00,b73a6fb23456b2eec5bef1b359ae0cb2,V48,Yes,Completed,,Tier 1,Chingu Dino,"React , Vitejs",10.0,Inactive,Developer,Unknown
2024-04-17 02:18:00,d6b7447cd5168c23c707663fc475f9e2,V48,Yes,Completed,,Tier 1,Chingu Dino,"React , Vitejs",10.0,Active,Developer,Unknown
2024-04-17 02:18:00,eb4244ad5f0aa5cbd035713a6b0d7a18,V48,Yes,Completed,2024-04-20,Tier 1,Chingu Dino,"React , Vitejs",10.0,Active,Voyage Guide,Unknown
2024-04-17 02:18:00,7987464541baca2f4f28f794706dcbdf,V48,No,Dropped,,Tier 1,Chingu Dino,"React , Vitejs",10.0,Dropped,Product Owner,Subscription - Junior Professional
2024-04-16 03:53:00,ddfc133e786ce198f9a9cd1d236c822a,V48,Yes,Completed,,Tier 3,Riverbenk,NextJs,7.0,Active,Developer,Unknown
2024-04-16 03:53:00,24e310ce62dc11d2d38f1ead4ceae641,V48,Yes,Completed,,Tier 3,Riverbenk,NextJs,7.0,Active,Developer,Unknown
2024-04-16 03:53:00,aaf01252a785fce555e710d2c5c70ffa,V48,Yes,Completed,,Tier 3,Riverbenk,NextJs,7.0,Active,Developer,Unknown
2024-04-16 03:53:00,c6d1c5b6d80d89c177f62395c0fe8725,V48,No,Dropped,,Tier 3,Riverbenk,NextJs,7.0,Dropped,Developer,Unknown
2024-04-16 03:53:00,bae1af75107d3768ae6b3ef806f5a5fa,V48,Yes,Completed,,Tier 3,Riverbenk,NextJs,7.0,Inactive,Developer,Unknown
2024-04-16 03:53:00,f81735d12dc18d8de18bc15025b57737,V48,No,Insufficient Commits,,Tier 3,Riverbenk,NextJs,7.0,Inactive,Product Owner,Unknown
2024-04-16 03:53:00,337b5906d57fec7605ad3a43f85684f6,V48,No,Dropped,,Tier 3,Riverbenk,NextJs,7.0,Dropped,Developer,Unknown
2024-04-16 03:53:00,2f9aaa179e6c8d8f46d2a7cef1ffa7fe,V48,No,Dropped,,Tier 3,Riverbenk,NextJs,7.0,Dropped,Ui/Ux Designer,Unknown
2024-04-15 03:26:00,4bc38960549a97e004a615880716bca4,V48,Yes,Completed,,Tier 1,Dino App,"Javascript, D3, Netlify",10.0,Active,Product Owner,Unknown
2024-04-15 03:26:00,6e3afd8f21a540922db768dc01fab27b,V48,Yes,Completed,,Tier 1,Dino App,"Javascript, D3, Netlify",10.0,Inactive,Product Owner,Unknown
2024-04-15 03:26:00,1149e78d0f41fbfb2c25e0106e319a40,V48,No,Dropped,,Tier 1,Dino App,"Javascript, D3, Netlify",10.0,Dropped,Developer,Unknown
2024-04-15 03:26:00,6645c319f134058d0446db8ac661d428,V48,Yes,Completed,,Tier 1,Dino App,"Javascript, D3, Netlify",10.0,Inactive,Developer,Unknown
2024-04-15 03:26:00,ad4727b873e1154b3b6636723f077965,V48,Yes,Completed,2024-04-20,Tier 1,Dino App,"Javascript, D3, Netlify",10.0,Inactive,Developer,Subscription - Junior Professional
2024-04-15 03:26:00,579bb41e60241e7649f44169f996b019,V48,Yes,Completed,2024-04-20,Tier 1,Dino App,"Javascript, D3, Netlify",10.0,Active,Voyage Guide,Subscription - Junior Professional
2024-04-14 22:02:00,f748c2c6a0f60ad1a615be89003751d7,V48,Yes,Completed,,Tier 3,Eventsync,"Next, MySQL",10.0,Active,Developer,Unknown
2024-04-14 22:02:00,3087a640378c425681741372698938c7,V48,Yes,Completed,2024-04-20,Tier 3,Eventsync,"Next, MySQL",10.0,Active,Voyage Guide,Unknown
2024-04-14 22:02:00,b74065a57a473b6edcaa5b300e77a641,V48,No,Dropped,,Tier 3,Eventsync,"Next, MySQL",10.0,Dropped,Developer,Unknown
2024-04-14 22:02:00,955df9d99cf9eab4ddd3aa972b976216,V48,Yes,Completed,,Tier 3,Eventsync,"Next, MySQL",10.0,Active,Developer,Unknown
2024-04-14 22:02:00,1e1eef673fb8e3fbf174d5e54693f819,V48,Yes,Completed,,Tier 3,Eventsync,"Next, MySQL",10.0,Active,Developer,Unknown
2024-04-14 22:02:00,8c75f941158d3a110aa380c11a58233c,V48,No,Dropped,,Tier 3,Eventsync,"Next, MySQL",10.0,Dropped,Ui/Ux Designer,Unknown
2024-04-14 22:02:00,12b1c7a5a8d92e231621cfedea4a0875,V48,No,Dropped,,Tier 3,Eventsync,"Next, MySQL",10.0,Dropped,Product Owner,Product - Voyage Certificate
2024-04-14 22:02:00,362f34663313e4f3d1552cd19e9f1ce9,V48,No,Dropped,,Tier 3,Eventsync,"Next, MySQL",10.0,Dropped,Developer,Unknown
2024-04-14 22:02:00,dd63eecc29171a5159f1db9aef2c3a6a,V48,Yes,Completed,,Tier 3,Eventsync,"Next, MySQL",10.0,Inactive,Developer,Unknown
2024-04-14 21:14:00,2a7c33257428cb0a160cb8a466649cc8,V48,Yes,Completed,,Tier 1,Dino App,"D3.js, Bootstrap, Netlify",5.0,Inactive,Developer,Unknown
2024-04-14 20:04:00,37a8d4c172c14618379622becfdc2256,V48,Yes,Completed,2024-04-20,Tier 1,Dinosauria,"modular vanilla js, scss, vite, mapbox, chart.js",10.0,Active,Scrum Master,Product - Voyage Certificate
2024-04-14 20:04:00,dd165e5f773344655cb15ef4ae9ad10c,V48,Yes,Completed,,Tier 1,Dinosauria,"modular vanilla js, scss, vite, mapbox, chart.js",10.0,Active,Product Owner,Unknown
2024-04-14 20:04:00,ed4efb807b3c73b81e02561c8d7ab04f,V48,Yes,Completed,,Tier 1,Dinosauria,"modular vanilla js, scss, vite, mapbox, chart.js",10.0,Active,Developer,Unknown
2024-04-14 20:04:00,b0ddf76fe9f4119cd970fedd96d28c70,V48,Yes,Completed,,Tier 1,Dinosauria,"modular vanilla js, scss, vite, mapbox, chart.js",10.0,Inactive,Developer,Unknown
2024-04-14 20:04:00,c17126d09ef998edfe6db56bbf48b1de,V48,No,Dropped,,Tier 1,Dinosauria,"modular vanilla js, scss, vite, mapbox, chart.js",10.0,Dropped,Developer,Unknown
2024-04-14 20:04:00,a594eeed8f0d1ff66aa0b22101451c64,V48,Yes,Completed,2024-04-20,Tier 1,Dinosauria,"modular vanilla js, scss, vite, mapbox, chart.js",10.0,Active,Developer,Unknown
2024-04-14 20:04:00,16d5f09e220c4c10535bc83894c16aa8,V48,Yes,Completed,,Tier 1,Dinosauria,"modular vanilla js, scss, vite, mapbox, chart.js",10.0,Inactive,Developer,Unknown
2024-04-14 20:04:00,2a133c0fee1dd1efa57e0bd05a4f8c88,V48,No,Dropped,,Tier 1,Dinosauria,"modular vanilla js, scss, vite, mapbox, chart.js",10.0,Dropped,Developer,Unknown
2024-04-14 20:04:00,75834838faa268803d4974b2188e618b,V48,Yes,Completed,2024-04-20,Tier 1,Dinosauria,"modular vanilla js, scss, vite, mapbox, chart.js",10.0,Active,Voyage Guide,Unknown
2024-04-14 18:59:00,9f045875f599b81b419835a9aff989af,V48,Yes,Completed,,Tier 1,Dinosaur Search,"HTML, CSS, JavaScript",9.0,Inactive,Developer,Unknown
2024-04-14 18:59:00,4dc5a7ad5bf4430e82c0307e31cfb3c0,V48,No,Insufficient Commits,,Tier 1,Dinosaur Search,"HTML, CSS, JavaScript",9.0,Inactive,Developer,Unknown
2024-04-14 18:59:00,6d25724b0eb781a8be99428cb68ba384,V48,Yes,Completed,2024-04-20,Tier 1,Dinosaur Search,"HTML, CSS, JavaScript",9.0,Inactive,Developer,Unknown
2024-04-14 18:59:00,18860e77c234019bb3780d218d04f2b5,V48,Yes,Completed,2024-04-20,Tier 1,Dinosaur Search,"HTML, CSS, JavaScript",9.0,Inactive,Developer,Product - Voyage Certificate
2024-04-14 18:59:00,6d9c1b695fc10fcdbd714028dffb6030,V48,No,Insufficient Commits,,Tier 1,Dinosaur Search,"HTML, CSS, JavaScript",9.0,Active,Developer,Subscription - Junior Professional
2024-04-14 18:59:00,6dfda0f5b98594883081641050e194f6,V48,Yes,Completed,2024-04-20,Tier 1,Dinosaur Search,"HTML, CSS, JavaScript",9.0,Active,Developer,Unknown
2024-04-14 18:59:00,305f63f909dc6648c3a9e3297f9e6edd,V48,No,Dropped,,Tier 1,Dinosaur Search,"HTML, CSS, JavaScript",9.0,Active,Voyage Guide,Unknown
2024-04-14 18:38:00,5f28def0b2a901fe2bd6c7b4cb1b1c43,V48,Yes,Completed,,Tier 3,Digging Into Dinosaurs,"Next.js, NextAuth.js, Chart.js, Prisma, MongoDB, ShadcnUi, Zod, Mapbox,",10.0,Inactive,Developer,Unknown
2024-04-14 18:38:00,616c4295d1131ddb2415e0cd6a62ad76,V48,No,Dropped,,Tier 3,Digging Into Dinosaurs,"Next.js, NextAuth.js, Chart.js, Prisma, MongoDB, ShadcnUi, Zod, Mapbox,",10.0,Dropped,Developer,Unknown
2024-04-14 18:38:00,66ee9da7dad11573c7b9282959ad3211,V48,No,Insufficient Commits,,Tier 3,Digging Into Dinosaurs,"Next.js, NextAuth.js, Chart.js, Prisma, MongoDB, ShadcnUi, Zod, Mapbox,",10.0,Inactive,Developer,Unknown
2024-04-14 18:38:00,2a1bd08e01a9796fe8957459ac018421,V48,No,Dropped,,Tier 3,Digging Into Dinosaurs,"Next.js, NextAuth.js, Chart.js, Prisma, MongoDB, ShadcnUi, Zod, Mapbox,",10.0,Dropped,Developer,Unknown
2024-04-14 18:38:00,a2ffb172833a4c468c5187796dd1b09a,V48,No,Dropped,,Tier 3,Digging Into Dinosaurs,"Next.js, NextAuth.js, Chart.js, Prisma, MongoDB, ShadcnUi, Zod, Mapbox,",10.0,Dropped,Ui/Ux Designer,Unknown
2024-04-14 18:38:00,d3633e3f1d7fe0f342d661faf49f9453,V48,Yes,Completed,,Tier 3,Digging Into Dinosaurs,"Next.js, NextAuth.js, Chart.js, Prisma, MongoDB, ShadcnUi, Zod, Mapbox,",10.0,Inactive,Developer,Unknown
2024-04-14 17:45:00,6ab02966f5b6f31035245de1cefc61cb,V48,Yes,Completed,2024-04-20,Tier 2,Dinopedia,"React, Vite and TypeScript",10.0,Active,Developer,Product - Voyage Certificate
2024-04-14 17:45:00,b41b5f435575471b6a95c6004be032cf,V48,Yes,Completed,,Tier 2,Dinopedia,"React, Vite and TypeScript",10.0,Inactive,Ui/Ux Designer,Unknown
2024-04-14 17:45:00,84db683e383fd076197e3cac9486cfd8,V48,Yes,Completed,2024-04-20,Tier 2,Dinopedia,"React, Vite and TypeScript",10.0,Active,Developer,Product - Voyage Certificate
2024-04-14 17:45:00,717e1559b36b9910aba66369b79962db,V48,Yes,Completed,2024-04-20,Tier 2,Dinopedia,"React, Vite and TypeScript",10.0,Active,Voyage Guide,Unknown
2024-04-14 17:45:00,33c0840ba002815bd019375a9b1409c1,V48,Yes,Completed,,Tier 2,Dinopedia,"React, Vite and TypeScript",10.0,Active,Developer,Unknown
2024-04-14 17:45:00,8b4554e0da4c35c183e4439d3a1f1874,V48,Yes,Completed,,Tier 2,Dinopedia,"React, Vite and TypeScript",10.0,Inactive,Ui/Ux Designer,Unknown
2024-04-14 17:45:00,57355910b7988c0af4121744d60ef178,V48,Yes,Completed,2024-04-20,Tier 2,Dinopedia,"React, Vite and TypeScript",10.0,Active,Developer,Product - Voyage Certificate
2024-04-14 17:45:00,83a3f61c6e30e7b8ce9a9e14787bb270,V48,Yes,Completed,,Tier 2,Dinopedia,"React, Vite and TypeScript",10.0,Active,Developer,Unknown
2024-04-14 17:03:00,579bb41e60241e7649f44169f996b019,V48,Yes,Completed,2024-04-20,Tier 2,Dino Studio,"React, Bootstrap, Nivo, Google Maps, Vite",10.0,Active,Developer,Subscription - Junior Professional
2024-04-14 17:03:00,702d9c1111e1ad2432c01c5c221b2b8e,V48,Yes,Completed,2024-04-20,Tier 2,Dino Studio,"React, Bootstrap, Nivo, Google Maps, Vite",10.0,Active,Developer,Subscription - Junior Professional
2024-04-14 17:03:00,4eeba95037c65b5b0f75b7bbd8b4786f,V48,No,No Commits,,Tier 2,Dino Studio,"React, Bootstrap, Nivo, Google Maps, Vite",10.0,Active,Ui/Ux Designer,Unknown
2024-04-14 17:03:00,dd748cdece85c0e0fc6362294cd8f2a1,V48,Yes,Completed,,Tier 2,Dino Studio,"React, Bootstrap, Nivo, Google Maps, Vite",10.0,Active,Developer,Unknown
2024-04-14 17:03:00,a491c5ce9b4b0e28f56c904e4bc6ffb9,V48,Yes,Completed,2024-04-20,Tier 2,Dino Studio,"React, Bootstrap, Nivo, Google Maps, Vite",10.0,Active,Voyage Guide,Unknown
2024-04-14 17:03:00,1ebf156e0f8c928a087bf48766aea443,V48,Yes,Completed,,Tier 2,Dino Studio,"React, Bootstrap, Nivo, Google Maps, Vite",10.0,Active,Developer,Unknown
2024-04-14 14:16:00,8c0c0e0055e14084e7dde663d82533c4,V48,Yes,Completed,2024-04-20,Tier 3,Dinosaurs,MERN,8.0,Active,Voyage Guide,Unknown
2024-04-14 14:16:00,c18eeaea25e367155ef0586da59dbaeb,V48,No,Dropped,,Tier 3,Dinosaurs,MERN,8.0,Dropped,Product Owner,Unknown
2024-04-14 14:16:00,d00c40faf0b1753c024193c55238498f,V48,Yes,Completed,2024-04-20,Tier 3,Dinosaurs,MERN,8.0,Inactive,Developer,Product - Voyage Certificate
2024-04-14 14:16:00,4b84b6479b90b527687be4f8a1e3d789,V48,Yes,Completed,,Tier 3,Dinosaurs,MERN,8.0,Inactive,Developer,Unknown
2024-04-14 14:16:00,cedb24bcc957cac6197d407cd640d14b,V48,Yes,Completed,2024-04-20,Tier 3,Dinosaurs,MERN,8.0,Inactive,Developer,Product - Voyage Certificate
2024-04-14 14:16:00,ad5fdda9905303d25d9535e21a6f5d41,V48,No,Dropped,,Tier 3,Dinosaurs,MERN,8.0,Dropped,Developer,Unknown
2024-04-14 14:16:00,9ffbfcb69414244f14dbe36becc58b0d,V48,No,Dropped,,Tier 3,Dinosaurs,MERN,8.0,Dropped,Developer,Unknown
2024-04-14 14:16:00,9a118a29e93de337d5aee7653c7d7db8,V48,Yes,Completed,2024-04-20,Tier 3,Dinosaurs,MERN,8.0,Inactive,Developer,Product - Voyage Certificate
2024-04-14 09:29:00,11aefb5ade6dc79ff4aad6ef0b4e268c,V48,Yes,Completed,,Tier 3,Eventbytes,"NextJS, TypeScript, TailwindCSS, MongoDB, Cloudinary, Vercel",7.0,Active,Developer,Unknown
2024-04-14 09:29:00,65bca75ed9cf634262ecba528a3c2c25,V48,Yes,Completed,,Tier 3,Eventbytes,"NextJS, TypeScript, TailwindCSS, MongoDB, Cloudinary, Vercel",7.0,Active,Developer,Unknown
2024-04-14 09:29:00,10cb2195ed4601137441d6eee2040eaa,V48,Yes,Completed,,Tier 3,Eventbytes,"NextJS, TypeScript, TailwindCSS, MongoDB, Cloudinary, Vercel",7.0,Active,Developer,Unknown
2024-04-14 09:29:00,b4e4f60f80a7127ecc5b8d039b2c6d49,V48,Yes,Completed,2024-04-20,Tier 3,Eventbytes,"NextJS, TypeScript, TailwindCSS, MongoDB, Cloudinary, Vercel",7.0,Active,Developer,Product - Voyage Certificate
2024-04-14 09:29:00,98b72605041374e2acc061802cfdfbd4,V48,Yes,Completed,2024-04-20,Tier 3,Eventbytes,"NextJS, TypeScript, TailwindCSS, MongoDB, Cloudinary, Vercel",7.0,Active,Developer,Unknown
2024-04-14 09:09:00,acfaf706a46f7eac8008793e04fbab20,V48,Yes,Completed,,Tier 3,Zenith,"React, Django, PostgreSQL",5.0,Inactive,Developer,Unknown
2024-04-14 09:09:00,142be0a149743eacdbec49becbd5bdb9,V48,Yes,Completed,,Tier 3,Zenith,"React, Django, PostgreSQL",5.0,Inactive,Product Owner,Unknown
2024-04-14 09:09:00,ea22517add6fe0fd1531e4a70f1a4816,V48,No,Dropped,,Tier 3,Zenith,"React, Django, PostgreSQL",5.0,Dropped,Developer,Unknown
2024-04-14 09:09:00,42e590a8c58e5d24aa7eb11ddfc1e03c,V48,No,Insufficient Commits,,Tier 3,Zenith,"React, Django, PostgreSQL",5.0,Inactive,Data Scientist,Unknown
2024-04-14 09:09:00,0ed72145de5b56894f432bc7039da33d,V48,No,Dropped,,Tier 3,Zenith,"React, Django, PostgreSQL",5.0,Dropped,Developer,Unknown
2024-04-14 09:09:00,e44de899db3a861b261376b17a5e226b,V48,Yes,Completed,2024-04-20,Tier 3,Zenith,"React, Django, PostgreSQL",5.0,Inactive,Developer,Product - Voyage Certificate
2024-04-14 05:44:00,fcabcba3a962523832a74a904af02acb,V48,Yes,Completed,2024-04-20,Tier 2,Dinozz,"React with Vite, no backend",10.0,Active,Developer,Unknown
2024-04-14 05:44:00,cc792825716ba68e28052cfe2c7fbcae,V48,No,Dropped,,Tier 2,Dinozz,"React with Vite, no backend",10.0,Dropped,Ui/Ux Designer,Unknown
2024-04-14 05:44:00,46ed089516f34eb20760a83a6ecb08da,V48,Yes,Completed,,Tier 2,Dinozz,"React with Vite, no backend",10.0,Active,Developer,Unknown
2024-04-14 05:44:00,854dc4cb4c70072e31f0838ede7893c9,V48,No,Dropped,,Tier 2,Dinozz,"React with Vite, no backend",10.0,Dropped,Developer,Unknown
2024-04-14 05:44:00,d209a820a2f3ba6be2a1e26011f60707,V48,Yes,Completed,2024-04-20,Tier 2,Dinozz,"React with Vite, no backend",10.0,Active,Voyage Guide,Unknown
2024-04-14 05:44:00,e752dd4cd863ce64496cb1fe95d6cf5f,V48,Yes,Completed,2024-04-20,Tier 2,Dinozz,"React with Vite, no backend",10.0,Active,Developer,Product - Voyage Certificate
2024-04-14 05:44:00,9f3905509ea5831a992a4666fc4e887d,V48,Yes,Completed,,Tier 2,Dinozz,"React with Vite, no backend",10.0,Active,Product Owner,Unknown
2024-04-14 05:44:00,069586f8c2462ceda67897792663583f,V48,No,Dropped,,Tier 2,Dinozz,"React with Vite, no backend",10.0,Dropped,Developer,Unknown
2024-04-14 00:26:00,23780c1c57d1a26d60b7c9437aa7df63,V48,Yes,Completed,,Tier 2,Dinosoul,"React, JS, Nivo, Figma",10.0,Active,Developer,Unknown
2024-04-14 00:26:00,f5cb9e30135c74c6759dd3dc61db8923,V48,Yes,Completed,,Tier 2,Dinosoul,"React, JS, Nivo, Figma",10.0,Inactive,Developer,Unknown
2024-04-14 00:26:00,1c21292eb936bf3731e9c66e147ed3a1,V48,Yes,Completed,2024-04-20,Tier 2,Dinosoul,"React, JS, Nivo, Figma",10.0,Inactive,Ui/Ux Designer,Product - Voyage Certificate
2024-04-14 00:26:00,d69743111e2ffecfdd1fd756b2c78a8c,V48,Yes,Completed,,Tier 2,Dinosoul,"React, JS, Nivo, Figma",10.0,Active,Voyage Guide,Unknown
2024-04-14 00:26:00,b548930b21e2e4327691cd7022b57871,V48,No,Dropped,,Tier 2,Dinosoul,"React, JS, Nivo, Figma",10.0,Dropped,Developer,Unknown
2024-04-14 00:26:00,da79574b61231512b96d69c606495ef9,V48,Yes,Completed,,Tier 2,Dinosoul,"React, JS, Nivo, Figma",10.0,Active,Developer,Unknown
2024-04-14 00:26:00,0b1abdefb0d64fac66764934f0871db7,V48,No,Completed,,Tier 2,Dinosoul,"React, JS, Nivo, Figma",10.0,Inactive,Developer,Subscription - Junior Professional
2024-04-14 00:26:00,f28866f77d4e7875c1fffcb0fa7aa6b0,V48,No,Dropped,,Tier 2,Dinosoul,"React, JS, Nivo, Figma",10.0,Dropped,Developer,Unknown
2024-04-11 17:30:00,4b7ae8d92e5350644a9d257c09e13fd9,V48,Yes,Completed,,Tier 2,Dinopedia,Vite React React-Router TailwindCSS d3 (data visualizations) React Google Maps API,8.0,Active,Developer,Unknown
2024-04-11 17:30:00,ab8aa01162e999c005f68ed9fa196a65,V48,Yes,Completed,2024-04-20,Tier 2,Dinopedia,Vite React React-Router TailwindCSS d3 (data visualizations) React Google Maps API,8.0,Inactive,Ui/Ux Designer,Product - Voyage Certificate
2024-04-11 17:30:00,92db757f114a9748602f36fe3cec4d56,V48,Yes,Completed,,Tier 2,Dinopedia,Vite React React-Router TailwindCSS d3 (data visualizations) React Google Maps API,8.0,Active,Scrum Master,Unknown
2024-04-11 17:30:00,4b0f406d8780df633513995f0ef057bf,V48,No,Dropped,,Tier 2,Dinopedia,Vite React React-Router TailwindCSS d3 (data visualizations) React Google Maps API,8.0,Dropped,Developer,Unknown
2024-04-11 17:30:00,49e1fd5123699bda2a07315ee14750ec,V48,Yes,Completed,2024-04-20,Tier 2,Dinopedia,Vite React React-Router TailwindCSS d3 (data visualizations) React Google Maps API,8.0,Active,Voyage Guide,Unknown
2024-04-11 17:30:00,d2bc905567c1556f647f33ca3a92074a,V48,Yes,Completed,2024-04-20,Tier 2,Dinopedia,Vite React React-Router TailwindCSS d3 (data visualizations) React Google Maps API,8.0,Active,Developer,Product - Voyage Certificate
2024-04-11 17:30:00,c90374590057550c299af492a2cfbb28,V48,No,Dropped,,Tier 2,Dinopedia,Vite React React-Router TailwindCSS d3 (data visualizations) React Google Maps API,8.0,Dropped,Developer,Unknown
2024-04-11 17:30:00,b055d04ff2046f6b8842c2a9ee68d6e3,V48,No,Dropped,,Tier 2,Dinopedia,Vite React React-Router TailwindCSS d3 (data visualizations) React Google Maps API,8.0,Dropped,Developer,Unknown
2024-04-11 17:30:00,381a6e6804af607efd2e2bacf09900ff,V48,No,Dropped,,Tier 2,Dinopedia,Vite React React-Router TailwindCSS d3 (data visualizations) React Google Maps API,8.0,Dropped,Developer,Unknown
2024-04-11 16:42:00,020e916e949b667a2cb23b346b718c53,V48,Yes,Completed,,Tier 1,Dinoworld,"HTML, CSS, JavaScript, Python, Figma, Agile board-Jira",9.0,Active,Developer,Unknown
2024-04-11 16:42:00,80385db86dd7da799cd210bfbd5d8663,V48,Yes,Completed,2024-04-20,Tier 1,Dinoworld,"HTML, CSS, JavaScript, Python, Figma, Agile board-Jira",9.0,Active,Voyage Guide,Product - Voyage Certificate
2024-04-11 16:42:00,43479ca4a1ecfd2f2f8c85d7e75810d2,V48,Yes,Completed,2024-04-22,Tier 1,Dinoworld,"HTML, CSS, JavaScript, Python, Figma, Agile board-Jira",9.0,Inactive,Developer,Product - Voyage Certificate
2024-04-11 16:42:00,b9eb2f6b7250040f63eb1856026e1476,V48,Yes,Completed,,Tier 1,Dinoworld,"HTML, CSS, JavaScript, Python, Figma, Agile board-Jira",9.0,Active,Developer,Unknown
2024-04-11 16:42:00,158798267bdac2eb7ea9a3f261ec8bda,V48,Yes,Completed,,Tier 1,Dinoworld,"HTML, CSS, JavaScript, Python, Figma, Agile board-Jira",9.0,Active,Developer,Unknown
2024-04-11 16:42:00,811e36075ceed8c23d37e4620209ef67,V48,Yes,Completed,2024-04-20,Tier 1,Dinoworld,"HTML, CSS, JavaScript, Python, Figma, Agile board-Jira",9.0,Active,Data Scientist,Product - Voyage Certificate
2024-02-29 10:36:00,8d2dbf10929dc4ffd444d76bf153776a,V47,Yes,No Subscription Or Product,,Tier 2,Daily Tasks,"React, Styled Components",10.0,Active,Developer,Unknown
2024-02-29 10:36:00,23c446cdbc6b94b09c842fab63e406c6,V47,Yes,No Subscription Or Product,,Tier 2,Daily Tasks,"React, Styled Components",10.0,Dropped,Developer,Unknown
2024-02-29 10:36:00,2c0dcccb7bb36e6c724b073acf755fc9,V47,Yes,Cert Issued,2024-02-18,Tier 2,Daily Tasks,"React, Styled Components",10.0,Inactive,Developer,Subscription - Junior Professional
2024-02-29 10:36:00,c77d200c7644b557364570f503edb5b0,V47,No,No Project Submission,,Tier 2,Daily Tasks,"React, Styled Components",10.0,Active,Developer,Unknown
2024-02-29 10:36:00,e76d921d2bad3c85432746eab52e1367,V47,No,No Project Submission,,Tier 2,Daily Tasks,"React, Styled Components",10.0,Inactive,Developer,Unknown
2024-02-27 14:07:00,75834838faa268803d4974b2188e618b,V47,Yes,Cert Issued,2024-02-18,Tier 2,Devex Tools,Javascript/React,10.0,Active,Developer,Unknown
2024-02-27 14:07:00,ec16654715192e1be051404870107589,V47,Yes,Cert Issued,2024-02-18,Tier 2,Devex Tools,Javascript/React,10.0,Active,Developer,Unknown
2024-02-27 14:07:00,a8405eba8002a317f0ec7d1c7e24cad1,V47,Yes,No Project Submission,,Tier 2,Devex Tools,Javascript/React,10.0,Active,Developer,Unknown
2024-02-27 14:07:00,fcb2aee4ad1e3ed3337f0cd2c031dbf8,V47,Yes,No Project Submission,,Tier 2,Devex Tools,Javascript/React,10.0,Active,Developer,Unknown
2024-02-27 14:07:00,b601acb7ab153a61cc2c2597a7cbbc38,V47,Yes,Cert Issued,2024-02-18,Tier 2,Devex Tools,Javascript/React,10.0,Active,Voyage Guide,Unknown
2024-02-27 14:07:00,ce79b5bc7cbeaa1050d17286c2209511,V47,No,No Project Submission,,Tier 2,Devex Tools,Javascript/React,10.0,Dropped,Developer,Unknown
2024-02-27 14:07:00,d2bc905567c1556f647f33ca3a92074a,V47,Yes,Cert Issued,2024-02-18,Tier 2,Devex Tools,Javascript/React,10.0,Active,Developer,Product - Voyage Certificate
2024-02-27 14:07:00,b540b5ae0c0becdb6482d0edcfe994bd,V47,Yes,Cert Issued,2024-02-18,Tier 2,Devex Tools,Javascript/React,10.0,Inactive,Developer,Product - Voyage Certificate
2024-02-27 14:07:00,9f045875f599b81b419835a9aff989af,V47,Yes,No Subscription Or Product,2024-02-18,Tier 2,Devex Tools,Javascript/React,10.0,Active,Product Owner,Unknown
2024-02-26 02:04:00,579bb41e60241e7649f44169f996b019,V47,Yes,Cert Issued,2024-02-18,Tier 2,Checklis,React/ViteJS,10.0,Active,Developer,Subscription - Junior Professional
2024-02-26 02:04:00,7f62578e442f35f7befd75a83e8df10d,V47,No,No Project Submission,,Tier 2,Checklis,React/ViteJS,10.0,Inactive,Developer,Unknown
2024-02-26 02:04:00,ad5fdda9905303d25d9535e21a6f5d41,V47,Yes,No Subscription Or Product,,Tier 2,Checklis,React/ViteJS,10.0,Inactive,Developer,Unknown
2024-02-26 02:04:00,84e4e47df6b98ffbaa6bcc2e4f30129c,V47,No,No Project Submission,,Tier 2,Checklis,React/ViteJS,10.0,Dropped,Developer,Unknown
2024-02-26 02:04:00,8c0c0e0055e14084e7dde663d82533c4,V47,Yes,Cert Issued,2024-02-18,Tier 2,Checklis,React/ViteJS,10.0,"Active,Active","Voyage Guide,Voyage Guide",Unknown
2024-02-26 02:04:00,e4cbb65a9672507b37e2328589182354,V47,Yes,No Subscription Or Product,,Tier 2,Checklis,React/ViteJS,10.0,Inactive,Ui/Ux Designer,Unknown
2024-02-26 02:04:00,4b84b6479b90b527687be4f8a1e3d789,V47,Yes,No Subscription Or Product,,Tier 2,Checklis,React/ViteJS,10.0,Inactive,Developer,Unknown
2024-02-26 02:04:00,9a3a1f0db4d95da8df2629172a576a4d,V47,No,No Project Submission,,Tier 2,Checklis,React/ViteJS,10.0,Dropped,Developer,Unknown
2024-02-26 02:04:00,ee07b9f58b1b65accee17e0f131c2e99,V47,Yes,Cert Issued,2024-02-18,Tier 2,Checklis,React/ViteJS,10.0,Inactive,Product Owner,Unknown
2024-02-25 22:09:00,12b1c7a5a8d92e231621cfedea4a0875,V47,Yes,Cert Issued,2024-02-18,Tier 3,Omnievents Platform,"React, Typescript, Node.js, MongoDB, Socket.io, TailwindCSS",10.0,Inactive,Product Owner,Product - Voyage Certificate
2024-02-25 22:09:00,ea2c8dcb7908811d399506d5cdd1209a,V47,No,No Project Submission,,Tier 3,Omnievents Platform,"React, Typescript, Node.js, MongoDB, Socket.io, TailwindCSS",10.0,Dropped,Developer,Unknown
2024-02-25 22:09:00,5dc4106339cf69ddad0fb4155fd7458a,V47,Yes,No Subscription Or Product,,Tier 3,Omnievents Platform,"React, Typescript, Node.js, MongoDB, Socket.io, TailwindCSS",10.0,Active,Developer,Unknown
2024-02-25 22:09:00,265991c9819cc35ecac641219b7ab5c8,V47,Yes,Cert Issued,2024-02-18,Tier 3,Omnievents Platform,"React, Typescript, Node.js, MongoDB, Socket.io, TailwindCSS",10.0,Active,Voyage Guide,Unknown
2024-02-25 22:09:00,f0b1b5a53d5d41c851a9ac708aae1bef,V47,No,No Project Submission,,Tier 3,Omnievents Platform,"React, Typescript, Node.js, MongoDB, Socket.io, TailwindCSS",10.0,Dropped,Developer,Unknown
2024-02-25 22:09:00,4d11222513fbb0e88a2495190036342c,V47,No,No Project Submission,,Tier 3,Omnievents Platform,"React, Typescript, Node.js, MongoDB, Socket.io, TailwindCSS",10.0,Dropped,Developer,Unknown
2024-02-25 22:09:00,f0b811f23f0dd853eaa1c95bb605b6fc,V47,Yes,No Subscription Or Product,,Tier 3,Omnievents Platform,"React, Typescript, Node.js, MongoDB, Socket.io, TailwindCSS",10.0,Active,Developer,Unknown
2024-02-25 22:09:00,fb5e11dcbcbdb3bfaf78cb48e43a4ebe,V47,Yes,Cert Issued,2024-02-18,Tier 3,Omnievents Platform,"React, Typescript, Node.js, MongoDB, Socket.io, TailwindCSS",10.0,Dropped,Developer,Subscription - Junior Professional
2024-02-25 22:09:00,4abf20b30ac842b68003e68b37b3fb8f,V47,Yes,No Subscription Or Product,,Tier 3,Omnievents Platform,"React, Typescript, Node.js, MongoDB, Socket.io, TailwindCSS",10.0,Inactive,Developer,Unknown
2024-02-25 22:09:00,c53cd24fdb9f35fd46cf970a7381fce1,V47,Yes,Cert Issued,2024-02-18,Tier 3,Omnievents Platform,"React, Typescript, Node.js, MongoDB, Socket.io, TailwindCSS",10.0,Active,Developer,Unknown
2024-02-25 13:05:00,298d161adff7ffd7fefa825c73a89ab6,V47,No,No Project Submission,,Tier 2,Task Craft,React,10.0,Dropped,Developer,Unknown
2024-02-25 13:05:00,2a1bd08e01a9796fe8957459ac018421,V47,No,No Project Submission,,Tier 2,Task Craft,React,10.0,Dropped,Developer,Subscription - Junior Professional
2024-02-25 13:05:00,717e1559b36b9910aba66369b79962db,V47,Yes,Cert Issued,2024-02-18,Tier 2,Task Craft,React,10.0,Active,Voyage Guide,Unknown
2024-02-25 13:05:00,616c4295d1131ddb2415e0cd6a62ad76,V47,Yes,No Subscription Or Product,,Tier 2,Task Craft,React,10.0,Active,Developer,Unknown
2024-02-25 13:05:00,6db9aeb194574aedb7ea8f46391f6674,V47,Yes,No Subscription Or Product,,Tier 2,Task Craft,React,10.0,Active,Developer,Unknown
2024-02-25 13:05:00,23f392787e01277aeaf7246646ab7d26,V47,No,No Project Submission,,Tier 2,Task Craft,React,10.0,Active,Developer,Unknown
2024-02-25 13:05:00,b2d1e84693ece307aba8a9aa9071f3af,V47,Yes,Cert Issued,2024-02-18,Tier 2,Task Craft,React,10.0,Active,Developer,Subscription - Junior Professional
2024-02-25 06:46:00,9151cd2462eaebc936a370fe80768fa0,V47,No,No Project Submission,,Tier 3,Carease,"Next.js, MongoDB, JWT",10.0,Inactive,Developer,Unknown
2024-02-25 06:46:00,34d66383a61c4622d3893b53f0102a5d,V47,Yes,Cert Issued,2024-02-18,Tier 3,Carease,"Next.js, MongoDB, JWT",10.0,Active,Voyage Guide,Unknown
2024-02-25 06:46:00,d75f15329f6bf6a513634bf1e4f4e0c7,V47,No,No Project Submission,,Tier 3,Carease,"Next.js, MongoDB, JWT",10.0,Inactive,Developer,Unknown
2024-02-25 06:46:00,b4e4f60f80a7127ecc5b8d039b2c6d49,V47,Yes,Cert Issued,2024-02-18,Tier 3,Carease,"Next.js, MongoDB, JWT",10.0,Active,Developer,Product - Voyage Certificate
2024-02-25 06:46:00,3071136d69ddb85a23d1d915d0623d3f,V47,No,No Project Submission,,Tier 3,Carease,"Next.js, MongoDB, JWT",10.0,Active,Developer,Unknown
2024-02-25 06:46:00,438548e49e3f915fde8761cd61d3a995,V47,Yes,Cert Issued,2024-02-18,Tier 3,Carease,"Next.js, MongoDB, JWT",10.0,Inactive,Ui/Ux Designer,Product - Voyage Certificate
2024-02-25 06:46:00,901236c0314f2ef91bb49fd6fdb29ae2,V47,No,No Project Submission,,Tier 3,Carease,"Next.js, MongoDB, JWT",10.0,Dropped,Developer,Unknown
2024-02-25 06:46:00,52d056515adcbf55d0ab9e1cb7f0d38b,V47,Yes,No Subscription Or Product,,Tier 3,Carease,"Next.js, MongoDB, JWT",10.0,Inactive,Developer,Unknown
2024-02-24 09:49:00,d53d6a66d9656e2769b2eacc97ca6747,V47,No,No Project Submission,,Tier 2,Simpleplan,This is a React App with vanilla CSS.  Add-On packages include Prettier Live server Auto Import ES6,8.0,Inactive,Developer,Unknown
2024-02-24 09:49:00,2279b27c08dbfff0a858f1505086a0f3,V47,No,No Project Submission,,Tier 2,Simpleplan,This is a React App with vanilla CSS.  Add-On packages include Prettier Live server Auto Import ES6,8.0,Dropped,Developer,Unknown
2024-02-24 09:49:00,9a03abe6796389f89bd199e1199545b5,V47,Yes,Cert Issued,2024-02-18,Tier 2,Simpleplan,This is a React App with vanilla CSS.  Add-On packages include Prettier Live server Auto Import ES6,8.0,Active,Voyage Guide,Unknown
2024-02-24 09:49:00,33d8625b2c554d632a8c789a06b054ff,V47,No,No Project Submission,,Tier 2,Simpleplan,This is a React App with vanilla CSS.  Add-On packages include Prettier Live server Auto Import ES6,8.0,Inactive,Developer,Unknown
2024-02-24 09:49:00,76b69c3f0afa8b66a84b5512477f6f02,V47,No,No Project Submission,,Tier 2,Simpleplan,This is a React App with vanilla CSS.  Add-On packages include Prettier Live server Auto Import ES6,8.0,Dropped,Developer,Unknown
2024-02-24 09:49:00,483ca29c3bd0ec74dfe8839e07952725,V47,Yes,No Subscription Or Product,,Tier 2,Simpleplan,This is a React App with vanilla CSS.  Add-On packages include Prettier Live server Auto Import ES6,8.0,Active,Developer,Unknown
2024-02-24 09:49:00,a80d92af561a742a3497204b8d332d9b,V47,No,No Project Submission,,Tier 2,Simpleplan,This is a React App with vanilla CSS.  Add-On packages include Prettier Live server Auto Import ES6,8.0,Inactive,Developer,Unknown
2024-02-24 09:49:00,5b46f7afddd102d1d7942ce433e941b9,V47,Yes,No Subscription Or Product,,Tier 2,Simpleplan,This is a React App with vanilla CSS.  Add-On packages include Prettier Live server Auto Import ES6,8.0,Inactive,Product Owner,Unknown
2024-02-21 11:41:00,98e18b178507deea508d9e15e16881e2,V47,Yes,Cert Issued,2024-02-18,Tier 3,Electricity Emissions Calculator,python,8.0,Active,Data Scientist,Unknown
2024-02-19 07:34:00,37a8d4c172c14618379622becfdc2256,V47,Yes,Cert Issued,2024-02-18,Tier 1,No Name,Java Scripts,8.0,Active,Product Owner,Product - Voyage Certificate
2024-02-19 07:34:00,044fb6bf6c427216e5f605b03a734a4b,V47,Yes,Cert Issued,2024-02-18,Tier 1,No Name,Java Scripts,8.0,Active,Developer,Product - Voyage Certificate
2024-02-19 07:34:00,7ecd3eaaaf7e2ec59530885e864dd95c,V47,Yes,No Subscription Or Product,,Tier 1,No Name,Java Scripts,8.0,Active,Developer,Unknown
2024-02-19 07:34:00,05d39ab9b4cf019dce5987c697eaa1e5,V47,No,No Contributions In Github,,Tier 1,No Name,Java Scripts,8.0,Inactive,Developer,Unknown
2024-02-19 07:34:00,305f63f909dc6648c3a9e3297f9e6edd,V47,Yes,Cert Issued,2024-02-18,Tier 1,No Name,Java Scripts,8.0,Active,Voyage Guide,Unknown
2024-02-19 07:34:00,bc0807129d398506c43b7fce24d298dd,V47,Yes,No Subscription Or Product,,Tier 1,No Name,Java Scripts,8.0,Active,Developer,Unknown
2024-02-19 07:34:00,4f6bab745eac211ab6c2bdce0b6fdaac,V47,No,Dropped,,Tier 1,No Name,Java Scripts,8.0,Dropped,Developer,Unknown
2024-02-18 21:46:00,a594eeed8f0d1ff66aa0b22101451c64,V47,Yes,Cert Issued,2024-02-18,Tier 1,Daily Tasks,"HTML, CSS, JS, MVC Pattern",10.0,Active,Product Owner,Unknown
2024-02-18 21:46:00,5e2e63721716788d171da46877e20e73,V47,No,Dropped,,Tier 1,Daily Tasks,"HTML, CSS, JS, MVC Pattern",10.0,Dropped,Developer,Unknown
2024-02-18 21:46:00,9639a8028a06a8e6435f5fea20e96ce8,V47,Yes,Cert Issued,2024-02-18,Tier 1,Daily Tasks,"HTML, CSS, JS, MVC Pattern",10.0,Active,Voyage Guide,Unknown
2024-02-18 21:46:00,44b374600fe1de0642e677be28865028,V47,Yes,Cert Issued,2024-02-18,Tier 1,Daily Tasks,"HTML, CSS, JS, MVC Pattern",10.0,Inactive,Ui/Ux Designer,Unknown
2024-02-18 21:46:00,b055d04ff2046f6b8842c2a9ee68d6e3,V47,Yes,No Subscription Or Product,,Tier 1,Daily Tasks,"HTML, CSS, JS, MVC Pattern",10.0,Inactive,Developer,Unknown
2024-02-18 21:46:00,62d5e7706322b3f4fe12c023d7d638d9,V47,Yes,No Subscription Or Product,,Tier 1,Daily Tasks,"HTML, CSS, JS, MVC Pattern",10.0,Active,Developer,Unknown
2024-02-18 21:46:00,4402edf5408d1a31557d562cca3e8e7e,V47,Yes,Cert Issued,2024-02-18,Tier 1,Daily Tasks,"HTML, CSS, JS, MVC Pattern",10.0,Inactive,Developer,Subscription - Junior Professional
2024-02-18 21:46:00,8c26f6108b2411c26ea8115782b8aacf,V47,Yes,Cert Issued,2024-02-18,Tier 1,Daily Tasks,"HTML, CSS, JS, MVC Pattern",10.0,Active,Developer,Unknown
2024-02-18 21:30:00,7d4ea37d5d63987e96e658bd74910536,V47,Yes,Cert Issued,2024-02-18,Tier 1,Daily Task App,"HTML, CSS, JavaScript",9.0,Active,Product Owner,Product - Voyage Certificate
2024-02-18 21:30:00,362f34663313e4f3d1552cd19e9f1ce9,V47,Yes,No Subscription Or Product,,Tier 1,Daily Task App,"HTML, CSS, JavaScript",9.0,Active,Developer,Unknown
2024-02-18 21:30:00,858202491b84c39773c1a085c8327c45,V47,Yes,No Subscription Or Product,,Tier 1,Daily Task App,"HTML, CSS, JavaScript",9.0,Active,Developer,Unknown
2024-02-18 21:30:00,b1b63a74a8866c32ec4708104ea502cc,V47,Yes,No Subscription Or Product,,Tier 1,Daily Task App,"HTML, CSS, JavaScript",9.0,Active,Developer,Unknown
2024-02-18 21:30:00,f8e4197f2828be1775e3d8424cc0922e,V47,Yes,Cert Issued,2024-02-18,Tier 1,Daily Task App,"HTML, CSS, JavaScript",9.0,Active,Developer,Product - Voyage Certificate
2024-02-18 21:30:00,557e500c4dc236c375983b053841fb41,V47,No,Dropped,,Tier 1,Daily Task App,"HTML, CSS, JavaScript",9.0,Dropped,Developer,Product - Voyage Certificate
2024-02-18 21:30:00,6d25724b0eb781a8be99428cb68ba384,V47,Yes,No Subscription Or Product,,Tier 1,Daily Task App,"HTML, CSS, JavaScript",9.0,Inactive,Developer,Unknown
2024-02-18 20:58:00,c1522da832e7003105f192601ce78dc1,V47,No,Incomplete App,,Tier 3,Kitchen Cataloging App,"Next.js, MongoDB, Deployed with Vercel.",9.0,Active,Developer,Unknown
2024-02-18 20:58:00,8add22cae760f12a31cb63b1b88fb713,V47,No,No Contributions In Github,,Tier 3,Kitchen Cataloging App,"Next.js, MongoDB, Deployed with Vercel.",9.0,Active,Developer,Unknown
2024-02-18 20:58:00,e44de899db3a861b261376b17a5e226b,V47,No,Incomplete App,2024-02-18,Tier 3,Kitchen Cataloging App,"Next.js, MongoDB, Deployed with Vercel.",9.0,Active,Developer,Product - Voyage Certificate
2024-02-18 20:58:00,81006db5c68eb646c52e888b4decf30a,V47,No,No Contributions In Github,,Tier 3,Kitchen Cataloging App,"Next.js, MongoDB, Deployed with Vercel.",9.0,Active,Developer,Unknown
2024-02-18 20:58:00,dca76bd2fd3bb43457f0d0293733e5c9,V47,No,No Contributions In Github,,Tier 3,Kitchen Cataloging App,"Next.js, MongoDB, Deployed with Vercel.",9.0,Active,Developer,Unknown
2024-02-18 20:58:00,eeac90e235ec1310bbeb213d1787f3b8,V47,No,No Contributions In Github,,Tier 3,Kitchen Cataloging App,"Next.js, MongoDB, Deployed with Vercel.",9.0,Inactive,Developer,Unknown
2024-02-18 18:56:00,be9d5140b8356896ac551d018834b9ae,V47,Yes,No Subscription Or Product,,Tier 2,Task Tracker,"React, TypeScript. Tailwind",6.0,Active,Developer,Unknown
2024-02-18 18:56:00,2e034b9276284eb3c17f105be4916681,V47,No,Insufficient Commits,,Tier 2,Task Tracker,"React, TypeScript. Tailwind",6.0,Inactive,Developer,Unknown
2024-02-18 18:56:00,bc12867501faae1e34657474e1ceeae0,V47,Yes,No Subscription Or Product,,Tier 2,Task Tracker,"React, TypeScript. Tailwind",6.0,Active,Developer,Unknown
2024-02-18 18:56:00,80af640824f55e5a3ba299b6b95ab833,V47,No,No Commits,,Tier 2,Task Tracker,"React, TypeScript. Tailwind",6.0,Active,Developer,Unknown
2024-02-18 18:56:00,a1322ea95cc68bfdedfbdaf84564290f,V47,Yes,No Subscription Or Product,,Tier 2,Task Tracker,"React, TypeScript. Tailwind",6.0,Active,Developer,Unknown
2024-02-18 13:29:00,e752dd4cd863ce64496cb1fe95d6cf5f,V47,Yes,Cert Issued,2024-02-18,Tier 1,On Track Productivity Tool,"HTML, CSS, JavaScript",10.0,Active,Developer,Subscription - Junior Professional
2024-02-18 13:29:00,5387991b8a99a8c31f69e5bf40aa4f1c,V47,No,No Contributions In Github,,Tier 1,On Track Productivity Tool,"HTML, CSS, JavaScript",10.0,Active,Voyage Guide,Unknown
2024-02-18 13:29:00,e3ab33708f7c650885258f71632539c6,V47,No,Dropped,,Tier 1,On Track Productivity Tool,"HTML, CSS, JavaScript",10.0,Dropped,Developer,Unknown
2024-02-18 13:29:00,e2a74ae77bf0b1b14fdf0ec37cefd7fa,V47,Yes,No Subscription Or Product,,Tier 1,On Track Productivity Tool,"HTML, CSS, JavaScript",10.0,Active,Developer,Unknown
2024-02-18 13:29:00,38c127235c556386f3729cafbad45ff5,V47,Yes,Cert Issued,2024-02-18,Tier 1,On Track Productivity Tool,"HTML, CSS, JavaScript",10.0,Active,Ui/Ux Designer,Product - Voyage Certificate
2024-02-18 13:29:00,f23882d4aca77e30922188f07c6bd971,V47,No,Insufficient Commits,,Tier 1,On Track Productivity Tool,"HTML, CSS, JavaScript",10.0,Inactive,Developer,Unknown
2024-02-18 13:29:00,84db683e383fd076197e3cac9486cfd8,V47,Yes,Cert Issued,2024-02-18,Tier 1,On Track Productivity Tool,"HTML, CSS, JavaScript",10.0,Active,Developer,Product - Voyage Certificate
2024-02-18 13:29:00,298d161adff7ffd7fefa825c73a89ab6,V47,No,Dropped,,Tier 1,On Track Productivity Tool,"HTML, CSS, JavaScript",10.0,Dropped,Developer,Unknown
2024-02-18 13:29:00,d209a820a2f3ba6be2a1e26011f60707,V47,Yes,Cert Issued,2024-02-18,Tier 1,On Track Productivity Tool,"HTML, CSS, JavaScript",10.0,Active,Product Owner,Unknown
2024-02-18 13:18:00,4946767521e5af54a86abd029571bbce,V47,Yes,Cert Issued,2024-02-18,Tier 3,Task Zen,"HTML TailwindCSS Javascript, React, React Router, MongoDB, Node.js Express",6.0,Active,Developer,Product - Voyage Certificate
2024-02-18 13:18:00,305c7b57374999fb3cb9b818484e870b,V47,No,No Contributions,,Tier 3,Task Zen,"HTML TailwindCSS Javascript, React, React Router, MongoDB, Node.js Express",6.0,Active,Product Owner,Unknown
2024-02-18 13:18:00,0465f4627486e19bd0513f7498e4c386,V47,Yes,Cert Issued,2024-02-18,Tier 3,Task Zen,"HTML TailwindCSS Javascript, React, React Router, MongoDB, Node.js Express",6.0,Active,Voyage Guide,Unknown
2024-02-18 13:18:00,688d840ec430ee574645e3ec5c3954f3,V47,No,Dropped,,Tier 3,Task Zen,"HTML TailwindCSS Javascript, React, React Router, MongoDB, Node.js Express",6.0,Dropped,Ui/Ux Designer,Unknown
2024-02-18 13:18:00,df3fd67034d4324ed34724965bdc68e6,V47,Yes,No Subscription Or Product,,Tier 3,Task Zen,"HTML TailwindCSS Javascript, React, React Router, MongoDB, Node.js Express",6.0,Active,Developer,Unknown
2024-02-18 13:18:00,0fe67fece1d33ae19580af01db5751f2,V47,Yes,No Subscription Or Product,,Tier 3,Task Zen,"HTML TailwindCSS Javascript, React, React Router, MongoDB, Node.js Express",6.0,Inactive,Developer,Unknown
2024-02-18 13:18:00,aa76222b5d1227c070dd90ee4b25d58f,V47,Yes,No Subscription Or Product,,Tier 3,Task Zen,"HTML TailwindCSS Javascript, React, React Router, MongoDB, Node.js Express",6.0,Inactive,Developer,Unknown
2024-02-18 13:18:00,cdb4b2dcff90c6a3d9894cdecbd54d28,V47,Yes,No Subscription Or Product,,Tier 3,Task Zen,"HTML TailwindCSS Javascript, React, React Router, MongoDB, Node.js Express",6.0,Active,Developer,Unknown
2024-02-18 11:44:00,b37be90b43def04042dbc3de9a6a5ef7,V47,Yes,No Subscription Or Product,,Tier 2,Todo Lister,React js,10.0,Active,Developer,Unknown
2024-02-18 11:44:00,66ee9da7dad11573c7b9282959ad3211,V47,Yes,No Subscription Or Product,,Tier 2,Todo Lister,React js,10.0,Active,Developer,Unknown
2024-02-18 11:44:00,31ff07c093dab74cf203c336265e8c90,V47,No,No Commits,,Tier 2,Todo Lister,React js,10.0,Active,Developer,Unknown
2024-02-18 11:44:00,b4b486e87ef52af2b9c3c2eb6bb091ed,V47,No,Dropped,,Tier 2,Todo Lister,React js,10.0,Dropped,Developer,Unknown
2024-02-18 11:44:00,299bb613518f744c95c6ce82351fcdf0,V47,No,Dropped,,Tier 2,Todo Lister,React js,10.0,Unknown,Unknown,Unknown
2024-02-18 11:44:00,8986827a63360a6a743dd4aa37d30f02,V47,Yes,No Subscription Or Product,,Tier 2,Todo Lister,React js,10.0,Active,Developer,Unknown
2024-02-18 11:44:00,b2d1e84693ece307aba8a9aa9071f3af,V47,Yes,Cert Issued,2024-02-18,Tier 2,Todo Lister,React js,10.0,"Active,Active","Voyage Guide,Voyage Guide","Subscription - Junior Professional,Subscription - Junior Professional"
2024-02-18 09:41:00,d0b7b4558103a3ce030fda99c0f8065b,V47,Yes,Cert Issued,2024-02-18,Tier 2,Daily Tasker,"React, Tailwindcss, Firebase",10.0,Active,Developer,Subscription - Junior Professional
2024-02-18 09:41:00,366a0d3a6ab32189555044ec7725562c,V47,Yes,Cert Issued,2024-02-18,Tier 2,Daily Tasker,"React, Tailwindcss, Firebase",10.0,Active,Developer,Product - Voyage Certificate
2024-02-18 09:41:00,0c0b2a7207f41c1cccdb4df54af7c467,V47,No,Dropped,,Tier 2,Daily Tasker,"React, Tailwindcss, Firebase",10.0,Dropped,Developer,Unknown
2024-02-18 09:41:00,da79574b61231512b96d69c606495ef9,V47,Yes,No Subscription Or Product,,Tier 2,Daily Tasker,"React, Tailwindcss, Firebase",10.0,Active,Developer,Unknown
2024-02-18 09:41:00,98b72605041374e2acc061802cfdfbd4,V47,Yes,Cert Issued,2024-02-18,Tier 2,Daily Tasker,"React, Tailwindcss, Firebase",10.0,Inactive,Developer,Unknown
2024-02-18 09:41:00,d69743111e2ffecfdd1fd756b2c78a8c,V47,Yes,Cert Issued,2024-02-18,Tier 2,Daily Tasker,"React, Tailwindcss, Firebase",10.0,Active,Voyage Guide,Unknown
2024-02-18 09:41:00,a64221eaeae1b4a42cab965b1a8f994c,V47,No,Dropped,,Tier 2,Daily Tasker,"React, Tailwindcss, Firebase",10.0,Dropped,Developer,Unknown
2024-02-18 01:00:00,7987464541baca2f4f28f794706dcbdf,V47,Yes,Cert Issued,2024-02-18,Tier 1,Chingutask,"html, CSS and Vanilla JavaScript",10.0,Active,Product Owner,Subscription - Junior Professional
2024-02-18 01:00:00,bcf3da414131b424e54adbecaeb9674a,V47,Yes,No Subscription Or Product,,Tier 1,Chingutask,"html, CSS and Vanilla JavaScript",10.0,Active,Developer,Unknown
2024-02-18 01:00:00,23780c1c57d1a26d60b7c9437aa7df63,V47,Yes,Cert Issued,2024-02-18,Tier 1,Chingutask,"html, CSS and Vanilla JavaScript",10.0,Active,Developer,Product - Voyage Certificate
2024-02-18 01:00:00,eb4244ad5f0aa5cbd035713a6b0d7a18,V47,Yes,Cert Issued,2024-02-18,Tier 1,Chingutask,"html, CSS and Vanilla JavaScript",10.0,"Active,Active","Voyage Guide,Voyage Guide",Unknown
2024-02-18 01:00:00,b548930b21e2e4327691cd7022b57871,V47,Yes,No Subscription Or Product,,Tier 1,Chingutask,"html, CSS and Vanilla JavaScript",10.0,Active,Developer,Unknown
2024-02-18 01:00:00,b73a6fb23456b2eec5bef1b359ae0cb2,V47,Yes,No Subscription Or Product,,Tier 1,Chingutask,"html, CSS and Vanilla JavaScript",10.0,Active,Ui/Ux Designer,Unknown
2024-02-18 01:00:00,9061a319e550a040f309e8175bfee9cb,V47,No,Dropped,,Tier 1,Chingutask,"html, CSS and Vanilla JavaScript",10.0,Dropped,Developer,Unknown
2024-02-18 01:00:00,2aa4b1460056c038f2eb21c8ea5012a1,V47,No,Dropped,,Tier 1,Chingutask,"html, CSS and Vanilla JavaScript",10.0,Dropped,Developer,Unknown
2024-02-17 13:05:00,117041ddcadec26bda3f435ede2811d9,V47,Yes,No Subscription Or Product,,Tier 2,Daily Tasks App,"React, node.js (installation), Vite",10.0,Active,Ui/Ux Designer,Unknown
2024-02-17 08:17:00,9f3905509ea5831a992a4666fc4e887d,V47,No,No Contributions In Github,,Tier 1,Lookahead,Node.js,10.0,Active,Product Owner,Unknown
2024-02-17 08:17:00,158798267bdac2eb7ea9a3f261ec8bda,V47,Yes,No Subscription Or Product,,Tier 1,Lookahead,Node.js,10.0,Active,Developer,Unknown
2024-02-17 08:17:00,10f771766d9375e6c8eae298e2b0b03e,V47,Yes,Cert Issued,2024-02-18,Tier 1,Lookahead,Node.js,10.0,Active,Developer,Product - Voyage Certificate
2024-02-17 08:17:00,8c8c7fd91d3e1f05174b1ca83d0c98e4,V47,Yes,No Subscription Or Product,,Tier 1,Lookahead,Node.js,10.0,Active,Developer,Unknown
2024-02-17 08:17:00,d209a820a2f3ba6be2a1e26011f60707,V47,Yes,Cert Issued,2024-02-18,Tier 1,Lookahead,Node.js,10.0,Active,Voyage Guide,Unknown
2024-02-17 08:17:00,57355910b7988c0af4121744d60ef178,V47,Yes,Cert Issued,2024-02-18,Tier 1,Lookahead,Node.js,10.0,Active,Developer,Product - Voyage Certificate
2024-02-17 08:17:00,33c0840ba002815bd019375a9b1409c1,V47,Yes,No Subscription Or Product,,Tier 1,Lookahead,Node.js,10.0,Active,Developer,Unknown
2024-02-17 08:17:00,8b4554e0da4c35c183e4439d3a1f1874,V47,Yes,No Subscription Or Product,,Tier 1,Lookahead,Node.js,10.0,Active,Ui/Ux Designer,Unknown
2024-02-17 08:17:00,6daf63e65123c9fb9f8fceb6210a4105,V47,Yes,Cert Issued,2024-02-18,Tier 1,Lookahead,Node.js,10.0,Active,Developer,Product - Voyage Certificate
2024-02-16 14:47:00,8d99268b1f8f7364896387b33e22f274,V47,Yes,Cert Issued,2024-02-18,Tier 2,Crypto View,Frontend:  React.js with Vite for fast development and optimized builds. HTML for structuring the frontend components. Tailwind CSS for rapid UI development with utility-first CSS. Backend:  Node.js: JavaScript runtime for server-side applications. Express.js: Minimalist web framework for Node.js. MongoDB: NoSQL database for flexible data storage. Mongoose: MongoDB object modeling for Node.js. Passport.js: Authentication middleware for Node.js.,10.0,Active,Product Owner,Unknown
2024-02-16 14:47:00,593a749d424eea398c671be52c652136,V47,Yes,Cert Issued,2024-02-18,Tier 2,Crypto View,Frontend:  React.js with Vite for fast development and optimized builds. HTML for structuring the frontend components. Tailwind CSS for rapid UI development with utility-first CSS. Backend:  Node.js: JavaScript runtime for server-side applications. Express.js: Minimalist web framework for Node.js. MongoDB: NoSQL database for flexible data storage. Mongoose: MongoDB object modeling for Node.js. Passport.js: Authentication middleware for Node.js.,10.0,Active,Product Owner,Unknown
2024-02-16 14:47:00,5ebed4413e6fa59c0d1be1d780b73259,V47,Yes,Cert Issued,2024-02-18,Tier 2,Crypto View,Frontend:  React.js with Vite for fast development and optimized builds. HTML for structuring the frontend components. Tailwind CSS for rapid UI development with utility-first CSS. Backend:  Node.js: JavaScript runtime for server-side applications. Express.js: Minimalist web framework for Node.js. MongoDB: NoSQL database for flexible data storage. Mongoose: MongoDB object modeling for Node.js. Passport.js: Authentication middleware for Node.js.,10.0,Active,Developer,Product - Voyage Certificate
2024-02-16 14:47:00,a491c5ce9b4b0e28f56c904e4bc6ffb9,V47,Yes,Cert Issued,2024-02-18,Tier 2,Crypto View,Frontend:  React.js with Vite for fast development and optimized builds. HTML for structuring the frontend components. Tailwind CSS for rapid UI development with utility-first CSS. Backend:  Node.js: JavaScript runtime for server-side applications. Express.js: Minimalist web framework for Node.js. MongoDB: NoSQL database for flexible data storage. Mongoose: MongoDB object modeling for Node.js. Passport.js: Authentication middleware for Node.js.,10.0,Active,Developer,Unknown
2024-02-16 14:47:00,0493ecd0031faddfd7be2e9b51f50c3c,V47,Yes,Cert Issued,2024-02-18,Tier 2,Crypto View,Frontend:  React.js with Vite for fast development and optimized builds. HTML for structuring the frontend components. Tailwind CSS for rapid UI development with utility-first CSS. Backend:  Node.js: JavaScript runtime for server-side applications. Express.js: Minimalist web framework for Node.js. MongoDB: NoSQL database for flexible data storage. Mongoose: MongoDB object modeling for Node.js. Passport.js: Authentication middleware for Node.js.,10.0,Active,Ui/Ux Designer,Product - Voyage Certificate
2024-02-16 14:47:00,c288f4896e2c79362c9060debe7ce59a,V47,No,No Commits,,Tier 2,Crypto View,Frontend:  React.js with Vite for fast development and optimized builds. HTML for structuring the frontend components. Tailwind CSS for rapid UI development with utility-first CSS. Backend:  Node.js: JavaScript runtime for server-side applications. Express.js: Minimalist web framework for Node.js. MongoDB: NoSQL database for flexible data storage. Mongoose: MongoDB object modeling for Node.js. Passport.js: Authentication middleware for Node.js.,10.0,Active,Developer,Unknown
2024-02-16 14:47:00,80385db86dd7da799cd210bfbd5d8663,V47,Yes,Cert Issued,2024-02-18,Tier 2,Crypto View,Frontend:  React.js with Vite for fast development and optimized builds. HTML for structuring the frontend components. Tailwind CSS for rapid UI development with utility-first CSS. Backend:  Node.js: JavaScript runtime for server-side applications. Express.js: Minimalist web framework for Node.js. MongoDB: NoSQL database for flexible data storage. Mongoose: MongoDB object modeling for Node.js. Passport.js: Authentication middleware for Node.js.,10.0,Active,Developer,Product - Voyage Certificate
2024-02-16 14:47:00,630f10af253a8c0ea941aec57afbc79e,V47,No,Dropped,,Tier 2,Crypto View,Frontend:  React.js with Vite for fast development and optimized builds. HTML for structuring the frontend components. Tailwind CSS for rapid UI development with utility-first CSS. Backend:  Node.js: JavaScript runtime for server-side applications. Express.js: Minimalist web framework for Node.js. MongoDB: NoSQL database for flexible data storage. Mongoose: MongoDB object modeling for Node.js. Passport.js: Authentication middleware for Node.js.,10.0,Dropped,Developer,Unknown
2024-01-03 23:59:00,9c3c83d53ea87f6bcf2bc50281fbf7c3,V47,No,No Project Submission,,Tier 3,Nan,,,Active,Developer,Unknown
2024-01-03 04:06:00,0231d8d9e57f06f9544789b06bcb4cfc,V47,No,No Project Submission,,Tier 3,Nan,,,Active,Developer,Unknown
2024-01-02 15:05:00,ad4be40401bc06f189bff9b1fb6cb01b,V47,Yes,Cert Issued,2024-02-18,Tier 2,Daily Tasks App,"React, node.js (installation), Vite",10.0,Active,Developer,Product - Voyage Certificate
2024-01-02 11:55:00,675d4adc6d1dbf89a61a8eec99027ce6,V47,No,No Project Submission,,Tier 3,Nan,,,Dropped,Developer,Unknown
2024-01-02 11:48:00,478e8de6d63b1bc625ee3e01f2833ec6,V47,No,No Project Submission,,Tier 3,Nan,,,Dropped,Developer,Unknown
2024-01-02 05:11:00,5b288bd2a5c29dd4a83f6f7355096700,V47,No,Dropped,,Tier 2,Daily Tasks App,"React, node.js (installation), Vite",10.0,Dropped,Developer,Subscription - Junior Professional
2023-12-31 14:14:00,37b64fb77c39023710e8f90f31013adf,V47,No,No Project Submission,,Tier 3,Nan,,,Dropped,Developer,Unknown
,a1b24e7ff67269c2e9f2ffe0b2bce687,V47,Yes,Cert Issued,2024-02-18,Tier 3,Nan,,,Active,Voyage Guide,Unknown
2023-12-29 23:57:00,83fa38706cb605c2aa19f8846c44059d,V47,No,No Project Submission,,Tier 3,Nan,,,Active,Developer,Unknown
2023-12-29 15:43:00,34af5dd510b784058e4473c87bb16883,V47,No,No Project Submission,,Tier 3,Nan,,,Active,Developer,Unknown
2023-12-29 12:21:00,92b3c1b765bf1053fad3a6cf0900185b,V47,No,No Project Submission,,Tier 3,Nan,,,Inactive,Developer,Unknown
2023-12-29 12:05:00,53e105d3f8c4c41e1326efb64e4553ba,V47,Yes,Cert Issued,2024-02-18,Tier 3,Nan,,,Active,Voyage Guide,Unknown
2023-12-29 12:05:00,717e1559b36b9910aba66369b79962db,V47,Yes,Cert Issued,2024-02-18,Tier 3,Nan,,,Active,Voyage Guide,Unknown
2023-12-29 12:05:00,0465f4627486e19bd0513f7498e4c386,V47,Yes,Cert Issued,2024-02-18,Tier 3,Nan,,,Active,Voyage Guide,Unknown
2023-12-29 08:55:00,e1044dd9c2afba2b63485c3b9587702e,V47,No,No Project Submission,,Tier 2,Nan,,,Dropped,Product Owner,Unknown
2023-12-29 07:10:00,6211cf7ed9cc78443d8bae071c0c423c,V47,No,No Project Submission,,Tier 3,Nan,,,Dropped,Developer,Unknown
2023-12-28 22:06:00,811e36075ceed8c23d37e4620209ef67,V47,No,Insufficient Commits,,Tier 3,Electricity Emissions Calculator,python,8.0,Active,Data Scientist,Product - Voyage Certificate
2023-12-27 22:03:00,c3d61612599221f434a6d08796df4492,V47,No,No Project Submission,,Tier 3,Nan,,,Dropped,Developer,Unknown
2023-12-27 08:36:00,79be2ffae2e4cc2d1d90896e1704eae0,V47,No,No Project Submission,,Tier 3,Nan,,,Active,Developer,Unknown
2023-12-25 00:10:00,1b0c0602a133285409f834b5e613db5f,V47,No,No Project Submission,,Tier 3,Nan,,,Active,Product Owner,Unknown
2023-12-25 00:10:00,1b0c0602a133285409f834b5e613db5f,V47,No,No Project Submission,,Tier 3,Nan,,,Active,Product Owner,Unknown
2023-12-24 20:52:00,a52b1d73d0eb6bc5011cbf81c7d25934,V47,No,No Project Submission,,Tier 3,Nan,,,Active,Product Owner,Unknown
2023-12-24 16:39:00,0dab926909567ca69204ce08f4f1cbc9,V47,No,No Project Submission,,Tier 3,Nan,,,Active,Ui/Ux Designer,Unknown
2023-12-23 06:15:00,42e590a8c58e5d24aa7eb11ddfc1e03c,V47,No,No Project Submission,,Tier 3,Nan,,,Active,Developer,Unknown
2023-12-21 11:24:00,bb305ff22499d1916755958140bbcb28,V47,No,No Project Submission,,Tier 3,Nan,,,Active,Developer,Unknown
2023-12-21 10:21:00,5279a44ee377d3e56bf226ce2daed857,V47,No,No Project Submission,,Tier 3,Nan,,,Inactive,Developer,Unknown
2023-12-20 11:40:00,12d6b69e23a1f08106a8991f34ca951e,V47,No,No Project Submission,,Tier 3,Nan,,,Dropped,Developer,Unknown
2023-12-20 11:11:00,23b61dabaadce2f9d43ea020de7b6b86,V47,No,No Project Submission,,Tier 3,Nan,,,Inactive,Developer,Unknown
2023-12-20 10:05:00,fb1834a0ecee74f8ec1dbca24cf421e0,V47,No,No Project Submission,,Tier 3,Nan,,,Active,Developer,Unknown
2023-12-19 17:09:00,46ac4639064299c4377f40b8f58cb5cd,V47,No,No Project Submission,,Tier 3,Nan,,,Active,Data Scientist,Unknown
2023-12-17 08:06:00,045f40ebf382b9dfba70bc85fa4882ae,V47,No,No Project Submission,,Tier 3,Nan,,,Dropped,Developer,Unknown
2023-12-15 08:21:00,f46ca8af65ab067ec8ae0616a4ff13b3,V47,No,No Project Submission,,Tier 3,Nan,,,Active,Developer,Unknown
2023-12-13 11:55:00,cc792825716ba68e28052cfe2c7fbcae,V47,No,No Project Submission,,Tier 3,Nan,,,Active,Ui/Ux Designer,Unknown
2023-12-12 01:52:00,c42b772aaae1b730134f265075ff416d,V47,No,No Project Submission,,Tier 3,Nan,,,Active,Developer,Unknown
2023-12-11 03:35:00,4ab0dddf11a4b0f4a2b912d60a8470d5,V47,No,No Project Submission,,Tier 3,Nan,,,Active,Developer,Unknown
2023-12-08 18:27:00,119a748315b9ce1816afb615de5b9933,V47,No,No Project Submission,,Tier 2,Nan,,,Dropped,Developer,Unknown
2023-12-08 08:54:00,d00c40faf0b1753c024193c55238498f,V47,No,No Project Submission,,Tier 3,Nan,,,Active,Developer,Unknown
2023-12-07 20:32:00,36db803e1633fd989c7b8f1581f13539,V47,No,No Project Submission,,Tier 3,Nan,,,Inactive,Developer,Unknown
2023-12-07 11:15:00,9d987f46710ae2ee1deb2254ad733e78,V47,No,No Project Submission,,Tier 3,Nan,,,Inactive,Developer,Unknown
2023-12-07 00:33:00,e19863c7607e5ad050e24a7369cbc500,V47,No,No Project Submission,,Tier 3,Nan,,,Inactive,Developer,Unknown
2023-12-05 15:48:00,7c5a7ed053b4f1e9aa296137161ab8c9,V47,No,No Project Submission,,Tier 3,Nan,,,Dropped,Developer,Unknown
2023-12-05 08:46:00,0c164030cd0717a937442009e1c40acf,V47,No,No Project Submission,,Tier 2,Nan,,,Dropped,Developer,Unknown
2023-12-05 07:16:00,24e310ce62dc11d2d38f1ead4ceae641,V47,No,No Project Submission,,Tier 3,Nan,,,Active,Developer,Unknown
2023-12-04 03:31:00,a761e55a3c16a7bd1e346dd520e2385c,V47,No,No Project Submission,,Tier 3,Nan,,,Active,Developer,Unknown
2023-12-01 14:36:00,fa9db0263bfed8d88aa3e25a161db6cf,V47,No,No Commits,,Tier 3,Electricity Emissions Calculator,python,8.0,Inactive,Data Scientist,Unknown
2023-12-01 08:33:00,c95c1cfdaabe921a6b015ea3c28971eb,V47,No,No Project Submission,,Tier 3,Nan,,,Dropped,Developer,Unknown
2023-11-30 18:04:00,fc302f638d5d2655035623107564d1c1,V47,No,No Project Submission,,Tier 3,Nan,,,Dropped,Developer,Unknown
2023-11-30 16:29:00,067d0162f3f13ee9efe9f0f98f6952c5,V47,Yes,No Subscription Or Product,,Tier 2,Daily Tasks App,"React, node.js (installation), Vite",10.0,Active,Developer,Unknown
2023-11-30 12:03:00,8add22cae760f12a31cb63b1b88fb713,V47,No,No Project Submission,,Tier 3,Nan,,,Active,Developer,Unknown
2023-11-30 04:47:00,5818e7ade7677b600bb5948f93d89a84,V47,No,No Commits,,Tier 3,Electricity Emissions Calculator,python,8.0,Dropped,Data Scientist,Unknown
2023-11-24 12:41:00,3071136d69ddb85a23d1d915d0623d3f,V47,No,No Project Submission,,Tier 3,Nan,,,Active,Developer,Unknown
2023-11-23 10:02:00,236a01d71c3c962da7bb42a83d29060f,V47,No,No Project Submission,,Tier 3,Nan,,,Dropped,Developer,Product - Voyage Certificate
2023-11-21 06:21:00,b8fa6ce2a62ba77dda38d9d10584d1be,V47,No,No Project Submission,,Tier 3,Nan,,,Active,Developer,Unknown
2023-11-21 03:19:00,573de7d190792fa27e442671a1cb5af2,V47,No,Dropped,,Tier 2,Daily Tasks App,"React, node.js (installation), Vite",10.0,Dropped,Developer,Unknown
2023-11-20 12:33:00,c42b772aaae1b730134f265075ff416d,V46,Yes,Completed,2023-11-19,Tier 3 - Advanced Projects - Apps Having Both Front-End And Back-End Components (Full Stack),Cryptocap,"react (vite), node.js, mongodb",6.0,Active,Developer,Unknown
2023-11-20 12:33:00,b097430176c56ef251368b42c9989b60,V46,Yes,Completed,2023-11-19,Tier 3 - Advanced Projects - Apps Having Both Front-End And Back-End Components (Full Stack),Cryptocap,"react (vite), node.js, mongodb",6.0,Active,Developer,Unknown
2023-11-20 12:33:00,4a791fba435909d81f39eb554c8642a5,V46,No,No Contributions In Github,,Tier 3 - Advanced Projects - Apps Having Both Front-End And Back-End Components (Full Stack),Cryptocap,"react (vite), node.js, mongodb",6.0,Active,Developer,Unknown
2023-11-20 12:33:00,51124f58a6c4f242a62fe14295917a3a,V46,No,Dropped,,Tier 3 - Advanced Projects - Apps Having Both Front-End And Back-End Components (Full Stack),Cryptocap,"react (vite), node.js, mongodb",6.0,Dropped,Developer,Unknown
2023-11-20 12:33:00,21af34071af9a61585b634e397f62468,V46,Yes,Completed,2023-11-19,Tier 3 - Advanced Projects - Apps Having Both Front-End And Back-End Components (Full Stack),Cryptocap,"react (vite), node.js, mongodb",6.0,Active,Developer,Unknown
2023-11-20 12:33:00,c499d660f2690ca8b94312615f16c644,V46,Yes,Completed,2023-11-19,Tier 3 - Advanced Projects - Apps Having Both Front-End And Back-End Components (Full Stack),Cryptocap,"react (vite), node.js, mongodb",6.0,Active,Voyage Guide,Unknown
2023-11-20 12:33:00,eb5ba14c1611553f410caf0b07430109,V46,Yes,Completed,2023-11-19,Tier 3 - Advanced Projects - Apps Having Both Front-End And Back-End Components (Full Stack),Cryptocap,"react (vite), node.js, mongodb",6.0,Active,Developer,Unknown
2023-11-19 16:23:00,f09391804b4beeed5231a3c6353463fe,V46,Yes,Completed,2023-11-19,Tier 2  - Intermediate Algorithms - Front-End Projects (Front-End),Flavrfindr,"React, Tailwind, Vite",10.0,Unknown,Unknown,Unknown
2023-11-19 15:26:00,7481096f4d9b86ff99e6cabfc36f57b3,V47,No,No Project Submission,,Tier 3,Nan,,,Active,Developer,Unknown
2023-11-18 09:07:00,f09391804b4beeed5231a3c6353463fe,V47,No,No Project Submission,,Tier 2,Nan,,,Dropped,Developer,Unknown
2023-11-16 09:19:00,f9907bfea734c2e4a78e17f69ad0f9de,V47,No,No Project Submission,,Tier 3,Nan,,,Active,Developer,Unknown
2023-11-14 04:30:00,b8629cd8698d4387adedf41e4292505b,V47,No,No Project Submission,,Tier 3,Nan,,,Inactive,Developer,Unknown
2023-11-13 17:03:00,1e1eef673fb8e3fbf174d5e54693f819,V47,Yes,No Subscription Or Product,,Tier 2,Daily Tasks App,"React, node.js (installation), Vite",10.0,Active,Developer,Unknown
2023-11-13 15:50:00,8add22cae760f12a31cb63b1b88fb713,V46,Yes,Completed,2023-11-19,Tier 3 - Advanced Projects - Apps Having Both Front-End And Back-End Components (Full Stack),Rent-A-Wrench,"React, Nextjs, Postgresql, TypeScript, Tailwind, Prisma, Supabase, and Vercel",10.0,Active,Developer,Unknown
2023-11-13 15:50:00,6c55213be17298b2d2f2fe46f1c46f1c,V46,No,Dropped,,Tier 3 - Advanced Projects - Apps Having Both Front-End And Back-End Components (Full Stack),Rent-A-Wrench,"React, Nextjs, Postgresql, TypeScript, Tailwind, Prisma, Supabase, and Vercel",10.0,Dropped,Developer,Unknown
2023-11-13 15:50:00,dca76bd2fd3bb43457f0d0293733e5c9,V46,Yes,Completed,2023-11-19,Tier 3 - Advanced Projects - Apps Having Both Front-End And Back-End Components (Full Stack),Rent-A-Wrench,"React, Nextjs, Postgresql, TypeScript, Tailwind, Prisma, Supabase, and Vercel",10.0,Active,Developer,Unknown
2023-11-13 15:50:00,c499d660f2690ca8b94312615f16c644,V46,Yes,Completed,2023-11-19,Tier 3 - Advanced Projects - Apps Having Both Front-End And Back-End Components (Full Stack),Rent-A-Wrench,"React, Nextjs, Postgresql, TypeScript, Tailwind, Prisma, Supabase, and Vercel",10.0,Active,Voyage Guide,Unknown
2023-11-13 15:50:00,6278a88b99d23f702e21c5ef0748db3f,V46,Yes,Completed,2023-11-19,Tier 3 - Advanced Projects - Apps Having Both Front-End And Back-End Components (Full Stack),Rent-A-Wrench,"React, Nextjs, Postgresql, TypeScript, Tailwind, Prisma, Supabase, and Vercel",10.0,Active,Developer,Unknown
2023-11-13 15:50:00,03167ace2725c090568a1ad5f8016c2e,V46,No,Dropped,,Tier 3 - Advanced Projects - Apps Having Both Front-End And Back-End Components (Full Stack),Rent-A-Wrench,"React, Nextjs, Postgresql, TypeScript, Tailwind, Prisma, Supabase, and Vercel",10.0,Dropped,Developer,Unknown
2023-11-13 15:50:00,ba72add47c598abe0f69478c91db5f2e,V46,Yes,Completed,2023-11-19,Tier 3 - Advanced Projects - Apps Having Both Front-End And Back-End Components (Full Stack),Rent-A-Wrench,"React, Nextjs, Postgresql, TypeScript, Tailwind, Prisma, Supabase, and Vercel",10.0,Active,Developer,Unknown
2023-11-13 08:03:00,46d7247b2c3894a3e87c482bf7f74ff5,V47,No,No Project Submission,,Tier 3,Nan,,,Dropped,Developer,Unknown
2023-11-13 01:24:00,3c9d548673e8a9c13a929ee450382a1f,V46,Yes,Completed,2023-11-19,Tier 2  - Intermediate Algorithms - Front-End Projects (Front-End),Recipe Box,React,9.0,Active,Developer,Unknown
2023-11-13 01:24:00,83fa38706cb605c2aa19f8846c44059d,V46,Yes,Completed,2023-11-19,Tier 2  - Intermediate Algorithms - Front-End Projects (Front-End),Recipe Box,React,9.0,Active,Developer,Unknown
2023-11-13 01:24:00,f7b5a052826552b2b0524fa8fb912e41,V46,No,Dropped,,Tier 2  - Intermediate Algorithms - Front-End Projects (Front-End),Recipe Box,React,9.0,Dropped,Developer,Unknown
2023-11-13 01:24:00,5795456f1e4a4792ba0225f27be83389,V46,Yes,Completed,2023-11-19,Tier 2  - Intermediate Algorithms - Front-End Projects (Front-End),Recipe Box,React,9.0,Active,Voyage Guide,Unknown
2023-11-13 01:24:00,8c75f941158d3a110aa380c11a58233c,V46,Yes,Completed,2023-11-19,Tier 2  - Intermediate Algorithms - Front-End Projects (Front-End),Recipe Box,React,9.0,Active,Developer,Unknown
2023-11-12 22:10:00,2b03f473729d8ae78b2e3df1b99b31e4,V46,Yes,Completed,2023-11-19,Tier 1 - Html - Basic Javascript - Basic Algorithms (Landing Pages),Zero-Waste Recipes,"Sass, Vanilla JS",10.0,Active,Developer,Unknown
2023-11-12 22:10:00,858202491b84c39773c1a085c8327c45,V46,Yes,Completed,2023-11-19,Tier 1 - Html - Basic Javascript - Basic Algorithms (Landing Pages),Zero-Waste Recipes,"Sass, Vanilla JS",10.0,Active,Developer,Unknown
2023-11-12 22:10:00,5b288bd2a5c29dd4a83f6f7355096700,V46,Yes,Completed,2023-11-19,Tier 1 - Html - Basic Javascript - Basic Algorithms (Landing Pages),Zero-Waste Recipes,"Sass, Vanilla JS",10.0,Active,Developer,Subscription - Junior Professional
2023-11-12 22:10:00,6dfda0f5b98594883081641050e194f6,V46,Yes,Completed,2023-11-19,Tier 1 - Html - Basic Javascript - Basic Algorithms (Landing Pages),Zero-Waste Recipes,"Sass, Vanilla JS",10.0,Active,Developer,Unknown
2023-11-12 21:07:00,c4dab8b2492107b407eb410f767d5c2a,V46,Yes,Completed,2023-11-19,Tier 3 - Advanced Projects - Apps Having Both Front-End And Back-End Components (Full Stack),Recigo,"React, Express, Node.js, PostgreSQL",5.0,Active,Developer,Unknown
2023-11-12 21:07:00,13ea5a1ce46fc7f26fba634365ea62ce,V46,Yes,Completed,2023-11-19,Tier 3 - Advanced Projects - Apps Having Both Front-End And Back-End Components (Full Stack),Recigo,"React, Express, Node.js, PostgreSQL",5.0,Active,Ui/Ux Designer,Unknown
2023-11-12 21:07:00,6118c832414a040e327242f95fc34407,V46,Yes,Completed,2023-11-19,Tier 3 - Advanced Projects - Apps Having Both Front-End And Back-End Components (Full Stack),Recigo,"React, Express, Node.js, PostgreSQL",5.0,Active,Developer,Unknown
2023-11-12 21:07:00,573de7d190792fa27e442671a1cb5af2,V46,Yes,Completed,2023-11-19,Tier 3 - Advanced Projects - Apps Having Both Front-End And Back-End Components (Full Stack),Recigo,"React, Express, Node.js, PostgreSQL",5.0,Active,Developer,Unknown
2023-11-12 21:07:00,fe2fbc209c81b82f03259411bb2194ce,V46,No,Insufficient Commits,,Tier 3 - Advanced Projects - Apps Having Both Front-End And Back-End Components (Full Stack),Recigo,"React, Express, Node.js, PostgreSQL",5.0,Active,Developer,Unknown
2023-11-12 21:07:00,7f484d4f63c26d995a3affc5539b232e,V46,No,No Contributions In Github,,Tier 3 - Advanced Projects - Apps Having Both Front-End And Back-End Components (Full Stack),Recigo,"React, Express, Node.js, PostgreSQL",5.0,Active,Developer,Unknown
2023-11-12 20:20:00,61dc072aad25c69deb7b7a5a9045c1d4,V46,Yes,Completed,2023-11-19,Tier 1 - Html - Basic Javascript - Basic Algorithms (Landing Pages),Recipe Finder,"HTML, CSS, Bootstrap, JavaScript",10.0,Active,Developer,Unknown
2023-11-12 20:20:00,cbdfad3e6286a820f8bd6242936d3378,V46,No,Dropped,,Tier 1 - Html - Basic Javascript - Basic Algorithms (Landing Pages),Recipe Finder,"HTML, CSS, Bootstrap, JavaScript",10.0,Dropped,Ui/Ux Designer,Unknown
2023-11-12 20:20:00,f84006ca40a53569ce7ec705acf99489,V46,Yes,Completed,2023-11-19,Tier 1 - Html - Basic Javascript - Basic Algorithms (Landing Pages),Recipe Finder,"HTML, CSS, Bootstrap, JavaScript",10.0,Active,Developer,Unknown
2023-11-12 20:20:00,2c4ca324012af3de799870d0438fde69,V46,Yes,Completed,2023-11-19,Tier 1 - Html - Basic Javascript - Basic Algorithms (Landing Pages),Recipe Finder,"HTML, CSS, Bootstrap, JavaScript",10.0,Active,Developer,Unknown
2023-11-12 20:20:00,305f63f909dc6648c3a9e3297f9e6edd,V46,Yes,Completed,2023-11-19,Tier 1 - Html - Basic Javascript - Basic Algorithms (Landing Pages),Recipe Finder,"HTML, CSS, Bootstrap, JavaScript",10.0,Active,Voyage Guide,Unknown
2023-11-12 18:15:00,f14e7a2232608a94b7a4dcb4c7eef275,V46,Yes,Completed,2023-11-19,Tier 3 - Advanced Projects - Apps Having Both Front-End And Back-End Components (Full Stack),Property Pulse,"Next.js, PostGresSQL, Prisma, Express, Node.JS, TailwindCSS",10.0,Active,Developer,Unknown
2023-11-12 18:15:00,9987e675932feffcb02bbbd9a76527b5,V46,Yes,Completed,2023-11-19,Tier 3 - Advanced Projects - Apps Having Both Front-End And Back-End Components (Full Stack),Property Pulse,"Next.js, PostGresSQL, Prisma, Express, Node.JS, TailwindCSS",10.0,Active,Developer,Unknown
2023-11-12 18:15:00,70d9680a522418ace620954e2cb370e2,V46,Yes,Completed,2023-11-19,Tier 3 - Advanced Projects - Apps Having Both Front-End And Back-End Components (Full Stack),Property Pulse,"Next.js, PostGresSQL, Prisma, Express, Node.JS, TailwindCSS",10.0,Active,Developer,Unknown
2023-11-12 18:15:00,40a94e3f3c4481b302aa721534264901,V46,No,Dropped,,Tier 3 - Advanced Projects - Apps Having Both Front-End And Back-End Components (Full Stack),Property Pulse,"Next.js, PostGresSQL, Prisma, Express, Node.JS, TailwindCSS",10.0,Dropped,Developer,Unknown
2023-11-12 18:15:00,305f63f909dc6648c3a9e3297f9e6edd,V46,No,Dropped,,Tier 3 - Advanced Projects - Apps Having Both Front-End And Back-End Components (Full Stack),Property Pulse,"Next.js, PostGresSQL, Prisma, Express, Node.JS, TailwindCSS",10.0,Dropped,Developer,Subscription - Junior Professional
2023-11-12 18:15:00,3087a640378c425681741372698938c7,V46,Yes,Completed,2023-11-19,Tier 3 - Advanced Projects - Apps Having Both Front-End And Back-End Components (Full Stack),Property Pulse,"Next.js, PostGresSQL, Prisma, Express, Node.JS, TailwindCSS",10.0,"Active,Active,Active","Voyage Guide,Voyage Guide,Voyage Guide",Subscription - Junior Professional
2023-11-12 18:15:00,f748c2c6a0f60ad1a615be89003751d7,V46,Yes,Completed,2023-11-19,Tier 3 - Advanced Projects - Apps Having Both Front-End And Back-End Components (Full Stack),Property Pulse,"Next.js, PostGresSQL, Prisma, Express, Node.JS, TailwindCSS",10.0,Active,Developer,Unknown
2023-11-12 17:39:00,7e23044df50fffed22b944186f3917ca,V46,Yes,Completed,2023-11-19,Tier 3 - Advanced Projects - Apps Having Both Front-End And Back-End Components (Full Stack),Vegilicious,"React, Node.js, Express.js, MongoDB, TypeScript.",10.0,Active,Developer,Unknown
2023-11-12 17:39:00,af1302c8c2d2976499a7615a5993ba18,V46,No,Partner Monitor,,Tier 3 - Advanced Projects - Apps Having Both Front-End And Back-End Components (Full Stack),Vegilicious,"React, Node.js, Express.js, MongoDB, TypeScript.",10.0,Active,Developer,Unknown
2023-11-12 17:39:00,2812b57e3f6fe1684d0468008a9a27fb,V46,No,Dropped,,Tier 3 - Advanced Projects - Apps Having Both Front-End And Back-End Components (Full Stack),Vegilicious,"React, Node.js, Express.js, MongoDB, TypeScript.",10.0,Dropped,Developer,Unknown
2023-11-12 17:39:00,43e797824b921bf8ee8698f49f624a61,V46,Yes,Completed,2023-11-19,Tier 3 - Advanced Projects - Apps Having Both Front-End And Back-End Components (Full Stack),Vegilicious,"React, Node.js, Express.js, MongoDB, TypeScript.",10.0,Active,Developer,Unknown
2023-11-12 17:39:00,73ed2164fafeb6ece316dac1ea72a059,V46,Yes,Completed,2023-11-19,Tier 3 - Advanced Projects - Apps Having Both Front-End And Back-End Components (Full Stack),Vegilicious,"React, Node.js, Express.js, MongoDB, TypeScript.",10.0,Active,Developer,Unknown
2023-11-12 17:39:00,b637c7748f1f3f88ededa9dace09572b,V46,Yes,Completed,2023-11-19,Tier 3 - Advanced Projects - Apps Having Both Front-End And Back-End Components (Full Stack),Vegilicious,"React, Node.js, Express.js, MongoDB, TypeScript.",10.0,Active,Developer,Product - Voyage Certificate
2023-11-12 17:39:00,8f0ab0cc937e811e247447a29a6492ac,V46,Yes,Completed,2023-11-19,Tier 3 - Advanced Projects - Apps Having Both Front-End And Back-End Components (Full Stack),Vegilicious,"React, Node.js, Express.js, MongoDB, TypeScript.",10.0,Active,Developer,Unknown
2023-11-12 17:39:00,61f77a332cc9b5d315705a3a0002d284,V46,Yes,Completed,2023-11-19,Tier 3 - Advanced Projects - Apps Having Both Front-End And Back-End Components (Full Stack),Vegilicious,"React, Node.js, Express.js, MongoDB, TypeScript.",10.0,Active,Developer,Unknown
2023-11-12 17:39:00,e9994a230956cd7d1541a723b884a2a4,V46,Yes,Completed,2023-11-19,Tier 3 - Advanced Projects - Apps Having Both Front-End And Back-End Components (Full Stack),Vegilicious,"React, Node.js, Express.js, MongoDB, TypeScript.",10.0,Active,Voyage Guide,Unknown
2023-11-12 17:39:00,5b2dfb9b5e6ba6b7069ec340f753c571,V46,Yes,Completed,2023-11-19,Tier 3 - Advanced Projects - Apps Having Both Front-End And Back-End Components (Full Stack),Vegilicious,"React, Node.js, Express.js, MongoDB, TypeScript.",10.0,Active,Developer,Unknown
2023-11-12 17:39:00,b3941ce7f40db267e06a713b6b1bd27b,V46,No,No Contributions In Github,,Tier 3 - Advanced Projects - Apps Having Both Front-End And Back-End Components (Full Stack),Vegilicious,"React, Node.js, Express.js, MongoDB, TypeScript.",10.0,Active,Developer,Unknown
2023-11-12 17:29:00,37999930f92df278885bf758529b3ee3,V46,Yes,Completed,2023-11-19,Tier 2  - Intermediate Algorithms - Front-End Projects (Front-End),Yumyumyes! Recipes,"React, React-Query, Vite, and TailwindCSS",10.0,Active,Developer,Unknown
2023-11-12 17:29:00,cec5226a7107600674854477282acbaa,V46,Yes,Completed,2023-11-19,Tier 2  - Intermediate Algorithms - Front-End Projects (Front-End),Yumyumyes! Recipes,"Vite(React), React-Query, React-Router, Tailwind, Headless UI",9.0,Active,Developer,Unknown
2023-11-12 17:29:00,ec16654715192e1be051404870107589,V46,Yes,Completed,2023-11-19,Tier 2  - Intermediate Algorithms - Front-End Projects (Front-End),Yumyumyes! Recipes,"React, React-Query, Vite, and TailwindCSS",10.0,Active,Developer,Unknown
2023-11-12 17:29:00,7481096f4d9b86ff99e6cabfc36f57b3,V46,No,No Contributions In Github,,Tier 2  - Intermediate Algorithms - Front-End Projects (Front-End),Yumyumyes! Recipes,"React, React-Query, Vite, and TailwindCSS",10.0,Active,Developer,Unknown
2023-11-12 17:29:00,28323abcc5a5158dcc49ed8127a6fbc5,V46,No,Dropped,,Tier 2  - Intermediate Algorithms - Front-End Projects (Front-End),Yumyumyes! Recipes,"React, React-Query, Vite, and TailwindCSS",10.0,Dropped,Developer,Unknown
2023-11-12 17:29:00,ff1db44bf2f889f5f1c8089a5a9e9a71,V46,Yes,Completed,2023-11-19,Tier 2  - Intermediate Algorithms - Front-End Projects (Front-End),Yumyumyes! Recipes,"React, React-Query, Vite, and TailwindCSS",10.0,Active,Product Owner,Unknown
2023-11-12 17:29:00,0a46719f45559ddc306c44cb7e9f3169,V46,Yes,Completed,2023-11-19,Tier 2  - Intermediate Algorithms - Front-End Projects (Front-End),Yumyumyes! Recipes,"React, React-Query, Vite, and TailwindCSS",10.0,Active,Ui/Ux Designer,Unknown
2023-11-12 17:29:00,81ae5a6b202a07452fa5e97f1833157c,V46,Yes,Completed,2023-11-19,Tier 2  - Intermediate Algorithms - Front-End Projects (Front-End),Yumyumyes! Recipes,"React, React-Query, Vite, and TailwindCSS",10.0,Active,Product Owner,Unknown
2023-11-12 17:29:00,a8405eba8002a317f0ec7d1c7e24cad1,V46,Yes,Completed,2023-11-19,Tier 2  - Intermediate Algorithms - Front-End Projects (Front-End),Yumyumyes! Recipes,"React, React-Query, Vite, and TailwindCSS",10.0,Active,Developer,Unknown
2023-11-12 17:28:00,877fdc21856855ef2951f70b265585bf,V46,Yes,Completed,2023-11-19,Tier 1 - Html - Basic Javascript - Basic Algorithms (Landing Pages),Recipes,"React, JSON, CSS, HTML, JavaScript, Netlify",10.0,Active,Developer,Unknown
2023-11-12 17:28:00,c77d200c7644b557364570f503edb5b0,V46,Yes,Completed,2023-11-19,Tier 1 - Html - Basic Javascript - Basic Algorithms (Landing Pages),Recipes,"React, JSON, CSS, HTML, JavaScript, Netlify",10.0,Active,Developer,Unknown
2023-11-12 17:28:00,117041ddcadec26bda3f435ede2811d9,V46,Yes,Completed,2023-11-19,Tier 1 - Html - Basic Javascript - Basic Algorithms (Landing Pages),Recipes,"React, JSON, CSS, HTML, JavaScript, Netlify",10.0,Active,Ui/Ux Designer,Unknown
2023-11-12 17:28:00,7ecd3eaaaf7e2ec59530885e864dd95c,V46,Yes,Completed,2023-11-19,Tier 1 - Html - Basic Javascript - Basic Algorithms (Landing Pages),Recipes,"React, JSON, CSS, HTML, JavaScript, Netlify",10.0,Active,Developer,Unknown
2023-11-12 12:04:00,d209a820a2f3ba6be2a1e26011f60707,V46,Yes,Completed,2023-11-19,Tier 2  - Intermediate Algorithms - Front-End Projects (Front-End),Dishdive,React,10.0,Active,Product Owner,Unknown
2023-11-12 12:04:00,0c9a899ea9a520d1101d8a35dcb284b9,V46,No,No Contributions To Repo,,Tier 2  - Intermediate Algorithms - Front-End Projects (Front-End),Dishdive,React,10.0,Active,Developer,Unknown
2023-11-12 12:04:00,d00c40faf0b1753c024193c55238498f,V46,Yes,Completed,2023-11-19,Tier 2  - Intermediate Algorithms - Front-End Projects (Front-End),Dishdive,React,10.0,Active,Developer,Unknown
2023-11-12 12:04:00,5387991b8a99a8c31f69e5bf40aa4f1c,V46,Yes,Completed,2023-11-19,Tier 2  - Intermediate Algorithms - Front-End Projects (Front-End),Dishdive,React,10.0,Active,Developer,Unknown
2023-11-12 12:04:00,0cf7cf626dc7c4c50890a07b7334c933,V46,Yes,Completed,2023-11-19,Tier 2  - Intermediate Algorithms - Front-End Projects (Front-End),Dishdive,React,10.0,Active,Developer,Unknown
2023-11-12 12:04:00,eb96635b5de30da35ef499e9f9a3f858,V46,Yes,Completed,2023-11-19,Tier 2  - Intermediate Algorithms - Front-End Projects (Front-End),Dishdive,React,10.0,Active,Developer,Unknown
2023-11-12 07:15:00,ed2e54b7c985d9fdd84b3ea2712484ea,V46,Yes,Completed,2023-11-19,Tier 2  - Intermediate Algorithms - Front-End Projects (Front-End),Swaad,React | Typescript | React Query | React Router | Vite | CSS Modules | Headless UI (for modal),10.0,Active,Developer,Unknown
2023-11-12 07:15:00,b2d1e84693ece307aba8a9aa9071f3af,V46,No,Dropped,,Tier 2  - Intermediate Algorithms - Front-End Projects (Front-End),Swaad,React | Typescript | React Query | React Router | Vite | CSS Modules | Headless UI (for modal),10.0,Dropped,Developer,Unknown
2023-11-12 07:15:00,abee3934b88508a3c47ba564053cd480,V46,Yes,Completed,2023-11-19,Tier 2  - Intermediate Algorithms - Front-End Projects (Front-End),Swaad,React | Typescript | React Query | React Router | Vite | CSS Modules | Headless UI (for modal),10.0,Active,Developer,Unknown
2023-11-12 07:15:00,b5d5a70245d124ccf34efc7552b17e4e,V46,Yes,Completed,2023-11-19,Tier 2  - Intermediate Algorithms - Front-End Projects (Front-End),Swaad,React | Typescript | React Query | React Router | Vite | CSS Modules | Headless UI (for modal),10.0,Active,Developer,Unknown
2023-11-12 07:15:00,717e1559b36b9910aba66369b79962db,V46,No,No Contributions To Repo,,Tier 2  - Intermediate Algorithms - Front-End Projects (Front-End),Swaad,React | Typescript | React Query | React Router | Vite | CSS Modules | Headless UI (for modal),10.0,Active,Developer,Unknown
2023-11-12 07:15:00,eb9d5f77093e3572d2ebb8531c415746,V46,Yes,Completed,2023-11-19,Tier 2  - Intermediate Algorithms - Front-End Projects (Front-End),Swaad,React | Typescript | React Query | React Router | Vite | CSS Modules | Headless UI (for modal),10.0,Active,Developer,Unknown
2023-11-11 14:24:00,5a44951557691fd7d719d2ff86e83378,V46,Yes,Completed,2023-11-19,Tier 2  - Intermediate Algorithms - Front-End Projects (Front-End),Pantry Picker,React,10.0,Active,Developer,Unknown
2023-11-11 14:24:00,8c0c0e0055e14084e7dde663d82533c4,V46,Yes,Completed,2023-11-19,Tier 2  - Intermediate Algorithms - Front-End Projects (Front-End),Pantry Picker,React,10.0,Active,Developer,Unknown
2023-11-11 14:24:00,2a6543bd743c82d5a492a82941f870be,V46,Yes,Completed,2023-11-19,Tier 2  - Intermediate Algorithms - Front-End Projects (Front-End),Pantry Picker,React,10.0,Active,Developer,Unknown
2023-11-11 14:24:00,afe08739b64c95658a6bc27b7c8a1ab6,V46,Yes,Completed,2023-11-19,Tier 2  - Intermediate Algorithms - Front-End Projects (Front-End),Pantry Picker,React,10.0,Active,Developer,Unknown
2023-11-11 14:24:00,305c7b57374999fb3cb9b818484e870b,V46,Yes,Completed,2023-11-19,Tier 2  - Intermediate Algorithms - Front-End Projects (Front-End),Pantry Picker,React,10.0,Active,Product Owner,Unknown
2023-11-11 14:24:00,195054821f685dbb3324c147574c7d0b,V46,Yes,Completed,2023-11-19,Tier 2  - Intermediate Algorithms - Front-End Projects (Front-End),Pantry Picker,React,10.0,Active,Developer,Unknown
2023-11-11 13:55:00,38ce13d5fdcafc7bbd6bb66d0b7d4d58,V46,Yes,Completed,2023-11-19,Tier 2  - Intermediate Algorithms - Front-End Projects (Front-End),Flavorfinds,"React, nodejs, tailwind css",10.0,Active,Developer,Unknown
2023-11-11 13:55:00,f9907bfea734c2e4a78e17f69ad0f9de,V46,No,Dropped,,Tier 2  - Intermediate Algorithms - Front-End Projects (Front-End),Flavorfinds,"React, nodejs, tailwind css",10.0,Dropped,Developer,Unknown
2023-11-11 13:55:00,e1031d42b82e148643f3eb64cec49f9d,V46,Yes,Completed,2023-11-19,Tier 2  - Intermediate Algorithms - Front-End Projects (Front-End),Flavorfinds,"React, nodejs, tailwind css",10.0,Active,Developer,Unknown
2023-11-11 13:55:00,b96bee3f597077c2a131c55d682c72b1,V46,Yes,Completed,2023-11-19,Tier 2  - Intermediate Algorithms - Front-End Projects (Front-End),Flavorfinds,"React, nodejs, tailwind css",10.0,Active,Developer,Unknown
2023-11-11 13:55:00,2c0dcccb7bb36e6c724b073acf755fc9,V46,Yes,Completed,2023-11-19,Tier 2  - Intermediate Algorithms - Front-End Projects (Front-End),Flavorfinds,"React, nodejs, tailwind css",10.0,Active,Developer,Product - Voyage Certificate
2023-11-11 13:55:00,6041c29127aae07bb4c37cb1a090192f,V46,No,No Contributions In Github,,Tier 2  - Intermediate Algorithms - Front-End Projects (Front-End),Flavorfinds,"React, nodejs, tailwind css",10.0,Active,Developer,Unknown
2023-11-11 04:20:00,4946767521e5af54a86abd029571bbce,V46,Yes,Completed,2023-11-19,Tier 2  - Intermediate Algorithms - Front-End Projects (Front-End),Zest,"React, Vite, React Router, Redux, Axios",10.0,Active,Developer,Product - Voyage Certificate
2023-11-11 04:20:00,ee07b9f58b1b65accee17e0f131c2e99,V46,Yes,Completed,2023-11-19,Tier 2  - Intermediate Algorithms - Front-End Projects (Front-End),Zest,"React, Vite, React Router, Redux, Axios",10.0,Active,Developer,Unknown
2023-11-11 04:20:00,abdcaf2cb98d5e65ee980ce20ab3019d,V46,Yes,Completed,2023-11-19,Tier 2  - Intermediate Algorithms - Front-End Projects (Front-End),Zest,"React, Vite, React Router, Redux, Axios",10.0,Active,Developer,Unknown
2023-11-11 04:20:00,57a023f8f2dcc670c4c8e76437b2843d,V46,Yes,Completed,2023-11-19,Tier 2  - Intermediate Algorithms - Front-End Projects (Front-End),Zest,"React, Vite, React Router, Redux, Axios",10.0,Active,Ui/Ux Designer,Unknown
2023-11-11 04:20:00,717e1559b36b9910aba66369b79962db,V46,Yes,Completed,2023-11-19,Tier 2  - Intermediate Algorithms - Front-End Projects (Front-End),Zest,"React, Vite, React Router, Redux, Axios",10.0,Active,Voyage Guide,Unknown
2023-11-11 04:20:00,ad5fdda9905303d25d9535e21a6f5d41,V46,Yes,Completed,2023-11-19,Tier 2  - Intermediate Algorithms - Front-End Projects (Front-End),Zest,"React, Vite, React Router, Redux, Axios",10.0,Active,Developer,Unknown
2023-11-11 00:51:00,7cd22df69080440fbaf202d9a0bcc029,V46,Yes,Completed,2023-11-19,Tier 1 - Html - Basic Javascript - Basic Algorithms (Landing Pages),Recipe Hub,,10.0,Active,Developer,Unknown
2023-11-11 00:51:00,eb4244ad5f0aa5cbd035713a6b0d7a18,V46,Yes,Completed,2023-11-19,Tier 1 - Html - Basic Javascript - Basic Algorithms (Landing Pages),Recipe Hub,,10.0,Active,Voyage Guide,Unknown
2023-11-11 00:51:00,0b1abdefb0d64fac66764934f0871db7,V46,No,Dropped,,Tier 1 - Html - Basic Javascript - Basic Algorithms (Landing Pages),Recipe Hub,,10.0,Dropped,Developer,Unknown
2023-11-11 00:51:00,299bb613518f744c95c6ce82351fcdf0,V46,Yes,Completed,2023-11-19,Tier 1 - Html - Basic Javascript - Basic Algorithms (Landing Pages),Recipe Hub,,10.0,Active,Developer,Unknown
2023-11-11 00:51:00,b548930b21e2e4327691cd7022b57871,V46,Yes,Completed,2023-11-19,Tier 1 - Html - Basic Javascript - Basic Algorithms (Landing Pages),Recipe Hub,,10.0,Active,Developer,Unknown
2023-11-10 20:16:00,708e046b23e36f955057ac0ad54b4fb9,V46,Yes,Completed,2023-11-19,Tier 1 - Html - Basic Javascript - Basic Algorithms (Landing Pages),Home Harvest,"HTML, CSS, vanilla JavaScript",9.0,Active,Developer,Unknown
2023-11-10 20:16:00,e897ee3d2b2e1d8b50445ef17abc79a2,V46,Yes,Completed,2023-11-19,Tier 1 - Html - Basic Javascript - Basic Algorithms (Landing Pages),Home Harvest,"HTML, CSS, vanilla JavaScript",9.0,Active,Developer,Unknown
2023-11-10 20:16:00,9fef285555f1d075713d739865566154,V46,Yes,Completed,2023-11-19,Tier 1 - Html - Basic Javascript - Basic Algorithms (Landing Pages),Home Harvest,"HTML, CSS, vanilla JavaScript",9.0,Active,Developer,Unknown
2023-11-10 20:16:00,62d5e7706322b3f4fe12c023d7d638d9,V46,Yes,Completed,2023-11-19,Tier 1 - Html - Basic Javascript - Basic Algorithms (Landing Pages),Home Harvest,"HTML, CSS, vanilla JavaScript",9.0,Active,Developer,Unknown
2023-11-10 10:31:00,f4d94610675b03b8fcec93453a61e30d,V46,Yes,Completed,2023-11-19,Tier 2  - Intermediate Algorithms - Front-End Projects (Front-End),Peppa-Plate,"React/Next.js, DaisyUI",6.0,Active,Developer,Unknown
2023-11-10 10:31:00,24e310ce62dc11d2d38f1ead4ceae641,V46,Yes,Completed,2023-11-19,Tier 2  - Intermediate Algorithms - Front-End Projects (Front-End),Peppa-Plate,"React/Next.js, DaisyUI",6.0,Active,Voyage Guide,Unknown
2023-11-10 10:31:00,ce6b7d4ef7fb4077f1dd393a18417bc6,V46,Yes,Completed,2023-11-19,Tier 2  - Intermediate Algorithms - Front-End Projects (Front-End),Peppa-Plate,"React/Next.js, DaisyUI",6.0,Active,Developer,Unknown
2023-11-10 10:31:00,97587aa64d8698f1d29b55c370221ab6,V46,Yes,Completed,2023-11-19,Tier 2  - Intermediate Algorithms - Front-End Projects (Front-End),Peppa-Plate,"React/Next.js, DaisyUI",6.0,Active,Developer,Unknown
2023-11-10 08:31:00,d69743111e2ffecfdd1fd756b2c78a8c,V46,Yes,Completed,2023-11-19,Tier 2  - Intermediate Algorithms - Front-End Projects (Front-End),Plate Palette,"NextJS, TailwindCSS, Javascript, ReactJS",10.0,Active,Developer,Unknown
2023-11-10 08:31:00,da79574b61231512b96d69c606495ef9,V46,Yes,Completed,2023-11-19,Tier 2  - Intermediate Algorithms - Front-End Projects (Front-End),Plate Palette,"NextJS, TailwindCSS, Javascript, ReactJS",10.0,Active,Developer,Unknown
2023-11-10 08:31:00,856a318605f1745790a2c51591b7b370,V46,Yes,Completed,2023-11-19,Tier 2  - Intermediate Algorithms - Front-End Projects (Front-End),Plate Palette,"NextJS, TailwindCSS, Javascript, ReactJS",10.0,Active,Voyage Guide,Unknown
2023-11-10 08:31:00,ad30f68afbfc425818be5b9124a07e49,V46,No,Dropped,,Tier 2  - Intermediate Algorithms - Front-End Projects (Front-End),Plate Palette,"NextJS, TailwindCSS, Javascript, ReactJS",10.0,Dropped,Developer,Unknown
2023-11-10 08:31:00,2c92bda7c8e3c1ab523936d7a3e20410,V46,Yes,Completed,2023-11-19,Tier 2  - Intermediate Algorithms - Front-End Projects (Front-End),Plate Palette,"NextJS, TailwindCSS, Javascript, ReactJS",10.0,Active,Developer,Unknown
2023-11-10 08:31:00,2056fc676113bc015713cea90974d6d2,V46,Yes,Completed,2023-11-19,Tier 2  - Intermediate Algorithms - Front-End Projects (Front-End),Plate Palette,"NextJS, TailwindCSS, Javascript, ReactJS",10.0,Active,Developer,Unknown
2023-11-10 06:08:00,c288f4896e2c79362c9060debe7ce59a,V46,Yes,Completed,2023-11-19,Tier 1 - Html - Basic Javascript - Basic Algorithms (Landing Pages),Recipick,"HTML, CSS & JavaScript",10.0,Active,Developer,Unknown
2023-11-10 06:08:00,e9994a230956cd7d1541a723b884a2a4,V46,Yes,Completed,2023-11-19,Tier 1 - Html - Basic Javascript - Basic Algorithms (Landing Pages),Recipick,"HTML, CSS & JavaScript",10.0,Active,Voyage Guide,Unknown
2023-11-10 06:08:00,83e58c10bbb8df4225bb38b3f52aeea5,V46,No,No Contributions In Github,,Tier 1 - Html - Basic Javascript - Basic Algorithms (Landing Pages),Recipick,"HTML, CSS & JavaScript",10.0,Active,Developer,Unknown
2023-11-10 06:08:00,ad5fdda9905303d25d9535e21a6f5d41,V46,Yes,Completed,2023-11-19,Tier 1 - Html - Basic Javascript - Basic Algorithms (Landing Pages),Recipick,"HTML, CSS & JavaScript",10.0,Inactive,Developer,Unknown
2023-11-10 06:08:00,80385db86dd7da799cd210bfbd5d8663,V46,Yes,Completed,2023-11-19,Tier 1 - Html - Basic Javascript - Basic Algorithms (Landing Pages),Recipick,"HTML, CSS & JavaScript",10.0,Active,Developer,Product - Voyage Certificate
2023-11-10 06:08:00,0253d24ef8bc837331a1d8184fc0314c,V46,No,No Contributions In Github,,Tier 1 - Html - Basic Javascript - Basic Algorithms (Landing Pages),Recipick,"HTML, CSS & JavaScript",10.0,Active,Data Scientist,Unknown
2023-11-10 06:08:00,315d334723244ff1a7cf4afb5ff73957,V46,Yes,Completed,2023-11-19,Tier 1 - Html - Basic Javascript - Basic Algorithms (Landing Pages),Recipick,"HTML, CSS & JavaScript",10.0,Active,Ui/Ux Designer,Unknown
2023-11-10 01:53:00,1ffcc8cda45906d11db2c97247c3ad36,V46,Yes,Completed,2023-11-19,Tier 3 - Advanced Projects - Apps Having Both Front-End And Back-End Components (Full Stack),Page Pocket,"React, Nextjs, Typescript, DrizzleORM, TailwindCSS, MySQL",7.0,Active,Developer,Unknown
2023-11-10 01:53:00,a761e55a3c16a7bd1e346dd520e2385c,V46,Yes,Completed,2023-11-19,Tier 3 - Advanced Projects - Apps Having Both Front-End And Back-End Components (Full Stack),Page Pocket,"React, Nextjs, Typescript, DrizzleORM, TailwindCSS, MySQL",7.0,Active,Developer,Unknown
2023-11-10 01:53:00,2b34ee5d48f77aae589f8cb61e0dd14e,V46,Yes,Completed,2023-11-19,Tier 3 - Advanced Projects - Apps Having Both Front-End And Back-End Components (Full Stack),Page Pocket,"React, Nextjs, Typescript, DrizzleORM, TailwindCSS, MySQL",7.0,Active,Developer,Unknown
2023-11-10 01:53:00,9c7f29f70cc7b9c0d5b8ea48413f931a,V46,No,Insufficient Commits,,Tier 3 - Advanced Projects - Apps Having Both Front-End And Back-End Components (Full Stack),Page Pocket,"React, Nextjs, Typescript, DrizzleORM, TailwindCSS, MySQL",7.0,Active,Developer,Unknown
2023-11-10 01:53:00,dc4ce281ac254b28932ba5276946addc,V46,No,No Contributions In Github,,Tier 3 - Advanced Projects - Apps Having Both Front-End And Back-End Components (Full Stack),Page Pocket,"React, Nextjs, Typescript, DrizzleORM, TailwindCSS, MySQL",7.0,Active,Developer,Unknown
2023-11-10 01:53:00,db36eb439c7979c97b3ce5a51e68d040,V46,Yes,Completed,2023-11-19,Tier 3 - Advanced Projects - Apps Having Both Front-End And Back-End Components (Full Stack),Page Pocket,"React, Nextjs, Typescript, DrizzleORM, TailwindCSS, MySQL",7.0,Active,Developer,Unknown
2023-11-08 02:54:00,053e0eeb4261adc5304c93d1f7ae33bd,V47,No,No Project Submission,,Tier 3,Nan,,,Active,Developer,Unknown
2023-11-07 06:33:00,18a419983a826be9effb549c93dab6a8,V46,Yes,Completed,2023-11-19,Tier 1 - Html - Basic Javascript - Basic Algorithms (Landing Pages),Recipe Finder App,vanilla JavaScript,7.0,Active,Developer,Unknown
2023-11-07 06:33:00,5780b818001c3f45d739f1e2c8d9d222,V46,No,Dropped,,Tier 1 - Html - Basic Javascript - Basic Algorithms (Landing Pages),Recipe Finder App,vanilla JavaScript,7.0,Dropped,Developer,Unknown
2023-11-07 06:33:00,0493ecd0031faddfd7be2e9b51f50c3c,V46,No,Dropped,,Tier 1 - Html - Basic Javascript - Basic Algorithms (Landing Pages),Recipe Finder App,vanilla JavaScript,7.0,Dropped,Developer,Unknown
2023-11-07 06:33:00,bb53ad664b0d7d52b932dc25a2dfbfaa,V46,No,Dropped,,Tier 1 - Html - Basic Javascript - Basic Algorithms (Landing Pages),Recipe Finder App,vanilla JavaScript,7.0,Skipvoyage,Developer,Unknown
2023-11-07 06:33:00,aa6cd26a8b77aa0aea7b9e184a762832,V46,No,Dropped,,Tier 1 - Html - Basic Javascript - Basic Algorithms (Landing Pages),Recipe Finder App,vanilla JavaScript,7.0,Dropped,Product Owner,Unknown
2023-11-03 09:39:00,d70c253da77e9b9a796b8e493dec4ad3,V46,Yes,Completed,2023-11-19,Tier 3 - Advanced Projects - Apps Having Both Front-End And Back-End Components (Full Stack),Secret Recipe,PERN stack,10.0,Active,Developer,Unknown
2023-11-03 09:39:00,cae610006e2607579a07a6bee5f7e7f7,V46,No,Dropped,,Tier 3 - Advanced Projects - Apps Having Both Front-End And Back-End Components (Full Stack),Secret Recipe,PERN stack,10.0,Dropped,Developer,Unknown
2023-11-03 09:39:00,d49212a85b9eeaffe793a7b997f6505f,V46,Yes,Completed,2023-11-19,Tier 3 - Advanced Projects - Apps Having Both Front-End And Back-End Components (Full Stack),Secret Recipe,PERN stack,10.0,Active,Developer,Unknown
2023-11-03 09:39:00,e80c50e9ba391dd68a301d962a30da10,V46,No,Insufficient Commits,,Tier 3 - Advanced Projects - Apps Having Both Front-End And Back-End Components (Full Stack),Secret Recipe,PERN stack,10.0,Active,Developer,Unknown
2023-11-03 09:39:00,845b66f89dc2dbbbaec3a0a0a4e9a747,V46,No,Dropped,,Tier 3 - Advanced Projects - Apps Having Both Front-End And Back-End Components (Full Stack),Secret Recipe,PERN stack,10.0,Dropped,Developer,Unknown
2023-11-03 09:39:00,80af640824f55e5a3ba299b6b95ab833,V46,Yes,Completed,,Tier 3 - Advanced Projects - Apps Having Both Front-End And Back-End Components (Full Stack),Secret Recipe,PERN stack,10.0,Active,Developer,Unknown
2023-10-31 00:07:00,8c37049992457bec348df7ce3e56906c,V47,No,No Commits,,Tier 3,Electricity Emissions Calculator,python,8.0,Active,Data Scientist,Unknown
2023-10-30 21:09:00,2aefdb55b0c22ff84fde72d6c6155aa3,V47,No,No Project Submission,,Tier 3,Nan,,,Inactive,Developer,Unknown
2023-10-29 08:29:00,c12b14af5785235e34e67d0b83675cb9,V47,No,No Project Submission,,Tier 3,Nan,,,Active,Developer,Unknown
2023-10-14 12:48:00,a0d09a71004a96e4237d307b6f16dba7,V47,No,No Project Submission,,Tier 3,Nan,,,Dropped,Developer,Unknown
2023-10-13 16:23:00,ed4b0761b7ac7bbc7bf5b9458d8db56e,V47,No,No Project Submission,,Tier 3,Nan,,,Active,Developer,Unknown
2023-10-11 21:23:00,b8f92d6817018ab33d53bb8b163f36fc,V45,Yes,Completed,2023-09-24,Tier 3,Carecollab,"React, Node.js, MongoDB, JavaScript, Express.js",10.0,Active,Developer,Unknown
2023-10-11 21:23:00,8696591d4258b014198c092b81c2dab6,V45,Yes,Completed,2023-09-24,Tier 3,Carecollab,"React, Node.js, MongoDB, JavaScript, Express.js",10.0,Active,Developer,Unknown
2023-10-11 21:23:00,937bc98fa47451e488c041aa7b28f9b1,V45,No,Dropped,,Tier 3,Carecollab,"React, Node.js, MongoDB, JavaScript, Express.js",10.0,Dropped,Developer,Unknown
2023-10-11 21:23:00,5382eafd20614ece84c4e7a636fcb8fd,V45,No,Dropped,,Tier 3,Carecollab,"React, Node.js, MongoDB, JavaScript, Express.js",10.0,Dropped,Developer,Unknown
2023-10-11 21:23:00,fb5e11dcbcbdb3bfaf78cb48e43a4ebe,V45,No,Dropped,,Tier 3,Carecollab,"React, Node.js, MongoDB, JavaScript, Express.js",10.0,Dropped,Developer,Subscription - Junior Professional
2023-10-11 21:23:00,b4597302ca39c8a56a7b01170a77e690,V45,Yes,Completed,2023-09-24,Tier 3,Carecollab,"React, Node.js, MongoDB, JavaScript, Express.js",10.0,Active,Developer,Unknown
2023-10-11 21:23:00,4fd30d913fb5dc45b6f16da2988105b8,V45,Yes,Completed,2023-09-24,Tier 3,Carecollab,"React, Node.js, MongoDB, JavaScript, Express.js",10.0,Active,Developer,Unknown
2023-10-11 21:23:00,317156e179ce6488bf0d732536d2033e,V45,Yes,Completed,2023-09-24,Tier 3,Carecollab,"React, Node.js, MongoDB, JavaScript, Express.js",10.0,Active,Developer,Unknown
2023-10-10 01:31:00,2ef7698f5be0e9cbd64c7f4887521bd5,V47,No,No Project Submission,,Tier 3,Nan,,,Dropped,Developer,Unknown
2023-10-03 09:21:00,9d7fc57de43864c42ea78bb1fbede7b9,V46,No,No Project Submission,,Tier 3 - Advanced Projects - Apps Having Both Front-End And Back-End Components (Full Stack),Nan,,,Inactive,Developer,Unknown
2023-10-02 00:41:00,4449abeee58b3934f4c71db72dd0a313,V46,No,No Project Submission,,Tier 3 - Advanced Projects - Apps Having Both Front-End And Back-End Components (Full Stack),Nan,,,Inactive,Developer,Unknown
2023-10-01 18:22:00,57a710184f035753999d4ae586177520,V45,Yes,Completed,,Tier 3,Foodieme,"React, Dotnet, Postgress",5.0,Active,Developer,Unknown
2023-10-01 18:22:00,dca76bd2fd3bb43457f0d0293733e5c9,V45,No,No Project Submission,,Tier 3,Foodieme,"React, Dotnet, Postgress",5.0,Active,Developer,Unknown
2023-10-01 18:22:00,5780bb997d36e342cb6cd36730073fc3,V45,No,No Project Submission,,Tier 3,Foodieme,"React, Dotnet, Postgress",5.0,Active,Developer,Unknown
2023-10-01 18:22:00,ac8676c620d264aa8b549aae800a2ad5,V45,No,No Project Submission,,Tier 3,Foodieme,"React, Dotnet, Postgress",5.0,Dropped,Developer,Unknown
2023-10-01 18:22:00,ba38574e68f48eb8aec0b0130eabad1a,V45,Yes,Completed,,Tier 3,Foodieme,"React, Dotnet, Postgress",5.0,Active,Product Owner,Unknown
2023-10-01 18:22:00,ea2c8dcb7908811d399506d5cdd1209a,V45,No,No Project Submission,,Tier 3,Foodieme,"React, Dotnet, Postgress",5.0,Dropped,Developer,Unknown
2023-10-01 18:22:00,0ed03864f49cebb319dc7817f9f24845,V45,Yes,Completed,,Tier 3,Foodieme,"React, Dotnet, Postgress",5.0,Active,Developer,Unknown
2023-10-01 11:47:00,191cd2d1140ba6d927d21bd2194cf57c,V47,No,No Project Submission,,Tier 2,Nan,,,Dropped,Developer,Unknown
2023-10-01 03:10:00,f4a9ff12d5ad5565e83a7a2c41100e80,V45,No,No Significant Activity,,Tier 1,Comet,"html,css,js,tailwind css",9.0,Active,Ui/Ux Designer,Unknown
2023-10-01 03:10:00,3ceb766acc687528f2aaf00a455ac22d,V45,No,No Significant Activity,,Tier 1,Comet,"html,css,js,tailwind css",9.0,Dropped,Developer,Unknown
2023-10-01 03:10:00,ab3cf41548e357479ba426450c03767d,V45,No,No Significant Activity,,Tier 1,Comet,"html,css,js,tailwind css",9.0,Dropped,Developer,Unknown
2023-10-01 03:10:00,c6d1845359566b77fb08be26c21d0213,V45,No,No Significant Activity,,Tier 1,Comet,"html,css,js,tailwind css",9.0,Active,Developer,Unknown
2023-10-01 03:10:00,1cd51eb61e75f5350138ebe47d206d98,V45,No,No Significant Activity,,Tier 1,Comet,"html,css,js,tailwind css",9.0,Dropped,Developer,Unknown
2023-10-01 03:10:00,0c9a899ea9a520d1101d8a35dcb284b9,V45,Yes,Completed,2023-09-24,Tier 1,Comet,"html,css,js,tailwind css",9.0,Active,Developer,Unknown
2023-09-30 15:02:00,43479ca4a1ecfd2f2f8c85d7e75810d2,V46,No,No Project Submission,,Tier 1 - Html - Basic Javascript - Basic Algorithms (Landing Pages),Nan,,,Active,Developer,Unknown
2023-09-28 08:16:00,856a318605f1745790a2c51591b7b370,V46,No,No Project Submission,,Tier 2  - Intermediate Algorithms - Front-End Projects (Front-End),Nan,,,Active,Developer,Unknown
2023-09-28 08:16:00,7481096f4d9b86ff99e6cabfc36f57b3,V46,Yes,Completed,2023-11-19,Tier 2  - Intermediate Algorithms - Front-End Projects (Front-End),Flavrfindr,"React, Tailwind, Vite",10.0,Active,Voyage Guide,Unknown
2023-09-28 08:16:00,3087a640378c425681741372698938c7,V47,Yes,Cert Issued,2024-02-18,Tier 3,Nan,,,"Active,Active","Voyage Guide,Voyage Guide",Subscription - Junior Professional
2023-09-27 21:21:00,fa9db0263bfed8d88aa3e25a161db6cf,V46,No,No Project Submission,,Tier 3 - Advanced Projects - Apps Having Both Front-End And Back-End Components (Full Stack),Nan,,,Active,Data Scientist,Unknown
2023-09-27 19:15:00,e44de899db3a861b261376b17a5e226b,V46,No,No Project Submission,,Tier 3 - Advanced Projects - Apps Having Both Front-End And Back-End Components (Full Stack),Nan,,,Active,Developer,Product - Voyage Certificate
2023-09-27 14:32:00,0876e9d247274267fb6967df0f951ffa,V46,No,No Project Submission,,Tier 3 - Advanced Projects - Apps Having Both Front-End And Back-End Components (Full Stack),Nan,,,Active,Developer,Unknown
2023-09-27 14:31:00,24210e6186f6ce8ad7e3713f11841194,V46,No,Dropped,,Tier 3 - Advanced Projects - Apps Having Both Front-End And Back-End Components (Full Stack),Nan,,,Dropped,Developer,Unknown
2023-09-27 10:16:00,8add22cae760f12a31cb63b1b88fb713,V45,Yes,Completed,,Tier 3,Ching-Auction,"Next.js, React, Prisma, Planetscale, MySql, TypeScript, and Tailwindcss",9.0,Active,Developer,Unknown
2023-09-26 02:41:00,2ee7875d63d4cf8093d423831730204e,V46,No,No Project Submission,,Tier 3 - Advanced Projects - Apps Having Both Front-End And Back-End Components (Full Stack),Nan,,,Active,Developer,Unknown
2023-09-26 01:49:00,5a79edecaf6b07513e6fa5bc1bc228f9,V46,No,Dropped,,Tier 3 - Advanced Projects - Apps Having Both Front-End And Back-End Components (Full Stack),Nan,,,Dropped,Developer,Unknown
2023-09-25 11:16:00,7f5009d2b19d485f61d9d64ece7ab82c,V46,No,No Project Submission,,Tier 3 - Advanced Projects - Apps Having Both Front-End And Back-End Components (Full Stack),Nan,,,Active,Developer,Unknown
2023-09-24 14:32:00,a80d92af561a742a3497204b8d332d9b,V45,No,No Commits,,Tier 2,Nasa Fireball,"Html, Css, Javascript, React, React Material Ui, Vite",10.0,Inactive,Developer,Unknown
2023-09-24 14:32:00,f4126f4d33b42aef791763fb7201772e,V45,No,No Commits,,Tier 2,Nasa Fireball,"Html, Css, Javascript, React, React Material Ui, Vite",10.0,Active,Developer,Unknown
2023-09-24 14:32:00,a374cc1472eea42195fe2221cdc9f56c,V45,Yes,Completed,,Tier 2,Nasa Fireball,"Html, Css, Javascript, React, React Material Ui, Vite",10.0,Active,Product Owner,Unknown
2023-09-24 14:32:00,ddd56f74426a143880d50d920ce7820d,V45,No,No Commits,,Tier 2,Nasa Fireball,"Html, Css, Javascript, React, React Material Ui, Vite",10.0,Inactive,Developer,Unknown
2023-09-24 14:32:00,717e1559b36b9910aba66369b79962db,V45,Yes,Completed,,Tier 2,Nasa Fireball,"Html, Css, Javascript, React, React Material Ui, Vite",10.0,Active,Developer,Unknown
2023-09-24 09:06:00,46ac4639064299c4377f40b8f58cb5cd,V46,No,No Project Submission,,Tier 3 - Advanced Projects - Apps Having Both Front-End And Back-End Components (Full Stack),Nan,,,Active,Data Scientist,Unknown
2023-09-24 05:35:00,40e80ebce04929b439ac2f8edbadd99c,V46,No,No Project Submission,,Tier 3 - Advanced Projects - Apps Having Both Front-End And Back-End Components (Full Stack),Nan,,,Active,Developer,Unknown
2023-09-22 13:21:00,11c606e9a30c1af256a977a6cf4e8a63,V46,No,No Project Submission,,Tier 3 - Advanced Projects - Apps Having Both Front-End And Back-End Components (Full Stack),Nan,,,Active,Developer,Unknown
2023-09-22 07:36:00,b4b486e87ef52af2b9c3c2eb6bb091ed,V46,No,No Project Submission,,Tier 3 - Advanced Projects - Apps Having Both Front-End And Back-End Components (Full Stack),Nan,,,Active,Developer,Unknown
2023-09-22 01:37:00,b8fa6ce2a62ba77dda38d9d10584d1be,V46,No,No Project Submission,,Tier 3 - Advanced Projects - Apps Having Both Front-End And Back-End Components (Full Stack),Nan,,,Active,Developer,Unknown
2023-09-21 09:36:00,302bacb693c1792e4fefae25f4c9d57b,V46,No,No Project Submission,,Tier 3 - Advanced Projects - Apps Having Both Front-End And Back-End Components (Full Stack),Nan,,,Active,Developer,Unknown
2023-09-21 08:35:00,34af5dd510b784058e4473c87bb16883,V46,No,No Project Submission,,Tier 3 - Advanced Projects - Apps Having Both Front-End And Back-End Components (Full Stack),Nan,,,Active,Developer,Unknown
2023-09-21 08:05:00,90699cf331233fe9940a96bc4a7f25b2,V46,No,Dropped,,Tier 3 - Advanced Projects - Apps Having Both Front-End And Back-End Components (Full Stack),Nan,,,Dropped,Developer,Unknown
2023-09-20 06:34:00,4a18eee49ad42e8c43bf722fae14926a,V46,No,Dropped,,Tier 3 - Advanced Projects - Apps Having Both Front-End And Back-End Components (Full Stack),Nan,,,Dropped,Developer,Unknown
2023-09-20 06:16:00,ff1db44bf2f889f5f1c8089a5a9e9a71,V45,Yes,Completed,2023-09-24,Tier 1,Meteor Strikes,html css chart js,7.0,Active,Product Owner,Unknown
2023-09-20 06:16:00,b792b5c2efd3abd2fb985cd02ba2e366,V45,Yes,Completed,2023-09-24,Tier 1,Meteor Strikes,html css chart js,7.0,Active,Developer,Unknown
2023-09-20 06:16:00,6848720b4957472d3a166a07625484a0,V45,Yes,Completed,2023-09-24,Tier 1,Meteor Strikes,html css chart js,7.0,Active,Developer,Unknown
2023-09-20 06:16:00,de0b814931019308b6ea8841f4c44600,V45,Yes,Completed,2023-09-24,Tier 1,Meteor Strikes,html css chart js,7.0,Active,Product Owner,Unknown
2023-09-20 06:16:00,011110e473b7cbd7e7d4eba123aa5d48,V45,Yes,Completed,2023-09-24,Tier 1,Meteor Strikes,html css chart js,7.0,Active,Voyage Guide,Unknown
2023-09-20 06:16:00,e897ee3d2b2e1d8b50445ef17abc79a2,V45,Yes,Completed,2023-09-24,Tier 1,Meteor Strikes,html css chart js,7.0,Active,Developer,Unknown
2023-09-20 06:16:00,e0b9e336f5c708cca5d4fdbecabb9565,V45,No,Dropped,,Tier 1,Meteor Strikes,html css chart js,7.0,Dropped,Developer,Unknown
2023-09-20 06:16:00,a082438269d6dc9c51f1f1074c6a0e91,V45,Yes,Completed,2023-09-24,Tier 1,Meteor Strikes,html css chart js,7.0,Active,Developer,Unknown
2023-09-19 21:59:00,d7aebfeb3e427cba511a48847ab91ad3,V45,Unknown,Unknown,,Tier 1,Chingu Dashboard,figma,10.0,Unknown,Unknown,Unknown
2023-09-19 04:46:00,216793bb62e34dc5db37337e2c8e41e3,V45,No,Dropped,,Tier 1,Fireball,jQuery html css javascript,10.0,Dropped,Developer,Unknown
2023-09-19 04:46:00,cbdfad3e6286a820f8bd6242936d3378,V45,Yes,Completed,2023-09-24,Tier 1,Fireball,jQuery html css javascript,10.0,Active,Ui/Ux Designer,Unknown
2023-09-19 04:46:00,8c75f941158d3a110aa380c11a58233c,V45,Yes,Completed,2023-09-24,Tier 1,Fireball,jQuery html css javascript,10.0,Active,Developer,Unknown
2023-09-19 04:46:00,b4b486e87ef52af2b9c3c2eb6bb091ed,V45,Yes,Completed,2023-09-24,Tier 1,Fireball,jQuery html css javascript,10.0,Active,Developer,Unknown
2023-09-19 01:28:00,5ea8e81304dc086ac626abbcc57e3863,V45,No,Dropped,,Tier 3,Educator Star,PERN stack,7.0,Dropped,Developer,Unknown
2023-09-19 01:28:00,58d24f6f19a59e7e20cdbc794ae07af4,V45,Yes,Completed,2023-09-24,Tier 3,Educator Star,PERN stack,7.0,Active,Developer,Unknown
2023-09-19 01:28:00,c701223cb42cd80d2b4a2c4629e91626,V45,No,No Commits,,Tier 3,Educator Star,PERN stack,7.0,Active,Developer,Unknown
2023-09-19 01:28:00,dc96744decb7ca0fe48b0d7c6935291f,V45,No,Dropped,,Tier 3,Educator Star,PERN stack,7.0,Dropped,Developer,Unknown
2023-09-19 01:28:00,6607e8c55b524de2c306b7b15e25f2a1,V45,No,Dropped,,Tier 3,Educator Star,PERN stack,7.0,Dropped,Developer,Unknown
2023-09-19 01:28:00,99916609a8cf98335dbc63916a43186e,V45,No,Dropped,,Tier 3,Educator Star,PERN stack,7.0,Dropped,Developer,Unknown
2023-09-19 01:28:00,053e0eeb4261adc5304c93d1f7ae33bd,V45,Yes,Completed,2023-09-24,Tier 3,Educator Star,PERN stack,7.0,Active,Developer,Unknown
2023-09-19 01:28:00,d70c253da77e9b9a796b8e493dec4ad3,V45,Yes,Completed,2023-09-24,Tier 3,Educator Star,PERN stack,7.0,Active,Developer,Unknown
2023-09-18 08:38:00,cd6e21f4619b0847ab986bb0c8d350cc,V45,Yes,Completed,2023-09-24,Tier 1,Meteorite Project,none,8.0,Active,Developer,Unknown
2023-09-18 08:38:00,aeaed323220e3d470375562f8f239e9d,V45,Yes,Completed,2023-09-24,Tier 1,Meteorite Project,none,8.0,Active,Developer,Unknown
2023-09-18 08:38:00,c850a638f1162a8756787fbf6a2e96d1,V45,Yes,Completed,2023-09-24,Tier 1,Meteorite Project,none,8.0,Active,Developer,Unknown
2023-09-18 08:02:00,cf7921d26eb326a853e7481e603278fa,V45,No,Low Participation,,Tier 3,Pawsitive Health,"Next, prisma, supabase",10.0,Active,Developer,Unknown
2023-09-18 08:02:00,a97f62422355550b2a77d05ddd5f76b3,V45,No,Low Participation,,Tier 3,Pawsitive Health,"Next, prisma, supabase",10.0,Active,Developer,Unknown
2023-09-18 08:02:00,ba72add47c598abe0f69478c91db5f2e,V45,No,Low Participation,,Tier 3,Pawsitive Health,"Next, prisma, supabase",10.0,Active,Developer,Unknown
2023-09-18 08:02:00,a9e6a816fc314bd8d7eaa5c120635fd5,V45,No,Dropped,,Tier 3,Pawsitive Health,"Next, prisma, supabase",10.0,Dropped,Developer,Unknown
2023-09-18 08:02:00,ebda6980725f26cf620ace00d4dfd91e,V45,No,Low Participation,,Tier 3,Pawsitive Health,"Next, prisma, supabase",10.0,Active,Developer,Unknown
2023-09-18 06:38:00,bc12867501faae1e34657474e1ceeae0,V46,Yes,Completed,2023-11-19,Tier 2  - Intermediate Algorithms - Front-End Projects (Front-End),Flavrfindr,"React, Tailwind, Vite",10.0,Active,Developer,Unknown
2023-09-18 06:11:00,51be6677e463f470c809620db4ed9227,V45,Yes,Completed,2023-09-24,Tier 3,Dev Connect,"React, TailwindCss, framer motion,Express.js, MongoDb, Firebase, Socket.io",10.0,Active,Developer,Unknown
2023-09-18 06:11:00,34af5dd510b784058e4473c87bb16883,V45,Yes,Completed,2023-09-24,Tier 3,Dev Connect,"React, TailwindCss, framer motion,Express.js, MongoDb, Firebase, Socket.io",10.0,Active,Developer,Unknown
2023-09-18 06:11:00,de1c4753d94ec316ea37621e9ef11045,V45,Yes,Completed,2023-09-24,Tier 3,Dev Connect,"React, TailwindCss, framer motion,Express.js, MongoDb, Firebase, Socket.io",10.0,Dropped,Developer,Unknown
2023-09-18 06:11:00,292709b9b87caae23cd4d363daa1b495,V45,No,No Commits,,Tier 3,Dev Connect,"React, TailwindCss, framer motion,Express.js, MongoDb, Firebase, Socket.io",10.0,Active,Developer,Unknown
2023-09-18 06:11:00,b43c1e9e4fce0fb4b2033e9ed3590f26,V45,No,No Commits,,Tier 3,Dev Connect,"React, TailwindCss, framer motion,Express.js, MongoDb, Firebase, Socket.io",10.0,Active,Developer,Unknown
2023-09-18 06:11:00,52137efeda8ff9eef203062ed3c6c1a6,V45,Yes,Completed,2023-09-24,Tier 3,Dev Connect,"React, TailwindCss, framer motion,Express.js, MongoDb, Firebase, Socket.io",10.0,Active,Developer,Unknown
2023-09-17 21:33:00,d58c7401daabd113c939ab3d81211c8d,V45,Yes,Completed,2023-09-24,Tier 2,Skyfall,"React, Vite, Tailwindcss",9.0,Active,Developer,Unknown
2023-09-17 21:33:00,54a663b25c4052b90395e6d7a29dc4e8,V45,Yes,Completed,2023-09-24,Tier 2,Skyfall,"React, Vite, Tailwindcss",9.0,Active,Voyage Guide,Unknown
2023-09-17 21:33:00,1129816e226589150b82ba5850a33c31,V45,Yes,Completed,2023-09-24,Tier 2,Skyfall,"React, Vite, Tailwindcss",9.0,Active,Developer,Unknown
2023-09-17 21:33:00,51f2f8c71fc2ead8803570f22147d81b,V45,Yes,Completed,2023-09-24,Tier 2,Skyfall,"React, Vite, Tailwindcss",9.0,Active,Developer,Unknown
2023-09-17 21:33:00,0fd27b6e5e3087120da757a7dde0f9e7,V45,Yes,Completed,2023-09-24,Tier 2,Skyfall,"React, Vite, Tailwindcss",9.0,Active,Ui/Ux Designer,Unknown
2023-09-17 21:33:00,f9907bfea734c2e4a78e17f69ad0f9de,V45,No,Dropped,,Tier 2,Skyfall,"React, Vite, Tailwindcss",9.0,Dropped,Developer,Unknown
2023-09-17 21:33:00,729b879210ac56b3300d826a0aa9d7ba,V45,No,Dropped,,Tier 2,Skyfall,"React, Vite, Tailwindcss",9.0,Dropped,Developer,Unknown
2023-09-17 21:29:00,2edaede749b4f7f9e2b60a42fb438541,V45,Yes,Completed,2023-09-24,Tier 3,Talentbridge,"React, Tailwindcss, Nodejs, MongoDB, Expressjs, Framer motion",8.0,Active,Developer,Unknown
2023-09-17 21:29:00,33afda6da06c0f2b52990890b36cc017,V45,No,Dropped,,Tier 3,Talentbridge,"React, Tailwindcss, Nodejs, MongoDB, Expressjs, Framer motion",8.0,Dropped,Developer,Unknown
2023-09-17 21:29:00,e2f37d81ec63cf458fcd3561c5452eba,V45,Yes,Completed,2023-09-24,Tier 3,Talentbridge,"React, Tailwindcss, Nodejs, MongoDB, Expressjs, Framer motion",8.0,Active,Developer,Unknown
2023-09-17 21:29:00,52137efeda8ff9eef203062ed3c6c1a6,V45,Yes,Completed,2023-09-24,Tier 3,Talentbridge,"React, Tailwindcss, Nodejs, MongoDB, Expressjs, Framer motion",8.0,Active,Voyage Guide,Unknown
2023-09-17 21:29:00,4b660c18ab2e50c9209e6039c59b939a,V45,No,Dropped,,Tier 3,Talentbridge,"React, Tailwindcss, Nodejs, MongoDB, Expressjs, Framer motion",8.0,Dropped,Developer,Unknown
2023-09-17 21:16:00,c8e770991c0790c240c132dad46bf6cd,V45,Yes,Completed,2023-09-24,Tier 3,Icebreaker,Next.js + React + Typescript Tailwind CSS WebSocket: Pusher Channels Prisma + Vercel Postgres UI Library: Mantine Testing: Playwright,10.0,Active,Developer,Unknown
2023-09-17 21:16:00,798490fa1b7cafb2a4b08ec8ab4ce5bd,V45,Yes,Completed,2023-09-24,Tier 3,Icebreaker,Next.js + React + Typescript Tailwind CSS WebSocket: Pusher Channels Prisma + Vercel Postgres UI Library: Mantine Testing: Playwright,10.0,Active,Developer,Unknown
2023-09-17 21:16:00,430fc02370059bcd050318848ceaa3ef,V45,Yes,Completed,2023-09-24,Tier 3,Icebreaker,Next.js + React + Typescript Tailwind CSS WebSocket: Pusher Channels Prisma + Vercel Postgres UI Library: Mantine Testing: Playwright,10.0,Active,Developer,Unknown
2023-09-17 21:16:00,7db9f04dd68bc2201a8b55504fee6a22,V45,Yes,Completed,2023-09-24,Tier 3,Icebreaker,Next.js + React + Typescript Tailwind CSS WebSocket: Pusher Channels Prisma + Vercel Postgres UI Library: Mantine Testing: Playwright,10.0,Active,Developer,Unknown
2023-09-17 21:16:00,5a79edecaf6b07513e6fa5bc1bc228f9,V45,Yes,Completed,2023-09-24,Tier 3,Icebreaker,Next.js + React + Typescript Tailwind CSS WebSocket: Pusher Channels Prisma + Vercel Postgres UI Library: Mantine Testing: Playwright,10.0,Active,Developer,Unknown
2023-09-17 21:13:00,49e1fd5123699bda2a07315ee14750ec,V45,Yes,Completed,2023-09-24,Tier 3,Sight.See.Share,"React, TypeScript, PostgreSQL, Sequelize, Express, Material UI, Mapbox",9.0,Active,Developer,Unknown
2023-09-17 21:13:00,28805b55c9035173e4f663048ad72e63,V45,Yes,Completed,2023-09-24,Tier 3,Sight.See.Share,"React, TypeScript, PostgreSQL, Sequelize, Express, Material UI, Mapbox",9.0,Active,Developer,Unknown
2023-09-17 21:13:00,05e995448a6e915eec985c9677fcd893,V45,No,Dropped,,Tier 3,Sight.See.Share,"React, TypeScript, PostgreSQL, Sequelize, Express, Material UI, Mapbox",9.0,Unknown,Unknown,Unknown
2023-09-17 21:13:00,ae7fb0c3ede5ea3da56c6d65d8ac9c16,V45,Yes,Completed,2023-09-24,Tier 3,Sight.See.Share,"React, TypeScript, PostgreSQL, Sequelize, Express, Material UI, Mapbox",9.0,Active,Developer,Unknown
2023-09-17 21:13:00,0584ed3d009f8bb54d32e44009366571,V45,Yes,Completed,2023-09-24,Tier 3,Sight.See.Share,"React, TypeScript, PostgreSQL, Sequelize, Express, Material UI, Mapbox",9.0,Active,Developer,Unknown
2023-09-17 21:12:00,5c48bc26e03cb893584702041669babd,V45,Yes,Completed,2023-09-24,Tier 2,Fireball,"React, Vite, Nodejs",10.0,Active,Developer,Unknown
2023-09-17 21:12:00,f053fab94a993508aaaf4df04880af1c,V45,Yes,Completed,2023-09-24,Tier 2,Fireball,"React, Vite, Nodejs",10.0,Active,Developer,Unknown
2023-09-17 21:12:00,26beaba8eebd1c09e18c5a3eaccc2729,V45,Yes,Completed,2023-09-24,Tier 2,Fireball,"React, Vite, Nodejs",10.0,Active,Developer,Unknown
2023-09-17 21:12:00,1e1043493786f69d898fe7d84c54ebe5,V45,Yes,Completed,2023-09-24,Tier 2,Fireball,"React, Vite, Nodejs",10.0,Active,Developer,Unknown
2023-09-17 21:12:00,f0b811f23f0dd853eaa1c95bb605b6fc,V45,Yes,Completed,2023-09-24,Tier 2,Fireball,"React, Vite, Nodejs",10.0,Active,Developer,Unknown
2023-09-17 21:12:00,8ef8fbbb8bb4e00302787ed36222aae1,V45,Yes,Completed,2023-09-24,Tier 2,Fireball,"React, Vite, Nodejs",10.0,Active,Developer,Unknown
2023-09-17 20:40:00,31658fad2c5f3e42a649cd1f302bb546,V45,Yes,Completed,2023-09-24,Tier 2,Fireball,NextJS,7.0,Active,Developer,Unknown
2023-09-17 20:40:00,f463cffd9a36a7bb935d7fe7d69137fd,V45,Yes,Completed,2023-09-24,Tier 2,Fireball,NextJS,7.0,Active,Developer,Unknown
2023-09-17 20:40:00,ea2a9ef605e08671ed648a657071114e,V45,Yes,Completed,2023-09-24,Tier 2,Fireball,NextJS,7.0,Active,Developer,Unknown
2023-09-17 20:40:00,573de7d190792fa27e442671a1cb5af2,V45,No,Dropped,,Tier 2,Fireball,NextJS,7.0,Active,Developer,Unknown
2023-09-17 20:40:00,dac34b4b56024f2b2ec373c6fd00c42d,V45,Yes,Completed,2023-09-24,Tier 2,Fireball,NextJS,7.0,Active,Developer,Unknown
2023-09-17 20:35:00,be9d5140b8356896ac551d018834b9ae,V45,Yes,Completed,2023-09-24,Tier 1,Fireball,"Vanilla JS, and D3",8.0,Active,Developer,Unknown
2023-09-17 20:35:00,5b288bd2a5c29dd4a83f6f7355096700,V45,Yes,Completed,2023-09-24,Tier 1,Fireball,"Vanilla JS, and D3",8.0,Active,Developer,Subscription - Junior Professional
2023-09-17 20:35:00,d8e6d904a12f648272436d62e226efc1,V45,Yes,Completed,2023-09-24,Tier 1,Fireball,"Vanilla JS, and D3",8.0,Active,Developer,Unknown
2023-09-17 20:35:00,c119b589e3153c272405f1269e82e443,V45,No,Dropped,,Tier 1,Fireball,"Vanilla JS, and D3",8.0,Dropped,Developer,Unknown
2023-09-17 20:35:00,7ecd3eaaaf7e2ec59530885e864dd95c,V45,Yes,Completed,2023-09-24,Tier 1,Fireball,"Vanilla JS, and D3",8.0,Active,Developer,Unknown
2023-09-17 18:22:00,718d23aa8d1a12c87085e476a5c6c3d5,V45,Yes,Completed,2023-09-24,Tier 2,Fireball,"Next.js, React, Tailwind, D3",8.0,Active,Developer,Unknown
2023-09-17 18:22:00,9d1dcdda14fd3564daafce698ead7704,V45,Yes,Completed,2023-09-24,Tier 2,Fireball,"Next.js, React, Tailwind, D3",8.0,Active,Developer,Unknown
2023-09-17 18:22:00,54a663b25c4052b90395e6d7a29dc4e8,V45,Yes,Completed,2023-09-24,Tier 2,Fireball,"Next.js, React, Tailwind, D3",8.0,Active,Voyage Guide,Unknown
2023-09-17 18:22:00,ab5e0d421fedf12f1c18ddcda8d0e3b2,V45,No,Dropped,,Tier 2,Fireball,"Next.js, React, Tailwind, D3",8.0,Dropped,Ui/Ux Designer,Unknown
2023-09-17 18:22:00,2d48f2e8c3a0cbe70303ae021fd0638c,V45,Yes,Completed,2023-09-24,Tier 2,Fireball,"Next.js, React, Tailwind, D3",8.0,Active,Developer,Unknown
2023-09-17 18:22:00,fdf23bef0da8c6d05d0339b6f858062e,V45,Yes,Completed,2023-09-24,Tier 2,Fireball,"Next.js, React, Tailwind, D3",8.0,Active,Developer,Unknown
2023-09-17 16:34:00,197bd706596cd7b64757915ffa236bba,V45,Yes,Completed,2023-09-24,Tier 3,Movie Matcher,"React, Next.js,  MongoDB, NodeJs",10.0,Active,Developer,Unknown
2023-09-17 16:34:00,cc962da56156349a4759e1e2abd3afaa,V45,Yes,Completed,2023-09-24,Tier 3,Movie Matcher,"React, Next.js,  MongoDB, NodeJs",10.0,Active,Voyage Guide,Unknown
2023-09-17 16:34:00,83e58c10bbb8df4225bb38b3f52aeea5,V45,No,Dropped,,Tier 3,Movie Matcher,"React, Next.js,  MongoDB, NodeJs",10.0,Active,Developer,Unknown
2023-09-17 16:34:00,481259b22b9004c6829d8e14cf9a9e2a,V45,Yes,Completed,2023-09-24,Tier 3,Movie Matcher,"React, Next.js,  MongoDB, NodeJs",10.0,Inactive,Voyage Guide,Unknown
2023-09-17 16:34:00,e057d8374482e0b9c8cfcd3c05fff1b0,V45,No,Dropped,,Tier 3,Movie Matcher,"React, Next.js,  MongoDB, NodeJs",10.0,Dropped,Developer,Unknown
2023-09-17 16:34:00,cdb4b2dcff90c6a3d9894cdecbd54d28,V45,Yes,Completed,2023-09-24,Tier 3,Movie Matcher,"React, Next.js,  MongoDB, NodeJs",10.0,Active,Developer,Unknown
2023-09-17 15:05:00,cec5226a7107600674854477282acbaa,V45,Yes,Completed,2023-09-24,Tier 3,Friendscape,"Vite, React, Tailwind, Firebase",8.0,Active,Developer,Unknown
2023-09-17 15:05:00,72249ebadbef403446936f96718b2622,V45,No,Dropped,,Tier 3,Friendscape,"Vite, React, Tailwind, Firebase",8.0,Dropped,Developer,Unknown
2023-09-17 15:05:00,c42b772aaae1b730134f265075ff416d,V45,No,No Commits,,Tier 3,Friendscape,"Vite, React, Tailwind, Firebase",8.0,Active,Developer,Unknown
2023-09-17 15:05:00,d72bd5f6617cede3aaf2b73f1371a171,V45,Yes,Completed,2023-09-24,Tier 3,Friendscape,"Vite, React, Tailwind, Firebase",8.0,Dropped,Developer,Unknown
2023-09-17 15:05:00,22299649921c282d6a9dbbd18aa67d88,V45,No,Dropped,,Tier 3,Friendscape,"Vite, React, Tailwind, Firebase",8.0,Active,Developer,Unknown
2023-09-17 15:05:00,e93ad7eba959bae080431ee57da2595e,V45,No,No Commits,,Tier 3,Friendscape,"Vite, React, Tailwind, Firebase",8.0,Active,Developer,Unknown
2023-09-17 15:05:00,a9b1ca1a3df7725db3214cf22ea64bf4,V45,Yes,Completed,2023-09-24,Tier 3,Friendscape,"Vite, React, Tailwind, Firebase",8.0,Active,Developer,Unknown
2023-09-17 15:05:00,37b64fb77c39023710e8f90f31013adf,V45,Yes,Completed,2023-09-24,Tier 3,Friendscape,"Vite, React, Tailwind, Firebase",8.0,Dropped,Developer,Unknown
2023-09-17 14:07:00,b097430176c56ef251368b42c9989b60,V45,Yes,Completed,2023-09-24,Tier 2,No Name,React,10.0,Active,Developer,Unknown
2023-09-17 14:07:00,5bcb6236c5d12b818716398e823449b0,V45,Yes,Completed,2023-09-24,Tier 2,No Name,React,10.0,Dropped,Developer,Unknown
2023-09-17 14:07:00,a51280ca81fb79a0bb5864571aacd517,V45,Yes,Completed,2023-09-24,Tier 2,No Name,React,10.0,Active,Ui/Ux Designer,Unknown
2023-09-17 14:07:00,b1c76b76616c43f0492c2a657276c84d,V45,Yes,Completed,2023-09-24,Tier 2,No Name,React,10.0,Active,Developer,Unknown
2023-09-17 14:07:00,3087a640378c425681741372698938c7,V45,Yes,Completed,2023-09-24,Tier 2,No Name,React,10.0,Active,Voyage Guide,Unknown
2023-09-17 14:07:00,f788a6922bebfd86b1338709f8d1d78a,V45,No,Dropped,,Tier 2,No Name,React,10.0,Dropped,Developer,Unknown
2023-09-17 13:42:00,46ee3cf2c886c093a07fc2b74b401bcc,V45,Yes,Completed,2023-09-24,Tier 3,Book Finder,"Nextjs, MongoDB, Tailwindcss",10.0,Active,Developer,Unknown
2023-09-17 13:42:00,807710f766a58dd5e33fccdcd53e2004,V45,Yes,Completed,2023-09-24,Tier 3,Book Finder,"Nextjs, MongoDB, Tailwindcss",10.0,Active,Developer,Unknown
2023-09-17 13:42:00,53e105d3f8c4c41e1326efb64e4553ba,V45,Yes,Completed,2023-09-24,Tier 3,Book Finder,"Nextjs, MongoDB, Tailwindcss",10.0,Active,Developer,Unknown
2023-09-17 13:42:00,b8fa6ce2a62ba77dda38d9d10584d1be,V45,Yes,Completed,2023-09-24,Tier 3,Book Finder,"Nextjs, MongoDB, Tailwindcss",10.0,Active,Developer,Unknown
2023-09-17 13:42:00,fde42a475a1c10b040794c87e1df5fab,V45,No,Dropped,,Tier 3,Book Finder,"Nextjs, MongoDB, Tailwindcss",10.0,Active,Developer,Unknown
2023-09-17 13:42:00,c484ac1934a3c4d264cb5f4724018df2,V45,Yes,Completed,2023-09-24,Tier 3,Book Finder,"Nextjs, MongoDB, Tailwindcss",10.0,Active,Developer,Unknown
2023-09-17 13:13:00,5387991b8a99a8c31f69e5bf40aa4f1c,V45,Yes,Completed,2023-09-24,Tier 1,Fireball,"Vite, React, Tailwindcss, git & GitHub, markdown",10.0,Active,Developer,Unknown
2023-09-17 13:13:00,7443e773f9314ec4e326203df19e7869,V45,Yes,Completed,2023-09-24,Tier 1,Fireball,"Vite, React, Tailwindcss, git & GitHub, markdown",10.0,Active,Voyage Guide,Unknown
2023-09-17 13:13:00,42396e64a0bf65280593126557fc0aea,V45,Yes,Completed,2023-09-24,Tier 1,Fireball,"Vite, React, Tailwindcss, git & GitHub, markdown",10.0,Active,Developer,Unknown
2023-09-17 13:13:00,a73f67847d09213c484270877cf514d5,V45,Yes,Completed,2023-09-24,Tier 1,Fireball,"Vite, React, Tailwindcss, git & GitHub, markdown",10.0,Dropped,Developer,Unknown
2023-09-17 13:13:00,c1c5c6ee2e7a19b1fc48ea31c2278e4c,V45,No,No Contributions In Github,,Tier 1,Fireball,"Vite, React, Tailwindcss, git & GitHub, markdown",10.0,Active,Developer,Unknown
2023-09-17 13:13:00,6c16fe766202e06c806d482673fbd51b,V45,Yes,Completed,2023-09-24,Tier 1,Fireball,"Vite, React, Tailwindcss, git & GitHub, markdown",10.0,Active,Product Owner,Unknown
2023-09-17 12:34:00,f09391804b4beeed5231a3c6353463fe,V45,No,Dropped,,Tier 1,Project Fireball,"Javascript, HTML, CSS",8.0,Dropped,Developer,Unknown
2023-09-17 12:34:00,8a3289e00bc9a544d5f202d850b36ee3,V45,No,Low Commits,,Tier 1,Project Fireball,"Javascript, HTML, CSS",8.0,Active,Developer,Unknown
2023-09-17 12:34:00,011110e473b7cbd7e7d4eba123aa5d48,V45,Yes,Completed,2023-09-24,Tier 1,Project Fireball,"Javascript, HTML, CSS",8.0,Active,Voyage Guide,Unknown
2023-09-17 12:34:00,cbdfad3e6286a820f8bd6242936d3378,V45,No,Low Commits,,Tier 1,Project Fireball,"Javascript, HTML, CSS",8.0,Active,Developer,Unknown
2023-09-17 12:34:00,5bde06423cc78423c0149fddfc95afdc,V45,No,Low Commits,,Tier 1,Project Fireball,"Javascript, HTML, CSS",8.0,Active,Developer,Unknown
2023-09-17 12:34:00,72dc08d0780da5218abf885d4ba9aab6,V45,No,Low Commits,,Tier 1,Project Fireball,"Javascript, HTML, CSS",8.0,Active,Developer,Unknown
2023-09-17 06:43:00,ddfc133e786ce198f9a9cd1d236c822a,V45,Yes,Completed,2023-09-24,Tier 2,Fireball,"React /Typescript, NextJS",10.0,Active,Developer,Unknown
2023-09-17 06:43:00,5a44951557691fd7d719d2ff86e83378,V45,No,Dropped,,Tier 2,Fireball,"React /Typescript, NextJS",10.0,Dropped,Developer,Unknown
2023-09-17 06:43:00,b7e7302c5552145a272b87c24221c286,V45,Yes,Completed,2023-09-24,Tier 2,Fireball,"React /Typescript, NextJS",10.0,Active,Developer,Unknown
2023-09-17 06:43:00,31f5dddf9d3795e00d43cb29ae9c840a,V45,Yes,Completed,2023-09-24,Tier 2,Fireball,"React /Typescript, NextJS",10.0,Active,Voyage Guide,Unknown
2023-09-17 06:43:00,8938af68408281d143f638e46d143175,V45,Yes,Completed,2023-09-24,Tier 2,Fireball,"React /Typescript, NextJS",10.0,Active,Developer,Unknown
2023-09-17 06:43:00,579bb41e60241e7649f44169f996b019,V45,Yes,Completed,2023-09-24,Tier 2,Fireball,"React /Typescript, NextJS",10.0,Active,Developer,Subscription - Junior Professional
2023-09-17 06:43:00,0d26616b83f7f8a9931966c2464c74cd,V45,Yes,Completed,2023-09-24,Tier 2,Fireball,"React /Typescript, NextJS",10.0,Active,Developer,Unknown
2023-09-17 04:32:00,49c25b644909451e6d261c86aa762bb6,V45,Yes,Completed,2023-09-24,Tier 2,Meteoros Project,"HTML, SCSS, React (vite)",10.0,Active,Developer,Unknown
2023-09-17 04:32:00,856a318605f1745790a2c51591b7b370,V45,Yes,Completed,2023-09-24,Tier 2,Meteoros Project,"HTML, SCSS, React (vite)",10.0,Active,Developer,Unknown
2023-09-17 04:32:00,04429823bc429fb9017b6061aa199cea,V45,No,No Commits,,Tier 2,Meteoros Project,"HTML, SCSS, React (vite)",10.0,Dropped,Developer,Unknown
2023-09-17 04:32:00,5f43a6b7d35b320c55d4702393bdc371,V45,Yes,Completed,2023-09-24,Tier 2,Meteoros Project,"HTML, SCSS, React (vite)",10.0,Active,Developer,Unknown
2023-09-17 04:32:00,5a5f323f92e5ba47314a1dae749c72ce,V45,Yes,Completed,2023-09-24,Tier 2,Meteoros Project,"HTML, SCSS, React (vite)",10.0,Active,Developer,Unknown
2023-09-17 04:32:00,ae897f1a305a1a024c992bd3b4dc67a2,V45,Yes,Completed,2023-09-24,Tier 2,Meteoros Project,"HTML, SCSS, React (vite)",10.0,Active,Developer,Unknown
2023-09-17 02:17:00,b2d1e84693ece307aba8a9aa9071f3af,V45,Yes,Completed,2023-09-24,Tier 1,Meteorhub,React,10.0,Active,Developer,Unknown
2023-09-17 02:17:00,d79a4208e7378fcbb5722e57108188fd,V45,No,Dropped,,Tier 1,Meteorhub,React,10.0,Dropped,Developer,Unknown
2023-09-17 02:17:00,ae267a2e61e6b6e69ae5f0abbf86bdee,V45,Yes,Completed,2023-09-24,Tier 1,Meteorhub,React,10.0,Active,Developer,Unknown
2023-09-17 02:17:00,ae4de6b75154552426209070baed7cdd,V45,Yes,Completed,2023-09-24,Tier 1,Meteorhub,React,10.0,Active,Developer,Unknown
2023-09-17 02:17:00,6db9aeb194574aedb7ea8f46391f6674,V45,Yes,Completed,2023-09-24,Tier 1,Meteorhub,React,10.0,Active,Developer,Unknown
2023-09-16 21:23:00,6746c71286e088592fff7d7753d0cb0e,V45,Yes,Completed,2023-09-24,Tier 2,Fireball,"React.js, HTML, CSS, Tailwind, React testing library",8.0,Active,Developer,Unknown
2023-09-16 21:23:00,fe2fbc209c81b82f03259411bb2194ce,V45,Yes,Completed,2023-09-24,Tier 2,Fireball,"React.js, HTML, CSS, Tailwind, React testing library",8.0,Active,Developer,Unknown
2023-09-16 21:23:00,2431020ee9ef32a0b3ddd884e12f61bf,V45,Yes,Completed,2023-09-24,Tier 2,Fireball,"React.js, HTML, CSS, Tailwind, React testing library",8.0,Active,Voyage Guide,Unknown
2023-09-16 21:23:00,5795456f1e4a4792ba0225f27be83389,V45,Yes,Completed,2023-09-24,Tier 2,Fireball,"React.js, HTML, CSS, Tailwind, React testing library",8.0,Active,Developer,Unknown
2023-09-16 21:23:00,8b3bfabcbf76b252470ab19d2bbd7ed1,V45,Yes,Completed,2023-09-24,Tier 2,Fireball,"React.js, HTML, CSS, Tailwind, React testing library",8.0,Active,Developer,Unknown
2023-09-16 21:23:00,6fd929ed98f478b19a3577f29b537871,V45,No,Dropped,,Tier 2,Fireball,"React.js, HTML, CSS, Tailwind, React testing library",8.0,Dropped,Developer,Unknown
2023-09-16 21:23:00,ad6e5f2ce0a3d8d279b31de4d53a3077,V45,No,Dropped,,Tier 2,Fireball,"React.js, HTML, CSS, Tailwind, React testing library",8.0,Dropped,Developer,Unknown
2023-09-16 14:25:00,e1510c56ef9771be29330b89a25fe9e6,V45,Yes,Completed,2023-09-24,Tier 2,Fireball,"React, Vite, vanilla CSS",10.0,Active,Developer,Unknown
2023-09-16 14:25:00,c6d1845359566b77fb08be26c21d0213,V45,Yes,Completed,2023-09-24,Tier 2,Fireball,"React, Vite, vanilla CSS",10.0,Active,Voyage Guide,Unknown
2023-09-16 14:25:00,ae336e6503eb563f4f9cdb817702d80e,V45,Yes,Completed,2023-09-24,Tier 2,Fireball,"React, Vite, vanilla CSS",10.0,Active,Developer,Unknown
2023-09-16 14:25:00,33af2a80f4d34b8176f8c2198e4b1843,V45,Yes,Completed,2023-09-24,Tier 2,Fireball,"React, Vite, vanilla CSS",10.0,Active,Product Owner,Unknown
2023-09-16 14:25:00,74871dd8ebfcae3cc329b187b2681d9f,V45,Yes,Completed,2023-09-24,Tier 2,Fireball,"React, Vite, vanilla CSS",10.0,Active,Developer,Unknown
2023-09-16 14:25:00,cedb24bcc957cac6197d407cd640d14b,V45,Yes,Completed,2023-09-24,Tier 2,Fireball,"React, Vite, vanilla CSS",10.0,Active,Developer,Unknown
2023-09-16 05:50:00,5a5f323f92e5ba47314a1dae749c72ce,V46,No,No Project Submission,,Tier 2  - Intermediate Algorithms - Front-End Projects (Front-End),Nan,,,Active,Developer,Unknown
2023-09-15 14:55:00,24e310ce62dc11d2d38f1ead4ceae641,V46,No,No Project Submission,,Tier 3 - Advanced Projects - Apps Having Both Front-End And Back-End Components (Full Stack),Nan,,,Active,Developer,Unknown
2023-09-15 09:21:00,96d04aac47fe4545c75ffeb4d67a333b,V45,Yes,Completed,2023-09-24,Tier 3,Fashionvista,"Next.js, React, TypeScript, MongoDB, Prisma, Stripe, CSS Modules, NextAuth, Cloudinary, Vercel",10.0,Active,Developer,Unknown
2023-09-15 09:21:00,a0f559451c8c22aaf183149bcc7aae66,V45,No,Dropped,,Tier 3,Fashionvista,"Next.js, React, TypeScript, MongoDB, Prisma, Stripe, CSS Modules, NextAuth, Cloudinary, Vercel",10.0,Dropped,Developer,Unknown
2023-09-15 09:21:00,0bdb2c4a630ab536479af37259baa508,V45,Yes,Completed,2023-09-24,Tier 3,Fashionvista,"Next.js, React, TypeScript, MongoDB, Prisma, Stripe, CSS Modules, NextAuth, Cloudinary, Vercel",10.0,Active,Developer,Unknown
2023-09-15 09:21:00,c499d660f2690ca8b94312615f16c644,V45,No,No Commits,,Tier 3,Fashionvista,"Next.js, React, TypeScript, MongoDB, Prisma, Stripe, CSS Modules, NextAuth, Cloudinary, Vercel",10.0,Inactive,Developer,Unknown
2023-09-15 09:21:00,73d68cc721eb474914e42cdfa29e9438,V45,Yes,Completed,2023-09-24,Tier 3,Fashionvista,"Next.js, React, TypeScript, MongoDB, Prisma, Stripe, CSS Modules, NextAuth, Cloudinary, Vercel",10.0,Active,Developer,Unknown
2023-09-15 09:21:00,183631182757548dd4a8878940532b2d,V45,No,No Commits,,Tier 3,Fashionvista,"Next.js, React, TypeScript, MongoDB, Prisma, Stripe, CSS Modules, NextAuth, Cloudinary, Vercel",10.0,Active,Developer,Unknown
2023-09-15 08:38:00,d58c7401daabd113c939ab3d81211c8d,V46,Yes,Completed,2023-11-19,Tier 2  - Intermediate Algorithms - Front-End Projects (Front-End),Flavrfindr,"React, Tailwind, Vite",10.0,Active,Developer,Unknown
2023-09-14 14:32:00,26beaba8eebd1c09e18c5a3eaccc2729,V46,No,No Project Submission,,Tier 3 - Advanced Projects - Apps Having Both Front-End And Back-End Components (Full Stack),Nan,,,Active,Developer,Unknown
2023-09-14 14:32:00,44ccefb51a75aafb039b44b4ba044b07,V46,No,No Project Submission,,Tier 3 - Advanced Projects - Apps Having Both Front-End And Back-End Components (Full Stack),Nan,,,Active,Developer,Unknown
2023-09-14 14:25:00,ad5fdda9905303d25d9535e21a6f5d41,V45,Yes,Completed,2023-09-24,Tier 2,Fireball Meteorite Strikes,"React, Chartjs, Axios, tsparticles, Vite, TailwindCSS",10.0,Active,Developer,Unknown
2023-09-14 14:25:00,ad182dbd6b92746aa5471a69419b40e6,V45,Yes,Completed,2023-09-24,Tier 2,Fireball Meteorite Strikes,"React, Chartjs, Axios, tsparticles, Vite, TailwindCSS",10.0,Active,Developer,Unknown
2023-09-14 14:25:00,18c1bcd36ad7ead90e03c940d05ae4bc,V45,Yes,Completed,2023-09-24,Tier 2,Fireball Meteorite Strikes,"React, Chartjs, Axios, tsparticles, Vite, TailwindCSS",10.0,Active,Developer,Unknown
2023-09-14 14:25:00,2ab1f5d7f6ddf7522b817e50335e4c9f,V45,No,No Commits,,Tier 2,Fireball Meteorite Strikes,"React, Chartjs, Axios, tsparticles, Vite, TailwindCSS",10.0,Active,Developer,Unknown
2023-09-14 14:25:00,dffa029e0904d7681c08564dc469f9f7,V45,Yes,Completed,2023-09-24,Tier 2,Fireball Meteorite Strikes,"React, Chartjs, Axios, tsparticles, Vite, TailwindCSS",10.0,Active,Developer,Unknown
2023-09-14 13:57:00,8d99268b1f8f7364896387b33e22f274,V45,Yes,Completed,2023-09-24,Tier 1,Fireball (Meteor Shower App),"HTML, CSS, VanillaJS, Leaflet.js",10.0,Active,Product Owner,Unknown
2023-09-14 13:57:00,f7be5b2559cd02202b410c4de5a14007,V45,Yes,Completed,2023-09-24,Tier 1,Fireball (Meteor Shower App),"HTML, CSS, VanillaJS, Leaflet.js",10.0,Active,Developer,Unknown
2023-09-14 13:57:00,d209a820a2f3ba6be2a1e26011f60707,V45,Yes,Completed,2023-09-24,Tier 1,Fireball (Meteor Shower App),"HTML, CSS, VanillaJS, Leaflet.js",10.0,Active,Product Owner,Unknown
2023-09-14 13:57:00,7443e773f9314ec4e326203df19e7869,V45,Yes,Completed,2023-09-24,Tier 1,Fireball (Meteor Shower App),"HTML, CSS, VanillaJS, Leaflet.js",10.0,Active,Voyage Guide,Unknown
2023-09-14 13:57:00,0493ecd0031faddfd7be2e9b51f50c3c,V45,Yes,Completed,2023-09-24,Tier 1,Fireball (Meteor Shower App),"HTML, CSS, VanillaJS, Leaflet.js",10.0,Active,Developer,Unknown
2023-09-14 13:57:00,95d64c13cebbcb2310ce48aa97a3782a,V45,Yes,Completed,2023-09-24,Tier 1,Fireball (Meteor Shower App),"HTML, CSS, VanillaJS, Leaflet.js",10.0,Active,Developer,Unknown
2023-09-14 13:57:00,a491c5ce9b4b0e28f56c904e4bc6ffb9,V45,Yes,Completed,2023-09-24,Tier 1,Fireball (Meteor Shower App),"HTML, CSS, VanillaJS, Leaflet.js",10.0,Active,Developer,Unknown
2023-09-14 13:57:00,bb9937fb95446b051c67513d08063d64,V45,Yes,Completed,2023-09-24,Tier 1,Fireball (Meteor Shower App),"HTML, CSS, VanillaJS, Leaflet.js",10.0,Active,Developer,Unknown
2023-09-14 08:35:00,2d19012961134b15f61a6c467a5ec309,V46,No,No Project Submission,,Tier 1 - Html - Basic Javascript - Basic Algorithms (Landing Pages),Nan,,,Active,Developer,Unknown
2023-09-13 23:29:00,27c5e5b044ef01613692f8d5baa7fb0e,V46,No,Dropped,,Tier 3 - Advanced Projects - Apps Having Both Front-End And Back-End Components (Full Stack),Nan,,,Skipvoyage,Developer,Product - Voyage Certificate
2023-09-13 18:29:00,38ce13d5fdcafc7bbd6bb66d0b7d4d58,V45,Yes,Completed,2023-09-24,Tier 1,Fireball,"VanillaJS, HTML, CSS",10.0,Active,Developer,Unknown
2023-09-13 18:29:00,8c26f6108b2411c26ea8115782b8aacf,V45,Yes,Completed,2023-09-24,Tier 1,Fireball,"HTML, CSS, JavaScript",10.0,Active,Developer,Unknown
2023-09-13 18:29:00,b7c615b915465b302e1514841d5971e7,V45,Yes,Completed,2023-09-24,Tier 1,Fireball,"VanillaJS, HTML, CSS",10.0,Active,Developer,Unknown
2023-09-13 18:29:00,117041ddcadec26bda3f435ede2811d9,V45,Yes,Completed,2023-09-24,Tier 1,Fireball,"VanillaJS, HTML, CSS",10.0,Active,Ui/Ux Designer,Unknown
2023-09-13 17:01:00,ba1f84a2b71ff3f894f8b9d5cbfecab5,V45,Yes,Completed,2023-09-24,Tier 1,Fireball,,10.0,Active,Developer,Unknown
2023-09-13 04:05:00,80385db86dd7da799cd210bfbd5d8663,V45,Yes,Completed,2023-09-24,Tier 1,Fireball,"HTML, CSS, Vanilla JavaScript , ant two JS libraries Leaflet and Chart.js",10.0,Active,Developer,Product - Voyage Certificate
2023-09-13 04:05:00,e9994a230956cd7d1541a723b884a2a4,V45,Yes,Completed,2023-09-24,Tier 1,Fireball,"HTML, CSS, Vanilla JavaScript , ant two JS libraries Leaflet and Chart.js",10.0,Active,Voyage Guide,Unknown
2023-09-13 04:05:00,4ebe9d1b13cafb9e4041e6bb65b4df6a,V45,No,Dropped,,Tier 1,Fireball,"HTML, CSS, Vanilla JavaScript , ant two JS libraries Leaflet and Chart.js",10.0,Dropped,Developer,Unknown
2023-09-13 04:05:00,439e0f9a54594afa6fa2061dfd4faae2,V45,No,Dropped,,Tier 1,Fireball,"HTML, CSS, Vanilla JavaScript , ant two JS libraries Leaflet and Chart.js",10.0,Dropped,Developer,Unknown
2023-09-13 04:05:00,0253d24ef8bc837331a1d8184fc0314c,V45,Yes,Completed,2023-09-24,Tier 1,Fireball,"HTML, CSS, Vanilla JavaScript , ant two JS libraries Leaflet and Chart.js",10.0,Active,Data Scientist,Unknown
2023-09-13 04:05:00,8be27bd8c05c6075b03f1dbaab8e125a,V45,No,Dropped,,Tier 1,Fireball,"HTML, CSS, Vanilla JavaScript , ant two JS libraries Leaflet and Chart.js",10.0,Dropped,Developer,Unknown
2023-09-13 04:05:00,b3941ce7f40db267e06a713b6b1bd27b,V45,Yes,Completed,2023-09-24,Tier 1,Fireball,"HTML, CSS, Vanilla JavaScript , ant two JS libraries Leaflet and Chart.js",10.0,Active,Developer,Unknown
2023-09-13 04:05:00,305c7b57374999fb3cb9b818484e870b,V45,Yes,Completed,2023-09-24,Tier 1,Fireball,"HTML, CSS, Vanilla JavaScript , ant two JS libraries Leaflet and Chart.js",10.0,Active,Product Owner,Unknown
2023-09-11 13:43:00,1e1043493786f69d898fe7d84c54ebe5,V46,Yes,Completed,2023-11-19,Tier 2  - Intermediate Algorithms - Front-End Projects (Front-End),Flavrfindr,"React, Tailwind, Vite",10.0,Active,Developer,Unknown
2023-09-11 09:01:00,78baeaadb665666af261a696f3fc4db7,V45,Yes,Completed,2023-09-24,Tier 2,21St Century Meteorite Strikes,"Next.js, Typescript",10.0,Active,Developer,Unknown
2023-09-11 09:01:00,6b7519119efaed887c9d447de9b4e2e6,V45,No,No Commits,,Tier 2,21St Century Meteorite Strikes,"Next.js, Typescript",10.0,Dropped,Developer,Unknown
2023-09-11 09:01:00,10c44a7a76cef607de0b4fed00bee75a,V45,Yes,Completed,2023-09-24,Tier 2,21St Century Meteorite Strikes,"Next.js, Typescript",10.0,Active,Data Scientist,Unknown
2023-09-11 09:01:00,31f5dddf9d3795e00d43cb29ae9c840a,V45,Yes,Completed,2023-09-24,Tier 2,21St Century Meteorite Strikes,"Next.js, Typescript",10.0,Active,Voyage Guide,Unknown
2023-09-11 09:01:00,6755ce5ffd886aee27024f8a8329e563,V45,No,No Commits,,Tier 2,21St Century Meteorite Strikes,"Next.js, Typescript",10.0,Dropped,Developer,Unknown
2023-09-07 10:23:00,fb5e11dcbcbdb3bfaf78cb48e43a4ebe,V46,No,No Project Submission,,Tier 3 - Advanced Projects - Apps Having Both Front-End And Back-End Components (Full Stack),Nan,,,Active,Developer,Unknown
2023-09-06 10:11:00,e20f9fbe7d877a17541cadaae4336b24,V47,No,No Project Submission,,Tier 3,Nan,,,Dropped,Developer,Unknown
2023-09-05 13:47:00,0dab926909567ca69204ce08f4f1cbc9,V46,Yes,Completed,2023-11-19,Tier 2  - Intermediate Algorithms - Front-End Projects (Front-End),Flavrfindr,"React, Tailwind, Vite",10.0,Active,Ui/Ux Designer,Unknown
2023-09-04 07:53:00,9716229af63e3e2acb6701b33afa8e0e,V46,No,No Project Submission,,Tier 3 - Advanced Projects - Apps Having Both Front-End And Back-End Components (Full Stack),Nan,,,Inactive,Developer,Unknown
2023-09-03 14:06:00,3071136d69ddb85a23d1d915d0623d3f,V46,No,No Project Submission,,Tier 3 - Advanced Projects - Apps Having Both Front-End And Back-End Components (Full Stack),Nan,,,Inactive,Developer,Unknown
2023-09-02 18:39:00,441ecd28fe9e20680d3698b40d4883a4,V46,No,No Project Submission,,Tier 3 - Advanced Projects - Apps Having Both Front-End And Back-End Components (Full Stack),Nan,,,Active,Developer,Unknown
2023-09-02 08:56:00,d75f15329f6bf6a513634bf1e4f4e0c7,V46,No,No Project Submission,,Tier 3 - Advanced Projects - Apps Having Both Front-End And Back-End Components (Full Stack),Nan,,,Inactive,Developer,Unknown
2023-09-02 06:05:00,f46ca8af65ab067ec8ae0616a4ff13b3,V46,No,No Project Submission,,Tier 3 - Advanced Projects - Apps Having Both Front-End And Back-End Components (Full Stack),Nan,,,Active,Developer,Unknown
2023-09-01 12:09:00,aeaed323220e3d470375562f8f239e9d,V46,No,Dropped,,Tier 2  - Intermediate Algorithms - Front-End Projects (Front-End),Nan,,,Dropped,Developer,Unknown
2023-09-01 11:02:00,10dd7f68537940ba74a669b0f7ecd9e3,V46,No,No Project Submission,,Tier 3 - Advanced Projects - Apps Having Both Front-End And Back-End Components (Full Stack),Nan,,,Active,Developer,Unknown
2023-09-01 08:33:00,1b0c0602a133285409f834b5e613db5f,V46,No,No Project Submission,,Tier 1 - Html - Basic Javascript - Basic Algorithms (Landing Pages),Nan,,,Active,Product Owner,Unknown
2023-08-29 23:16:00,64746c9782c7bd30f88ebe0dd9f3ea73,V46,No,No Project Submission,,Tier 3 - Advanced Projects - Apps Having Both Front-End And Back-End Components (Full Stack),Nan,,,Active,Developer,Unknown
2023-08-29 16:48:00,5d18c604efc45120b9f1d780157ff037,V46,No,Dropped,,Tier 3 - Advanced Projects - Apps Having Both Front-End And Back-End Components (Full Stack),Nan,,,Dropped,Developer,Unknown
2023-08-29 05:20:00,959ec67771c1f9e0c55bf78153d1fb58,V46,No,No Project Submission,,Tier 3 - Advanced Projects - Apps Having Both Front-End And Back-End Components (Full Stack),Nan,,,Active,Developer,Unknown
2023-08-28 09:27:00,454058c8846bca709bd1d91030d18c99,V46,No,No Project Submission,,Tier 1 - Html - Basic Javascript - Basic Algorithms (Landing Pages),Nan,,,Active,Developer,Unknown
2023-08-24 02:50:00,a0224598ef26c1e547120b84ca313a67,V46,No,No Project Submission,,Tier 1 - Html - Basic Javascript - Basic Algorithms (Landing Pages),Nan,,,Active,Developer,Unknown
2023-08-22 13:06:00,81006db5c68eb646c52e888b4decf30a,V46,No,No Project Submission,,Tier 3 - Advanced Projects - Apps Having Both Front-End And Back-End Components (Full Stack),Nan,,,Active,Developer,Unknown
2023-08-22 08:01:00,a339395f7716e58786e5eff58f4ee807,V46,No,No Project Submission,,Tier 3 - Advanced Projects - Apps Having Both Front-End And Back-End Components (Full Stack),Nan,,,Active,Developer,Unknown
2023-08-21 12:29:00,ca3d9763023fb2e391f460f82d2723fe,V46,No,No Project Submission,,Tier 2  - Intermediate Algorithms - Front-End Projects (Front-End),Nan,,,Active,Developer,Unknown
2023-08-19 20:56:00,7e1993376892511aaef86a63bb855575,V46,No,Dropped,,Tier 3 - Advanced Projects - Apps Having Both Front-End And Back-End Components (Full Stack),Nan,,,Dropped,Developer,Unknown
2023-08-19 15:03:00,d9706d8b17ea2d407574373347be7085,V46,No,Dropped,,Tier 3 - Advanced Projects - Apps Having Both Front-End And Back-End Components (Full Stack),Nan,,,Dropped,Developer,Unknown
2023-08-17 09:52:00,c2cd965aba1aa7eccf122a93b1994e79,V46,No,Dropped,,Tier 3 - Advanced Projects - Apps Having Both Front-End And Back-End Components (Full Stack),Nan,,,Dropped,Data Scientist,Unknown
2023-08-14 10:01:00,872b85b8e82739220cb7460ee6df1a52,V45,No,No Project Submission,,Tier 3,Nan,,,Active,Developer,Unknown
2023-08-14 09:07:00,3f6d5f38713beb0e434c92c32498dd62,V46,No,Dropped,,Tier 3 - Advanced Projects - Apps Having Both Front-End And Back-End Components (Full Stack),Nan,,,Dropped,Developer,Unknown
2023-08-13 04:42:00,8d0676ef396f5a8af2ee200c0e1cd338,V46,No,No Project Submission,,Tier 2  - Intermediate Algorithms - Front-End Projects (Front-End),Nan,,,Active,Developer,Unknown
2023-08-11 07:21:00,ab3e033215a2dd8578af0cf7ec0548df,V45,No,No Project Submission,,Tier 2,Nan,,,Active,Developer,Unknown
2023-08-10 12:19:00,8a5f49a617c3c5508afed8a53ed98170,V46,No,Dropped,,Tier 3 - Advanced Projects - Apps Having Both Front-End And Back-End Components (Full Stack),Nan,,,Dropped,Developer,Unknown
2023-08-06 23:18:00,3071136d69ddb85a23d1d915d0623d3f,V45,No,No Project Submission,,Tier 3,Nan,,,Active,Developer,Unknown
2023-08-03 08:10:00,1aabad16d4fae361266915a275daa7f9,V45,Yes,Completed,,Tier 3,Ching-Auction,"Next.js, React, Prisma, Planetscale, MySql, TypeScript, and Tailwindcss",9.0,Active,Developer,Unknown
2023-08-02 17:09:00,8ae746ef81ae073747a0c89705730e6e,V45,No,No Project Submission,,Tier 3,Nan,,,Active,Developer,Unknown
2023-08-02 13:56:00,1d8da8614865a21300f5343f5c911ed2,V45,No,No Project Submission,,Tier 3,Nan,,,Active,Developer,Unknown
2023-08-02 11:45:00,9987e675932feffcb02bbbd9a76527b5,V45,Yes,Completed,,Tier 3,Ching-Auction,"Next.js, React, Prisma, Planetscale, MySql, TypeScript, and Tailwindcss",9.0,Active,Developer,Unknown
2023-08-02 08:37:00,81f55f1cfab5922a5f316d9d7fad48f8,V45,No,No Project Submission,,Tier 3,Nan,,,Inactive,Developer,Unknown
2023-08-02 02:43:00,4449abeee58b3934f4c71db72dd0a313,V45,No,No Project Submission,,Tier 3,Nan,,,Dropped,Developer,Unknown
2023-08-01 16:18:00,f4571dda1d1cef8bf28c096cb2819636,V45,No,No Project Submission,,Tier 3,Nan,,,Active,Developer,Unknown
2023-08-01 10:48:00,440034bc583a0475f6cd8b00c68e9c79,V45,No,No Project Submission,,Tier 3,Nan,,,Active,Developer,Unknown
2023-08-01 10:32:00,eafea402d2121a9079b9d09789f7e418,V45,No,No Project Submission,,Tier 3,Nan,,,Dropped,Developer,Unknown
2023-08-01 09:26:00,7fa99edc9e35d2fda8099d4c1d3093ba,V45,No,No Project Submission,,Tier 3,Nan,,,Active,Developer,Unknown
2023-08-01 09:24:00,b57bbac64c0253a684f24df98bcb8bfb,V45,No,No Project Submission,,Tier 3,Nan,,,Dropped,Developer,Unknown
2023-08-01 09:06:00,2ec0fe70c6d4f5ba98bb1a95f111d1d4,V45,No,No Project Submission,,Tier 3,Nan,,,Active,Developer,Unknown
2023-07-31 18:54:00,a1b24e7ff67269c2e9f2ffe0b2bce687,V45,No,No Project Submission,,Tier 3,Nan,,,Active,Developer,Unknown
2023-07-31 15:26:00,5925ce90e491f9316d58bec05819bece,V45,No,No Project Submission,,Tier 3,Nan,,,Active,Developer,Unknown
2023-07-29 03:58:00,de4fbca43573bbe1bbd2cea50eb1c53f,V45,No,No Project Submission,,Tier 3,Nan,,,Active,Developer,Unknown
2023-07-28 09:11:00,ba4d1a318e32f95e60627f29e14a9783,V47,No,No Project Submission,,Tier 3,Nan,,,Dropped,Developer,Unknown
2023-07-28 08:44:00,7f93279be4ffea2dd8d6d0765909d1a0,V45,No,No Project Submission,,Tier 2,Nan,,,Active,Developer,Unknown
2023-07-28 04:26:00,b4e4f60f80a7127ecc5b8d039b2c6d49,V45,No,No Project Submission,,Tier 3,Nan,,,Active,Developer,Unknown
2023-07-27 23:01:00,31ff07c093dab74cf203c336265e8c90,V45,No,No Project Submission,,Tier 3,Nan,,,Active,Developer,Unknown
2023-07-27 13:18:00,fdf23bef0da8c6d05d0339b6f858062e,V44,Unknown,Unknown,,Tier 2,Trello Clone,React,10.0,Unknown,Unknown,Unknown
2023-07-27 12:58:00,1e02763017591e0f8cebf4e82de8eeaf,V45,No,No Project Submission,,Tier 3,Nan,,,Active,Developer,Unknown
2023-07-24 19:52:00,da79574b61231512b96d69c606495ef9,V45,No,No Project Submission,,Tier 2,Nan,,,Active,Developer,Unknown
2023-07-24 19:46:00,3c7848993ac971683ff4b213d06df219,V45,No,No Project Submission,,Tier 3,Nan,,,Dropped,Developer,Unknown
2023-07-24 17:19:00,337ee8fa366e796946d99d7b4b7d1c55,V45,No,No Project Submission,,Tier 3,Nan,,,Dropped,Developer,Unknown
2023-07-21 15:47:00,67992d86ef229d176e4c911dd226fda6,V45,Yes,Completed,2023-09-24,Tier 1,Fireball,"Vite, React, Tailwindcss, git & GitHub, markdown",10.0,Active,Developer,Unknown
2023-07-21 11:35:00,a5795c17c3d0f8f894ec8ad602339dfe,V45,No,No Project Submission,,Tier 3,Nan,,,Active,Developer,Unknown
2023-07-20 10:05:00,c12b14af5785235e34e67d0b83675cb9,V45,No,No Project Submission,,Tier 2,Nan,,,Active,Developer,Unknown
,52137efeda8ff9eef203062ed3c6c1a6,V45,No,No Project Submission,,Tier 3,Nan,,,Active,Developer,Unknown
,0253d24ef8bc837331a1d8184fc0314c,V46,Yes,Completed,2023-11-19,Tier 3 - Advanced Projects - Apps Having Both Front-End And Back-End Components (Full Stack),Vegilicious,"React, Node.js, Express.js, MongoDB, TypeScript.",10.0,Active,Voyage Guide,Unknown
2023-07-19 01:17:00,54a663b25c4052b90395e6d7a29dc4e8,V45,No,No Project Submission,,Tier 3,Nan,,,Active,Developer,Unknown
2023-07-18 18:17:00,d4d5cfdd9f7e0a23a075255278f7ca69,V45,No,Dropped,,Tier 3,Nan,,,Dropped,Developer,Unknown
2023-07-18 14:37:00,eb9d5f77093e3572d2ebb8531c415746,V45,No,No Project Submission,,Tier 3,Nan,,,Active,Developer,Unknown
2023-07-17 09:56:00,70d9680a522418ace620954e2cb370e2,V45,No,No Project Submission,,Tier 3,Nan,,,Active,Developer,Unknown
2023-07-13 08:52:00,2b34ee5d48f77aae589f8cb61e0dd14e,V45,No,No Project Submission,,Tier 3,Nan,,,Dropped,Developer,Unknown
2023-07-11 07:57:00,24e310ce62dc11d2d38f1ead4ceae641,V45,No,No Project Submission,,Tier 3,Nan,,,Active,Developer,Unknown
2023-07-11 07:48:00,f5ed665a34e739f492a660af275ebc65,V45,No,No Project Submission,,Tier 3,Nan,,,Active,Developer,Unknown
2023-07-10 13:08:00,95c98642261a05ad7478b0ed13968d0b,V45,No,No Project Submission,,Tier 3,Nan,,,Active,Developer,Unknown
2023-07-10 04:33:00,a197d3f823761b1c2978f99443ff4231,V45,No,No Project Submission,,Tier 3,Nan,,,Active,Developer,Unknown
2023-07-06 11:23:00,990b74b4f97935bd3c49c4a296ade668,V45,No,No Contributions In Github,,Tier 3,Ching-Auction,"Next.js, React, Prisma, Planetscale, MySql, TypeScript, and Tailwindcss",9.0,Dropped,Developer,Unknown
2023-07-06 09:28:00,5e2d200bba0e7b5c21ca97f1e212297b,V44,Unknown,Unknown,,Tier 3,Bootmart,"React, node.js, TypeScript, MongoDB, clerk,",10.0,Unknown,Unknown,Unknown
2023-07-05 19:50:00,4a791fba435909d81f39eb554c8642a5,V45,No,No Project Submission,,Tier 3,Nan,,,Active,Developer,Unknown
2023-07-04 18:42:00,7e9bcb9a5d9c7a7ab2a41211c65dccec,V45,No,No Project Submission,,Tier 3,Nan,,,Active,Developer,Unknown
2023-07-03 23:19:00,eb5ba14c1611553f410caf0b07430109,V45,No,No Project Submission,,Tier 3,Nan,,,Active,Developer,Unknown
2023-07-03 11:01:00,c8e1c66d892254c3b0adead5414bc435,V45,No,No Project Submission,,Tier 3,Nan,,,Inactive,Developer,Unknown
2023-07-03 09:49:00,011110e473b7cbd7e7d4eba123aa5d48,V45,No,No Project Submission,,Tier 3,Nan,,,Active,Developer,Unknown
2023-07-03 04:24:00,34d66383a61c4622d3893b53f0102a5d,V45,No,No Project Submission,,Tier 3,Nan,,,Active,Developer,Subscription - Junior Professional
2023-07-02 20:27:00,478160f0de80d50e2a9275dff7d020ba,V45,No,No Project Submission,,Tier 3,Nan,,,Dropped,Developer,Unknown
2023-06-30 11:38:00,fa9db0263bfed8d88aa3e25a161db6cf,V45,No,No Project Submission,,Tier 3,Nan,,,Inactive,Data Scientist,Unknown
2023-06-30 10:03:00,bcc6cd0ae29e3f531c232bdbba435c6c,V45,No,No Project Submission,,Tier 3,Nan,,,Active,Developer,Unknown
2023-06-30 09:01:00,b4469e50a5c8f421e524f3ea9a9328c0,V45,No,No Project Submission,,Tier 3,Nan,,,Active,Developer,Unknown
2023-06-30 08:40:00,b6a7125813b2e11dd495e33474e8284f,V45,No,No Project Submission,,Tier 3,Nan,,,Active,Developer,Unknown
2023-06-30 07:36:00,e3c274650cbfe40d7ba7db59aa3dc500,V45,No,No Project Submission,,Tier 3,Nan,,,Active,Developer,Unknown
2023-06-29 06:50:00,f46ca8af65ab067ec8ae0616a4ff13b3,V45,No,No Project Submission,,Tier 3,Nan,,,Active,Developer,Unknown
2023-06-29 00:51:00,4a4b3ecd60488066b127087b34f480a4,V45,No,No Project Submission,,Tier 3,Nan,,,Dropped,Developer,Unknown
2023-06-26 19:49:00,13b0c3b413db3e49067f91ad2bc809af,V45,No,No Project Submission,,Tier 3,Nan,,,Active,Developer,Unknown
2023-06-26 17:14:00,a77125e45e76836fcf77b04d1437724f,V45,No,Dropped,,Tier 3,Nan,,,Dropped,Developer,Unknown
2023-06-26 07:40:00,4ab0dddf11a4b0f4a2b912d60a8470d5,V45,No,No Project Submission,,Tier 3,Nan,,,Active,Developer,Unknown
2023-06-25 04:42:00,f19c8ded71c32a8d54becaf5c95030d1,V45,No,No Project Submission,,Tier 3,Nan,,,Active,Developer,Unknown
2023-06-23 09:02:00,c8b0da77875c69db864db71361dbb256,V45,No,No Project Submission,,Tier 3,Nan,,,Inactive,Developer,Unknown
2023-06-18 22:56:00,e6c0349dd310199839bef195bf255360,V45,No,No Contributions In Github,,Tier 3,Ching-Auction,"Next.js, React, Prisma, Planetscale, MySql, TypeScript, and Tailwindcss",9.0,Dropped,Developer,Unknown
2023-06-18 19:43:00,41ceec5660bcfb2236637339a8e4240a,V44,Yes,Cert Issued,2023-06-11,Tier 1,No Name,"HTML, CSS and Vanilla JS",8.0,Active,Developer,Unknown
2023-06-18 19:43:00,b2d1e84693ece307aba8a9aa9071f3af,V44,Yes,Cert Issued,2023-06-11,Tier 1,No Name,"HTML, CSS and Vanilla JS",8.0,Active,Developer,Unknown
2023-06-18 19:43:00,1826cf6549ba0409df992ab36365e591,V44,Yes,Cert Issued,2023-06-11,Tier 1,No Name,"HTML, CSS and Vanilla JS",8.0,Active,Developer,Unknown
2023-06-18 19:43:00,36a70c52812cf3c7fa4c3e9ed397320d,V44,No,Low Participation,,Tier 1,No Name,"HTML, CSS and Vanilla JS",8.0,Active,Developer,Unknown
2023-06-18 19:43:00,3bc98fb961b99bc3cc5800f608aa5aae,V44,No,Dropped,,Tier 1,No Name,"HTML, CSS and Vanilla JS",8.0,Dropped,Ui/Ux Designer,Unknown
2023-06-18 19:43:00,856a318605f1745790a2c51591b7b370,V44,Yes,Cert Issued,2023-06-11,Tier 1,No Name,"HTML, CSS and Vanilla JS",8.0,Active,Voyage Guide,Unknown
,fae3739c5da418331c2e7e303a80b53a,V99,Yes,Completed,2024-10-13,Tier 3,Sample App,"React, Node, Express",10.0,Active,Developer,Unknown
2023-06-18 15:26:00,0253d24ef8bc837331a1d8184fc0314c,V44,Yes,Cert Issued,2023-06-11,Tier 3,What Happens,"React, Node, Express",10.0,Active,Data Scientist,Unknown
2023-06-18 15:26:00,83e58c10bbb8df4225bb38b3f52aeea5,V44,Yes,Cert Issued,2023-06-11,Tier 3,What Happens,"React, Node, Express",10.0,Active,Developer,Unknown
2023-06-18 15:26:00,4c764046a52417f9f38c9f62cf47952d,V44,Yes,Cert Issued,2023-06-11,Tier 3,What Happens,"React, Node, Express",10.0,Active,Developer,Unknown
2023-06-18 15:26:00,4987a5993c75a051712b437550879210,V44,No,Dropped,,Tier 3,What Happens,"React, Node, Express",10.0,Dropped,Developer,Unknown
2023-06-18 15:26:00,af1302c8c2d2976499a7615a5993ba18,V44,Yes,Cert Issued,2023-06-11,Tier 3,What Happens,"React, Node, Express",10.0,"Active,Active,Active","Developer,Voyage Guide,Voyage Guide",Unknown
2023-06-18 15:26:00,740c99d9756ce9920c7121cc09c3c045,V44,Yes,Cert Issued,2023-06-11,Tier 3,What Happens,"React, Node, Express",10.0,Active,Developer,Unknown
2023-06-18 15:26:00,47ba132da68e77f64872eddd0007fcd4,V44,Yes,Cert Issued,2023-06-11,Tier 3,What Happens,"React, Node, Express",10.0,Active,Ui/Ux Designer,Unknown
2023-06-17 10:43:00,39a960beac74299a3171896f2e5d2fdb,V44,Yes,Cert Issued,2023-06-11,Tier 2,Boolebots,"React, Context API, TailwindCSS, and vite",10.0,Active,Developer,Unknown
2023-06-17 10:43:00,dc92117f8bb7c75ab4ea08a4df0cd1ff,V44,Yes,Cert Issued,2023-06-11,Tier 2,Boolebots,"React, Context API, TailwindCSS, and vite",10.0,Active,Developer,Unknown
2023-06-17 10:43:00,d70c253da77e9b9a796b8e493dec4ad3,V44,Yes,Cert Issued,2023-06-11,Tier 2,Boolebots,"React, Context API, TailwindCSS, and vite",10.0,Active,Developer,Unknown
2023-06-17 10:43:00,eb4244ad5f0aa5cbd035713a6b0d7a18,V44,Yes,Cert Issued,2023-06-11,Tier 2,Boolebots,"React, Context API, TailwindCSS, and vite",10.0,Active,Voyage Guide,Unknown
2023-06-17 10:43:00,26250bfdd70c6c9767bdf3497604f672,V44,Yes,Cert Issued,2023-06-11,Tier 2,Boolebots,"React, Context API, TailwindCSS, and vite",10.0,Active,Developer,Unknown
2023-06-13 20:17:00,7695af09c0c97fec1b829375955817dd,V44,No,No Commits,,Tier 3,Petpals,"MERN, with Redux and Tailwind",5.0,Active,Developer,Unknown
2023-06-13 20:17:00,19f9515c86841676951a5920d7c2b54f,V44,No,Dropped,,Tier 3,Petpals,"MERN, with Redux and Tailwind",5.0,Dropped,Developer,Unknown
2023-06-13 20:17:00,81ae5a6b202a07452fa5e97f1833157c,V44,No,Unknown,,Tier 3,Petpals,"MERN, with Redux and Tailwind",5.0,"Active,Active","Product Owner,Product Owner",Unknown
2023-06-13 20:17:00,07395be5e8f35b1d6a16c71ed47f8ac1,V44,Yes,Cert Issued,2023-06-11,Tier 3,Petpals,"MERN, with Redux and Tailwind",5.0,Active,Developer,Unknown
2023-06-13 20:17:00,3c9d548673e8a9c13a929ee450382a1f,V44,Yes,Cert Issued,2023-06-11,Tier 3,Petpals,"MERN, with Redux and Tailwind",5.0,Active,Developer,Unknown
2023-06-13 13:08:00,94467e5690382a1a63dfa843d072924d,V44,Yes,Cert Issued,2023-06-11,Tier 3,Bookmart,"NextJS with TypeScript, TailwindCSS, Node.js, MongoDB and Express with TypeScript",10.0,Active,Developer,Unknown
2023-06-13 13:08:00,f908f521651d04955f55db09da78470c,V44,No,Dropped,,Tier 3,Bookmart,"NextJS with TypeScript, TailwindCSS, Node.js, MongoDB and Express with TypeScript",10.0,Dropped,Developer,Unknown
2023-06-13 13:08:00,9913463f73e930b1eeee2a887e33325c,V44,No,No Commits,,Tier 3,Bookmart,"NextJS with TypeScript, TailwindCSS, Node.js, MongoDB and Express with TypeScript",10.0,Active,Developer,Unknown
2023-06-13 13:08:00,7733f105fb817d18448fe68500706039,V44,Yes,Cert Issued,2023-06-11,Tier 3,Bookmart,"NextJS with TypeScript, TailwindCSS, Node.js, MongoDB and Express with TypeScript",10.0,Active,Developer,Unknown
2023-06-13 13:08:00,5e2d200bba0e7b5c21ca97f1e212297b,V44,No,No Commits,,Tier 3,Bookmart,"NextJS with TypeScript, TailwindCSS, Node.js, MongoDB and Express with TypeScript",10.0,Active,Developer,Unknown
2023-06-13 13:08:00,eb72b8e4b8216d56230a685260b8b1d0,V44,Yes,Cert Issued,2023-06-11,Tier 3,Bookmart,"NextJS with TypeScript, TailwindCSS, Node.js, MongoDB and Express with TypeScript",10.0,Active,Developer,Unknown
2023-06-13 07:29:00,0c8cc2f8038d8e59f09c4775e793e21d,V44,Yes,Cert Issued,2023-06-11,Tier 3,Artemis,"Next.js, TypeScript, Node.js, TailwindCSS, MongoDB",10.0,Active,Developer,Unknown
2023-06-13 07:29:00,eac90e30d24b2263122fd749bb4a3167,V44,Yes,Cert Issued,2023-06-11,Tier 3,Artemis,"Next.js, TypeScript, Node.js, TailwindCSS, MongoDB",10.0,Active,Developer,Unknown
2023-06-13 07:29:00,4ab0dddf11a4b0f4a2b912d60a8470d5,V44,Yes,Cert Issued,2023-06-11,Tier 3,Artemis,"Next.js, TypeScript, Node.js, TailwindCSS, MongoDB",10.0,Active,Developer,Unknown
2023-06-13 07:29:00,c2fca1d4ff43245e9d42e946c7f2a5e0,V44,Yes,Cert Issued,2023-06-11,Tier 3,Artemis,"Next.js, TypeScript, Node.js, TailwindCSS, MongoDB",10.0,Active,Developer,Unknown
2023-06-13 07:29:00,cb567cf9f2934af7969aadb52ca9b4d6,V44,No,Dropped,,Tier 3,Artemis,"Next.js, TypeScript, Node.js, TailwindCSS, MongoDB",10.0,Dropped,Developer,Unknown
2023-06-12 02:26:00,be65da83f5f993ff71ea9cdc0759b7ce,V44,Yes,Cert Issued,2023-06-11,Tier 3,Blog App,MERN Stack,9.0,Active,Developer,Unknown
2023-06-12 02:26:00,bf3bc69a6fd70be77bec20db8b47d13e,V44,No,No Commits,,Tier 3,Blog App,MERN Stack,9.0,Active,Developer,Unknown
2023-06-12 02:26:00,68d7ae4149029dc4e4ac1761dd73e023,V44,No,No Commits,,Tier 3,Blog App,MERN Stack,9.0,Active,Developer,Unknown
2023-06-12 02:26:00,f391261b46800516277e83e1e70aba77,V44,No,No Commits,,Tier 3,Blog App,MERN Stack,9.0,Active,Developer,Unknown
2023-06-12 02:26:00,fa9db0263bfed8d88aa3e25a161db6cf,V44,No,Low Commits,,Tier 3,Blog App,MERN Stack,9.0,Inactive,Data Scientist,Unknown
2023-06-12 00:48:00,0c138badbcd1c3a1bf241e1ed1345be5,V44,Yes,Cert Issued,2023-06-11,Tier 2,Boolebots,"React, TypeScript, TailwindCSS, Vite",10.0,Active,Developer,Unknown
2023-06-12 00:48:00,f80b366cb3c1e85465259f1c8e8c2642,V44,No,No Commits,,Tier 2,Boolebots,"React, TypeScript, TailwindCSS, Vite",10.0,Active,Data Scientist,Unknown
2023-06-12 00:48:00,1b800ec4d7cf661b93598c8418aa4fab,V44,No,No Commits,,Tier 2,Boolebots,"React, TypeScript, TailwindCSS, Vite",10.0,Active,Developer,Unknown
2023-06-12 00:48:00,88fb508e142c148603cf9cb5981ac55b,V44,Yes,Cert Issued,2023-06-11,Tier 2,Boolebots,"React, TypeScript, TailwindCSS, Vite",10.0,Active,Ui/Ux Designer,Unknown
2023-06-12 00:48:00,2637b52f53664df452f5043252919cb8,V44,Yes,Cert Issued,2023-06-11,Tier 2,Boolebots,"React, TypeScript, TailwindCSS, Vite",10.0,Active,Developer,Unknown
2023-06-12 00:48:00,a25f3a3427690af3855b5d1a440a7866,V44,No,No Commits,,Tier 2,Boolebots,"React, TypeScript, TailwindCSS, Vite",10.0,Dropped,Developer,Unknown
2023-06-11 23:15:00,a97f62422355550b2a77d05ddd5f76b3,V44,Yes,Cert Issued,2023-06-11,Tier 2,Boolebots,React,10.0,Active,Developer,Unknown
2023-06-11 23:15:00,439f9e3463f316b06925e10bb67e1980,V44,Yes,Cert Issued,2023-06-11,Tier 2,Boolebots,React,10.0,Active,Developer,Unknown
2023-06-11 23:15:00,2ab1f5d7f6ddf7522b817e50335e4c9f,V44,No,No Commits,,Tier 2,Boolebots,React,10.0,Active,Developer,Unknown
2023-06-11 23:15:00,0659c3f783ce0cd73f15c2b1e7697335,V44,Yes,Cert Issued,2023-06-11,Tier 2,Boolebots,React,10.0,Active,Developer,Unknown
2023-06-11 19:04:00,fb0a6eecc202900e742d96019bbb3e8d,V44,Yes,Cert Issued,2023-06-11,Tier 1,The Array Game,"HTML, CSS and JavaScript",9.0,Active,Developer,Unknown
2023-06-11 18:55:00,6609dee03cd7ea006dd14cf33dd086b0,V44,Yes,Cert Issued,2023-06-11,Tier 2,Boolebots,React,10.0,Active,Developer,Unknown
2023-06-11 18:55:00,fc5e83f2e15e9ed82a8d168553321131,V44,Yes,Cert Issued,2023-06-11,Tier 2,Boolebots,React,10.0,Active,Developer,Unknown
2023-06-11 18:55:00,23c446cdbc6b94b09c842fab63e406c6,V44,No,Low Commits,,Tier 2,Boolebots,React,10.0,Dropped,Developer,Unknown
2023-06-11 18:55:00,9d60a271538efe9e5f508c97958a884b,V44,Yes,Cert Issued,2023-06-11,Tier 2,Boolebots,React,10.0,Active,Developer,Unknown
2023-06-11 18:55:00,d15603436c2392becab2910762876630,V44,Yes,Cert Issued,2023-06-11,Tier 2,Boolebots,React,10.0,Active,Voyage Guide,Unknown
2023-06-11 18:01:00,0a6dacdf189cf34701a81d1a84725309,V44,Yes,Cert Issued,2023-06-11,Tier 3,Teamforward,MERN,8.0,Active,Developer,Unknown
2023-06-11 18:01:00,b1e1d151ad2ec9d99af33278033dd8a8,V44,Yes,Cert Issued,2023-06-11,Tier 3,Teamforward,MERN,8.0,Active,Developer,Unknown
2023-06-11 18:01:00,bd2989f2d8b83ab720193f2ebb24f986,V44,Yes,Cert Issued,2023-06-11,Tier 3,Teamforward,MERN,8.0,Active,Developer,Unknown
2023-06-11 18:01:00,3ce6bef55b5af7e28a730b25e42d4fbb,V44,Yes,Cert Issued,2023-06-11,Tier 3,Teamforward,MERN,8.0,Active,Developer,Unknown
2023-06-11 18:01:00,b7d860491051d1a0d753f8ba4576b85e,V44,Yes,Cert Issued,2023-06-11,Tier 3,Teamforward,MERN,8.0,Dropped,Developer,Unknown
2023-06-11 18:01:00,5a79edecaf6b07513e6fa5bc1bc228f9,V44,Yes,Cert Issued,2023-06-11,Tier 3,Teamforward,MERN,8.0,Active,Developer,Unknown
2023-06-11 18:01:00,74e312a7ead3c5e2a499bbad7d93a377,V44,Yes,Cert Issued,2023-06-11,Tier 3,Teamforward,MERN,8.0,Active,Product Owner,Unknown
2023-06-11 18:01:00,433a0cab93a6ba7fb0487254214d95a4,V44,Yes,Cert Issued,2023-06-11,Tier 3,Teamforward,MERN,8.0,Active,Product Owner,Unknown
2023-06-11 18:01:00,1559dafa084dc73f02be063cba2655b4,V44,Yes,Cert Issued,2023-06-11,Tier 3,Teamforward,MERN,8.0,Active,Developer,Unknown
2023-06-11 17:50:00,e897ee3d2b2e1d8b50445ef17abc79a2,V44,Yes,Cert Issued,2023-06-11,Tier 1,No,none,10.0,Active,Developer,Unknown
2023-06-11 17:50:00,5b288bd2a5c29dd4a83f6f7355096700,V44,Yes,Cert Issued,2023-06-11,Tier 1,No,none,10.0,Active,Developer,Subscription - Junior Professional
2023-06-11 17:50:00,f14e7a2232608a94b7a4dcb4c7eef275,V44,Yes,Cert Issued,2023-06-11,Tier 1,No,none,10.0,Active,Voyage Guide,Unknown
2023-06-11 17:50:00,391dd1513cea3abb54de070c3a62b043,V44,Yes,Cert Issued,2023-06-11,Tier 1,No,none,10.0,Active,Developer,Unknown
2023-06-11 17:50:00,7ecd3eaaaf7e2ec59530885e864dd95c,V44,Yes,Cert Issued,2023-06-11,Tier 1,No,none,10.0,Active,Developer,Unknown
2023-06-11 16:33:00,79ead66757c7e329e97e16728483ed5d,V44,Yes,Cert Issued,2023-06-11,Tier 3,Pet Pals,"React, node.js, MongoDb, Express JS",10.0,Active,Developer,Unknown
2023-06-11 15:15:00,0465f4627486e19bd0513f7498e4c386,V44,Yes,Cert Issued,2023-06-11,Tier 3,Thoughtflow,"Next.js (TypeScript), Express.js (JavaScript), and PostgreSQL",7.0,Active,Developer,Unknown
2023-06-11 15:15:00,48c1128a2907375c6226d6677f0defd6,V44,Yes,Cert Issued,2023-06-11,Tier 3,Thoughtflow,"Next.js (TypeScript), Express.js (JavaScript), and PostgreSQL",7.0,Active,Developer,Unknown
2023-06-11 15:15:00,95c98642261a05ad7478b0ed13968d0b,V44,Yes,Cert Issued,2023-06-11,Tier 3,Thoughtflow,"Next.js (TypeScript), Express.js (JavaScript), and PostgreSQL",7.0,Active,Developer,Unknown
2023-06-11 14:50:00,b8f92d6817018ab33d53bb8b163f36fc,V44,Yes,Cert Issued,2023-06-11,Tier 3,Milestoned,"Next.js, MongoDB, TailwindCSS, Redux, Typescript",10.0,Active,Developer,Unknown
2023-06-11 14:50:00,33e8ec164c630160c5d2fc55dbc6f19f,V44,Yes,Cert Issued,2023-06-11,Tier 3,Milestoned,"Next.js, MongoDB, TailwindCSS, Redux, Typescript",10.0,Active,Developer,Unknown
2023-06-11 14:50:00,9729cc911a55c44af3382d789fb864f4,V44,Yes,Cert Issued,2023-06-11,Tier 3,Milestoned,"Next.js, MongoDB, TailwindCSS, Redux, Typescript",10.0,Active,Developer,Unknown
2023-06-11 14:50:00,92d76aa31855282e931b28274acc5f1b,V44,No,No Commits,,Tier 3,Milestoned,"Next.js, MongoDB, TailwindCSS, Redux, Typescript",10.0,Active,Developer,Unknown
2023-06-11 14:50:00,af87fc31d01ae032c187b7386691d048,V44,Yes,Cert Issued,2023-06-11,Tier 3,Milestoned,"Next.js, MongoDB, TailwindCSS, Redux, Typescript",10.0,Active,Developer,Unknown
2023-06-11 14:50:00,51750fc4ec9b8ccc2d3463b624a03952,V44,Yes,Cert Issued,2023-06-11,Tier 3,Milestoned,"Next.js, MongoDB, TailwindCSS, Redux, Typescript",10.0,Active,Developer,Unknown
2023-06-11 13:29:00,f3ff4c0e83a9ae7a2187ddb0a1a610b6,V44,Yes,Cert Issued,2023-06-11,Tier 2,Boolebots Game,"React, ChakraUI, Sass",10.0,Active,Developer,Unknown
2023-06-11 13:29:00,e1031d42b82e148643f3eb64cec49f9d,V44,Yes,Cert Issued,2023-06-11,Tier 2,Boolebots Game,"React, ChakraUI, Sass",10.0,Active,Developer,Unknown
2023-06-11 13:29:00,011110e473b7cbd7e7d4eba123aa5d48,V44,Yes,Cert Issued,2023-06-11,Tier 2,Boolebots Game,"React, ChakraUI, Sass",10.0,Active,Developer,Unknown
2023-06-11 13:29:00,a971351e32ace67337d76ecdabf00eff,V44,Yes,Cert Issued,2023-06-11,Tier 2,Boolebots Game,"React, ChakraUI, Sass",10.0,Active,Developer,Unknown
2023-06-11 13:29:00,3db7fbfc42893cef13e0b613a76c20b5,V44,No,No Commits,,Tier 2,Boolebots Game,"React, ChakraUI, Sass",10.0,Active,Developer,Unknown
2023-06-11 13:27:00,31ff07c093dab74cf203c336265e8c90,V44,Yes,Cert Issued,2023-06-11,Tier 1,Math Matrix,"Vanilla JS, CSS3 and HTML5",10.0,Active,Developer,Unknown
2023-06-11 13:27:00,c554ad17757987098a8cc17b6e800d9f,V44,No,No Commits,,Tier 1,Math Matrix,"Vanilla JS, CSS3 and HTML5",10.0,Active,Developer,Unknown
2023-06-11 13:27:00,43479ca4a1ecfd2f2f8c85d7e75810d2,V44,Yes,Cert Issued,2023-06-11,Tier 1,Math Matrix,"Vanilla JS, CSS3 and HTML5",10.0,Active,Developer,Unknown
2023-06-11 13:27:00,d9bb91e307092136421d87dd6a1481b3,V44,Yes,Cert Issued,2023-06-11,Tier 1,Math Matrix,"Vanilla JS, CSS3 and HTML5",10.0,Active,Developer,Unknown
2023-06-11 13:27:00,d0399610a2f60386c46c6ce827269297,V44,Yes,Cert Issued,2023-06-11,Tier 1,Math Matrix,"Vanilla JS, CSS3 and HTML5",10.0,Active,Developer,Unknown
2023-06-11 13:27:00,ef00937a3b092ff87b909c0c93f3ed1a,V44,No,No Commits,,Tier 1,Math Matrix,"Vanilla JS, CSS3 and HTML5",10.0,Active,Ui/Ux Designer,Unknown
2023-06-11 11:03:00,734271763e6a53054416eba4090c9425,V44,Yes,Cert Issued,2023-06-11,Tier 3,Image Vault,"TypeScript, React/Next.js, NextAuth.js, Prisma, MongoDB, AWS S3, CSS",10.0,Active,Developer,Unknown
2023-06-11 11:03:00,54a663b25c4052b90395e6d7a29dc4e8,V44,No,No Commits,,Tier 3,Image Vault,"TypeScript, React/Next.js, NextAuth.js, Prisma, MongoDB, AWS S3, CSS",10.0,Active,Developer,Unknown
2023-06-11 11:03:00,dca76bd2fd3bb43457f0d0293733e5c9,V44,Yes,Cert Issued,2023-06-11,Tier 3,Image Vault,"TypeScript, React/Next.js, NextAuth.js, Prisma, MongoDB, AWS S3, CSS",10.0,Active,Developer,Unknown
2023-06-11 11:03:00,f988ff2dbbe1f6db22db1fe1c9c27582,V44,No,Dropped,,Tier 3,Image Vault,"TypeScript, React/Next.js, NextAuth.js, Prisma, MongoDB, AWS S3, CSS",10.0,Dropped,Developer,Unknown
2023-06-11 11:03:00,cdde3853b13f09c46546aef981a3582f,V44,Yes,Cert Issued,2023-06-11,Tier 3,Image Vault,"TypeScript, React/Next.js, NextAuth.js, Prisma, MongoDB, AWS S3, CSS",10.0,Active,Developer,Unknown
2023-06-11 11:03:00,c8e770991c0790c240c132dad46bf6cd,V44,Yes,Cert Issued,2023-06-11,Tier 3,Image Vault,"TypeScript, React/Next.js, NextAuth.js, Prisma, MongoDB, AWS S3, CSS",10.0,Active,Developer,Unknown
2023-06-11 08:24:00,32cb495cf8abf4936b9fc0e1ec0955ab,V44,Yes,Cert Issued,2023-06-11,Tier 1,No Name,"HTML, CSS and Javascript.",10.0,Active,Developer,Unknown
2023-06-11 08:24:00,1e02763017591e0f8cebf4e82de8eeaf,V44,Yes,Cert Issued,2023-06-11,Tier 1,No Name,"HTML, CSS and Javascript.",10.0,Active,Voyage Guide,Unknown
2023-06-11 08:24:00,8c75f941158d3a110aa380c11a58233c,V44,No,No Commits,,Tier 1,No Name,"HTML, CSS and Javascript.",10.0,Active,Developer,Unknown
2023-06-11 08:24:00,761e64e1f3488a19276cfa0f67abfa27,V44,Yes,Cert Issued,2023-06-11,Tier 1,No Name,"HTML, CSS and Javascript.",10.0,Active,Developer,Unknown
2023-06-11 08:24:00,0fd27b6e5e3087120da757a7dde0f9e7,V44,Yes,Cert Issued,2023-06-11,Tier 1,No Name,"HTML, CSS and Javascript.",10.0,Active,Ui/Ux Designer,Unknown
2023-06-11 08:24:00,11e6bf68780dbbf51ebe48da9a5d9ca9,V44,Yes,Cert Issued,2023-06-11,Tier 1,No Name,"HTML, CSS and Javascript.",10.0,Active,Developer,Unknown
2023-06-10 23:08:00,3e38d8b136e3379483a065be184fca27,V44,Yes,Cert Issued,2023-06-11,Tier 2,Boole Bots,React and Tailwind CSS,10.0,Active,Developer,Unknown
2023-06-10 23:08:00,808338044b574c98e7fcc2620bfada74,V44,Yes,Cert Issued,2023-06-11,Tier 2,Boole Bots,React and Tailwind CSS,10.0,Active,Voyage Guide,Unknown
2023-06-10 23:08:00,6041c29127aae07bb4c37cb1a090192f,V44,Yes,Cert Issued,2023-06-11,Tier 2,Boole Bots,React and Tailwind CSS,10.0,Active,Developer,Unknown
2023-06-10 23:08:00,06bfbccc0ead2c94e3eb7d1d0f4e119d,V44,Yes,Cert Issued,2023-06-11,Tier 2,Boole Bots,React and Tailwind CSS,10.0,Active,Developer,Unknown
2023-06-10 16:27:00,8c0c0e0055e14084e7dde663d82533c4,V44,Yes,Cert Issued,2023-06-11,Tier 2,Boolebots,"React, Typescript, Vite",7.0,Active,Developer,Unknown
2023-06-10 16:27:00,5e4d19b538dbaa835185f4a8a60dcc89,V44,Yes,Cert Issued,2023-06-11,Tier 2,Boolebots,"React, Typescript, Vite",7.0,Active,Developer,Unknown
2023-06-10 16:27:00,9a03abe6796389f89bd199e1199545b5,V44,Yes,Cert Issued,2023-06-11,Tier 2,Boolebots,"React, Typescript, Vite",7.0,Active,Developer,Unknown
2023-06-10 16:27:00,77bb454634e80dcb848f2b667706f2d7,V44,Yes,Cert Issued,2023-06-11,Tier 2,Boolebots,"React, Typescript, Vite",7.0,Active,Developer,Unknown
2023-06-10 16:27:00,09887436ba9df329cf851aa4d6dca6d7,V44,Yes,Cert Issued,2023-06-11,Tier 2,Boolebots,"React, Typescript, Vite",7.0,Dropped,Developer,Unknown
2023-06-10 12:22:00,13b0c3b413db3e49067f91ad2bc809af,V44,Yes,Cert Issued,2023-06-11,Tier 3,Developme,"React, Tailwind CSS, Express, Sequelize, PostgreSQL",9.0,Active,Developer,Unknown
2023-06-10 12:22:00,f85eed062fd7cff1ee39242fa0d6d093,V44,No,No Commits,,Tier 3,Developme,"React, Tailwind CSS, Express, Sequelize, PostgreSQL",9.0,Inactive,Developer,Unknown
2023-06-10 12:22:00,6ca816b16aec0c9a21a89a6d74a4f57e,V44,No,No Commits,,Tier 3,Developme,"React, Tailwind CSS, Express, Sequelize, PostgreSQL",9.0,Inactive,Developer,Unknown
2023-06-10 12:22:00,9038eab507e8c4f03a9821ad39608d04,V44,No,No Commits,,Tier 3,Developme,"React, Tailwind CSS, Express, Sequelize, PostgreSQL",9.0,Inactive,Developer,Unknown
2023-06-10 12:22:00,c42b772aaae1b730134f265075ff416d,V44,Yes,Cert Issued,2023-06-11,Tier 3,Developme,"React, Tailwind CSS, Express, Sequelize, PostgreSQL",9.0,Active,Developer,Unknown
2023-06-10 12:22:00,52137efeda8ff9eef203062ed3c6c1a6,V44,Yes,Cert Issued,2023-06-11,Tier 3,Developme,"React, Tailwind CSS, Express, Sequelize, PostgreSQL",9.0,Active,Developer,Unknown
2023-06-09 02:26:00,0b82d119fdf4d29ef6e2f2136c5a6aca,V44,Yes,Cert Issued,2023-06-11,Tier 2,Boole Bots Game,"React, Typescript, Redux, SCSS",10.0,Active,Developer,Unknown
2023-06-09 02:26:00,b7e7302c5552145a272b87c24221c286,V44,Yes,Cert Issued,2023-06-11,Tier 2,Boole Bots Game,"React, Typescript, Redux, SCSS",10.0,Active,Developer,Unknown
2023-06-09 02:26:00,9be441d7c5244d1da638117487cb8944,V44,Yes,Cert Issued,2023-06-11,Tier 2,Boole Bots Game,"React, Typescript, Redux, SCSS",10.0,Active,Developer,Unknown
2023-06-09 02:26:00,8a2ac09439fa0cac5068b5e696b880ae,V44,No,No Commits,,Tier 2,Boole Bots Game,"React, Typescript, Redux, SCSS",10.0,Active,Developer,Unknown
2023-06-09 02:26:00,2716ab15337d8e8f613012ff92905584,V44,Yes,Cert Issued,2023-06-11,Tier 2,Boole Bots Game,"React, Typescript, Redux, SCSS",10.0,Active,Developer,Unknown
2023-06-08 09:11:00,58c63edfcc2cd2779dfc3439822c3775,V44,Yes,Cert Issued,2023-06-11,Tier 1,The Array Game,"JavaScript, JQuery",10.0,Active,Developer,Unknown
2023-06-08 09:11:00,62d5e7706322b3f4fe12c023d7d638d9,V44,Yes,Cert Issued,2023-06-11,Tier 1,The Array Game,"JavaScript, JQuery",10.0,Active,Developer,Unknown
2023-06-08 09:11:00,a534d012a303b4b06f62d663721793cf,V44,Yes,Cert Issued,2023-06-11,Tier 1,The Array Game,"JavaScript, JQuery",10.0,Active,Voyage Guide,Unknown
2023-06-08 09:11:00,3046855f81d07dc54466a3fbed8d25c6,V44,No,No Commits,,Tier 1,The Array Game,"JavaScript, JQuery",10.0,Inactive,Developer,Unknown
2023-06-08 09:11:00,a8ed1fab85e53badcfaa283cd3535efe,V44,Yes,Cert Issued,2023-06-11,Tier 1,The Array Game,"JavaScript, JQuery",10.0,Active,Developer,Unknown
2023-05-21 19:28:00,aa7e106396112704b84e4965f2ca67d3,V44,No,No Project Submission,,Tier 3,Nan,,,Dropped,Developer,Unknown
2023-05-21 19:28:00,aa7e106396112704b84e4965f2ca67d3,V45,No,No Project Submission,,Tier 3,Nan,,,Dropped,Developer,Unknown
2023-05-17 08:37:00,46ee3cf2c886c093a07fc2b74b401bcc,V44,Yes,Cert Issued Via Email (Left Chingu Server),2023-06-11,Tier 3,Quizipy,"Next.js, Prisma, Supabase, TypeScript, Tailwind CSS",10.0,Active,Developer,Unknown
2023-05-16 12:38:00,5ff6bd43d0e114def0ebd738cb5ba1a7,V44,No,No Github Commits,,Tier 3,Quizipy,"Next.js, Prisma, Supabase, TypeScript, Tailwind CSS",10.0,Active,Developer,Unknown
2023-05-15 11:30:00,3a3a17b2f3c9be94db727a59565fb6b2,V45,No,No Project Submission,,Tier 3,Nan,,,Dropped,Developer,Unknown
2023-05-13 23:28:00,bf99e70edc6cfb92636f69eb9558c45c,V45,No,No Project Submission,,Tier 3,Nan,,,Dropped,Data Scientist,Unknown
2023-05-11 09:04:00,34f67ee02349a1f2d20a4beab72e11ee,V46,No,No Project Submission,,Tier 3 - Advanced Projects - Apps Having Both Front-End And Back-End Components (Full Stack),Nan,,,Active,Developer,Unknown
2023-05-11 03:49:00,6548766bbe4aa987d79ad8e72bae3934,V45,No,No Project Submission,,Tier 3,Nan,,,Dropped,Developer,Unknown
2023-05-05 19:29:00,88a28c380bb19a53a648c0dcf2d74bbc,V45,No,No Project Submission,,Tier 3,Nan,,,Active,Developer,Unknown
2023-05-05 10:28:00,c28f413c87dc697c13fa5ba0c48baaec,V44,No,No Project Submission,,Tier 2,Nan,,,Dropped,Developer,Unknown
2023-05-03 09:36:00,45995c9531f1eb6c8facf684318216d1,V44,No,No Project Submission,,Tier 2,Nan,,,Inactive,Product Owner,Unknown
2023-05-03 09:29:00,bd63c7d776b7f99a327795cf7689f1e6,V44,No,No Project Submission,,Tier 2,Nan,,,Active,Developer,Unknown
2023-05-01 19:36:00,7fc270cd216d17d66fa76da990576353,V44,No,No Project Submission,,Tier 3,Nan,,,Active,Developer,Unknown
2023-05-01 18:31:00,6064ba2bbbf6a6b4af0ee379eefef633,V44,No,No Project Submission,,Tier 3,Nan,,,Active,Developer,Unknown
2023-05-01 04:46:00,33c1d7e3dcd9013aba02b7289f91e243,V44,Yes,Cert Issued Via Email (Left Chingu Server),2023-06-11,Tier 3,Quizipy,"Next.js, Prisma, Supabase, TypeScript, Tailwind CSS",10.0,Active,Developer,Unknown
2023-04-29 07:20:00,2431020ee9ef32a0b3ddd884e12f61bf,V44,No,No Project Submission,,Tier 1,Nan,,,Active,Developer,Unknown
2023-04-29 07:20:00,3087a640378c425681741372698938c7,V44,No,No Project Submission,,Tier 2,Nan,,,Active,Developer,Unknown
2023-04-29 07:20:00,31f5dddf9d3795e00d43cb29ae9c840a,V44,No,No Project Submission,,Tier 2,Nan,,,Active,Developer,Unknown
2023-04-29 07:20:00,3dd95d0a8aa61406511333929604a09e,V44,No,No Project Submission,,Tier 2,Nan,,,Active,Developer,Unknown
2023-04-29 07:20:00,54cf92f0183a8e980840fba59aa65e79,V44,No,No Project Submission,,Tier 2,Nan,,,Inactive,Developer,Unknown
2023-04-29 07:20:00,b6a7125813b2e11dd495e33474e8284f,V44,No,No Project Submission,,Tier 2,Nan,,,Active,Developer,Unknown
2023-04-28 18:10:00,dda22a2bf62b9fca7273b4c53b24c172,V44,Yes,Cert Issued,2023-06-11,Tier 3,Roundtrip,"TypeScript, PostgreSQL, Sequelize, NodeJS, React, Redux, Express, Material-UI, Vite",2.0,Active,Developer,Unknown
2023-04-28 12:42:00,98e47e24bbf1cda4ab0dfc97bb540bda,V44,Yes,Cert Issued,2023-06-11,Tier 3,Roundtrip,"TypeScript, PostgreSQL, Sequelize, NodeJS, React, Redux, Express, Material-UI, Vite",2.0,Active,Developer,Unknown
2023-04-28 10:00:00,aac851e404236f7f6912154f8693cbec,V44,No,No Project Submission,,Tier 3,Nan,,,Dropped,Developer,Unknown
2023-04-28 09:05:00,bb9116aa9ebef3c0c0ae1ef3598fb4e7,V44,No,No Project Submission,,Tier 2,Nan,,,Active,Developer,Unknown
2023-04-28 00:31:00,4436f4a5e27520894ca212ebc996e06f,V44,No,No Project Submission,,Tier 2,Nan,,,Inactive,Developer,Unknown
2023-04-28 00:02:00,c554ad17757987098a8cc17b6e800d9f,V43,Yes,Dm'Ed Cert,2023-04-23,Tier 3,Chatgpt-Clone,"React, Nextjs, firebase",9.0,Active,Developer,Unknown
2023-04-28 00:02:00,a928465472aef39f7c63a40eef8beadf,V43,No,No Commits,,Tier 3,Chatgpt-Clone,"React, Nextjs, firebase",9.0,Active,Developer,Unknown
2023-04-28 00:02:00,f170aa57ac384434c6067624c7d15df6,V43,No,Dropped,,Tier 3,Chatgpt-Clone,"React, Nextjs, firebase",9.0,Dropped,Developer,Unknown
2023-04-28 00:02:00,ffd20758324696d1227e433da2136bed,V43,Yes,Dm'Ed Cert,2023-04-23,Tier 3,Chatgpt-Clone,"React, Nextjs, firebase",9.0,Active,Developer,Unknown
2023-04-28 00:02:00,08c7a9e33558f5d7bdb22af42fed18a4,V43,No,No Commits,,Tier 3,Chatgpt-Clone,"React, Nextjs, firebase",9.0,Active,Developer,Unknown
2023-04-28 00:02:00,aee016d52b6b36df687bcfcf3363d35c,V43,No,No Commits,,Tier 3,Chatgpt-Clone,"React, Nextjs, firebase",9.0,Active,Developer,Unknown
2023-04-27 11:54:00,ae336e6503eb563f4f9cdb817702d80e,V44,No,No Project Submission,,Tier 2,Nan,,,Active,Developer,Unknown
2023-04-25 18:51:00,78cde9a464b359496458357ade93b475,V44,No,No Project Submission,,Tier 1,Nan,,,Active,Developer,Unknown
2023-04-25 18:41:00,3c46a8d6dc444439ef9ada59cd3330ea,V45,No,No Project Submission,,Tier 3,Nan,,,Active,Developer,Unknown
2023-04-25 07:40:00,c554ad17757987098a8cc17b6e800d9f,V44,No,No Project Submission,,Tier 2,Nan,,,Active,Developer,Unknown
2023-04-24 18:39:00,cc8c4ed1f3e685dad36b43c3b2a49260,V43,No,Unknown,,Tier 2,Chatroom,"React, Nodejs, Express, Webpack, Tailwind",10.0,Active,Developer,Unknown
2023-04-24 18:39:00,cc6ec4f5c71fdc7b5f9bdeaa331d66ae,V43,No,Unknown,,Tier 2,Chatroom,"React, Nodejs, Express, Webpack, Tailwind",10.0,Dropped,Developer,Unknown
2023-04-24 18:39:00,c463dcd02b2dd9712f3d305ef709a8ac,V43,Yes,Dm'Ed Cert,2023-04-23,Tier 2,Chatroom,"React, Nodejs, Express, Webpack, Tailwind",10.0,Active,Developer,Unknown
2023-04-24 18:39:00,b96bee3f597077c2a131c55d682c72b1,V43,Yes,Dm'Ed Cert,2023-04-23,Tier 2,Chatroom,"React, Nodejs, Express, Webpack, Tailwind",10.0,Active,Developer,Unknown
2023-04-24 18:39:00,fb83e5cff9c6b2a5481f6e133209ffee,V43,No,Unknown,,Tier 2,Chatroom,"React, Nodejs, Express, Webpack, Tailwind",10.0,Active,Developer,Unknown
2023-04-24 18:39:00,33e8ec164c630160c5d2fc55dbc6f19f,V43,Yes,Dm'Ed Cert,2023-04-23,Tier 2,Chatroom,"React, Nodejs, Express, Webpack, Tailwind",10.0,Active,Developer,Unknown
2023-04-24 14:13:00,1965cd5f722b6d7edb75203621e539f6,V44,No,No Project Submission,,Tier 2,Nan,,,Active,Developer,Unknown
2023-04-24 13:57:00,4db3d4129e9304f51d8e3684bd0231bd,V44,No,No Project Submission,,Tier 2,Nan,,,Active,Developer,Unknown
2023-04-24 12:59:00,17ab3caa550998da89e3900f889c3a79,V44,No,No Project Submission,,Tier 2,Nan,,,Active,Developer,Unknown
2023-04-24 11:00:00,4c44e1350fa0f0d0281d452290f1319b,V44,No,No Project Submission,,Tier 2,Nan,,,Dropped,Developer,Unknown
2023-04-23 19:09:00,a1b24e7ff67269c2e9f2ffe0b2bce687,V44,No,No Project Submission,,Tier 3,Nan,,,Active,Developer,Unknown
2023-04-23 16:55:00,ed0ae40b44579b9fc6c1c4f6ba87655b,V44,No,No Project Submission,,Tier 2,Nan,,,Active,Developer,Unknown
2023-04-23 14:14:00,3b4c9eafb127cb7f8394ce62371550dd,V44,No,No Project Submission,,Tier 2,Nan,,,Active,Developer,Unknown
2023-04-23 07:52:00,f999a5ccd30bb915ca3db15c4790daff,V44,No,No Project Submission,,Tier 3,Nan,,,Inactive,Developer,Unknown
2023-04-23 07:21:00,292709b9b87caae23cd4d363daa1b495,V43,Yes,Dm'Ed Cert,2023-04-23,Tier 2,Otaku'S World,"React, Tailwind",9.0,Active,Developer,Unknown
2023-04-23 07:21:00,a5795c17c3d0f8f894ec8ad602339dfe,V43,Yes,Dm'Ed Cert,2023-04-23,Tier 2,Otaku'S World,"React, Tailwind",9.0,Active,Developer,Unknown
2023-04-23 07:21:00,80491911f3af57ce9d3bf29f214650c1,V43,No,No Commits,,Tier 2,Otaku'S World,"React, Tailwind",9.0,Dropped,Developer,Unknown
2023-04-23 07:21:00,b21611d68d1e6cedb7da207a581fafd4,V43,Yes,Dm'Ed Cert,2023-04-23,Tier 2,Otaku'S World,"React, Tailwind",9.0,Active,Developer,Unknown
2023-04-23 07:21:00,42fdb61d218fffe8b1975cebd58891e6,V43,Yes,Dm'Ed Cert,2023-04-23,Tier 2,Otaku'S World,"React, Tailwind",9.0,Active,Developer,Unknown
2023-04-22 11:15:00,190d83f6ae4a7da7b6605477e2dab11f,V43,No,No Commits,,Tier 3,Team Forward,MERN,10.0,Active,Developer,Unknown
2023-04-22 11:15:00,54a663b25c4052b90395e6d7a29dc4e8,V43,Yes,Dm'Ed Cert,2023-04-23,Tier 3,Team Forward,MERN,10.0,Active,Developer,Unknown
2023-04-22 11:15:00,5f970d3545d35d41206a06a84a4f8ba5,V43,Yes,Dm'Ed Cert,2023-04-23,Tier 3,Team Forward,MERN,10.0,Active,Qa Specialist,Unknown
2023-04-22 11:15:00,74e312a7ead3c5e2a499bbad7d93a377,V43,Yes,Dm'Ed Cert,2023-04-23,Tier 3,Team Forward,MERN,10.0,Active,Product Owner,Unknown
2023-04-22 11:15:00,0fc9770d02cd03726dd027fbec361706,V43,Yes,Dm'Ed Cert,2023-04-23,Tier 3,Team Forward,MERN,10.0,Active,Developer,Unknown
2023-04-22 11:15:00,b1db254edc2f775cffcbebf35030292e,V43,Yes,Dm'Ed Cert,2023-04-23,Tier 3,Team Forward,MERN,10.0,Active,Developer,Unknown
2023-04-22 11:15:00,19f9515c86841676951a5920d7c2b54f,V43,No,No Commits,,Tier 3,Team Forward,MERN,10.0,Dropped,Developer,Unknown
2023-04-22 11:15:00,433a0cab93a6ba7fb0487254214d95a4,V43,Yes,Dm'Ed Cert,2023-04-23,Tier 3,Team Forward,MERN,10.0,Active,Product Owner,Unknown
2023-04-22 11:15:00,9187efd97938d92052f522cdf7bf22fb,V43,Yes,Dm'Ed Cert,2023-04-23,Tier 3,Team Forward,MERN,10.0,Active,Developer,Unknown
2023-04-21 11:45:00,06d16f4dce5571da8a0becba3a54817e,V43,Yes,Dm'Ed Cert,2023-04-23,Tier 2,Moonager,"Reactjs, Typescript, Vite, Node.js, Sass",10.0,Active,Developer,Unknown
2023-04-21 11:45:00,b27e80e7cb28ddc5f60704be0b1257f1,V43,No,No Commits,,Tier 2,Moonager,"Reactjs, Typescript, Vite, Node.js, Sass",10.0,Dropped,Developer,Unknown
2023-04-21 11:45:00,00c11548c6502e9e75d8cb00c7d47328,V43,Yes,Dm'Ed Cert,2023-04-23,Tier 2,Moonager,"Reactjs, Typescript, Vite, Node.js, Sass",10.0,Active,Developer,Unknown
2023-04-21 11:45:00,e7ee28c84f66a40c8365c86f5332cc18,V43,Yes,Dm'Ed Cert,2023-04-23,Tier 2,Moonager,"Reactjs, Typescript, Vite, Node.js, Sass",10.0,Active,Developer,Unknown
2023-04-21 11:45:00,95072c415352b3534c847fca57dc683f,V43,No,No Commits,,Tier 2,Moonager,"Reactjs, Typescript, Vite, Node.js, Sass",10.0,Active,Developer,Unknown
2023-04-21 11:45:00,0fbbeab43fb50619de33112b43be3c48,V43,Yes,Dm'Ed Cert,2023-04-23,Tier 2,Moonager,"Reactjs, Typescript, Vite, Node.js, Sass",10.0,Active,Voyage Guide,Unknown
2023-04-21 11:45:00,453fe67776a811be2992fff60223aaa4,V43,Yes,Dm'Ed Cert,2023-04-23,Tier 2,Moonager,"Reactjs, Typescript, Vite, Node.js, Sass",10.0,Active,Developer,Unknown
2023-04-20 18:16:00,399ef7d943ac9e57071c1d7683fddf29,V44,No,No Project Submission,,Tier 2,Nan,,,Active,Developer,Unknown
2023-04-20 12:15:00,3681c5ad97b59df2af93cbf036fe5642,V44,No,No Project Submission,,Tier 3,Nan,,,Active,Developer,Unknown
2023-04-20 10:44:00,e64243984dd6185ed0ca7fde67b9e4cb,V44,No,No Project Submission,,Tier 2,Nan,,,Active,Developer,Unknown
2023-04-20 09:01:00,5621400ea2390519585f1b8a7e78a21f,V43,Yes,Dm'Ed Cert,2023-04-23,Tier 3,Communix Video Chat App,"React, NextJS, Firebase, WebRTC",8.0,Active,Developer,Unknown
2023-04-20 09:01:00,97eafb4a9d4d3ac4e8575c4e3cb8612c,V43,Yes,Dm'Ed Cert,2023-04-23,Tier 3,Communix Video Chat App,"React, NextJS, Firebase, WebRTC",8.0,Active,Developer,Unknown
2023-04-20 09:01:00,e7107583acb47fd7d90a0051d4d650b1,V43,Yes,Dm'Ed Cert,2023-04-23,Tier 3,Communix Video Chat App,"React, NextJS, Firebase, WebRTC",8.0,Active,Voyage Guide,Unknown
2023-04-20 09:01:00,13def92ebadc74a64270ff32a2d702e4,V43,No,No Commits,,Tier 3,Communix Video Chat App,"React, NextJS, Firebase, WebRTC",8.0,Inactive,Developer,Unknown
2023-04-20 09:01:00,bfe1269c39571c13b486ebb54e174b50,V43,No,No Commits,,Tier 3,Communix Video Chat App,"React, NextJS, Firebase, WebRTC",8.0,Active,Developer,Unknown
2023-04-20 09:01:00,67482ef8bd73344fcf40a355c52ba5b7,V43,No,No Commits,,Tier 3,Communix Video Chat App,"React, NextJS, Firebase, WebRTC",8.0,Active,Developer,Unknown
2023-04-20 09:01:00,417949186ebfd6d33d63b0fd7c0712f0,V43,Yes,Dm'Ed Cert,2023-04-23,Tier 3,Communix Video Chat App,"React, NextJS, Firebase, WebRTC",8.0,Skipvoyage,Developer,Unknown
2023-04-20 06:53:00,c207a206b432fa7cb00c64bfb0dd64ad,V44,No,No Project Submission,,Tier 2,Nan,,,Active,Developer,Unknown
2023-04-19 16:19:00,1c882bb324e140e7571111fcd5b7a60b,V44,No,No Project Submission,,Tier 2,Nan,,,Active,Developer,Unknown
2023-04-19 10:56:00,981398e4ebb97f6de83bc779d57ba9d9,V44,No,No Project Submission,,Tier 3,Nan,,,Active,Developer,Unknown
2023-04-19 09:05:00,ca4495fe69449c7c2815a0b683782608,V44,No,No Project Submission,,Tier 2,Nan,,,Active,Developer,Unknown
2023-04-19 08:39:00,c6ee6599be1296d14a22b77d0351ef62,V44,No,No Project Submission,,Tier 2,Nan,,,Inactive,Developer,Unknown
2023-04-18 18:59:00,1ca68c8db2e3a7992791738c698b1b7d,V43,No,Dropped,,Tier 3,Chingu Board,"Java Spring Boot, React, MongoDB, AWS S3",10.0,Dropped,Developer,Unknown
2023-04-18 18:59:00,6ecd4a79b56b9da5f702c2f57d586a11,V43,Yes,Dm'Ed Cert,2023-04-23,Tier 3,Chingu Board,"Java Spring Boot, React, MongoDB, AWS S3",10.0,Active,Developer,Unknown
2023-04-18 18:59:00,769a5035c14ab841fb5999d637614474,V43,Yes,Dm'Ed Cert,2023-04-23,Tier 3,Chingu Board,"Java Spring Boot, React, MongoDB, AWS S3",10.0,Active,Developer,Unknown
2023-04-18 18:59:00,a1b24e7ff67269c2e9f2ffe0b2bce687,V43,Yes,Dm'Ed Cert,2023-04-23,Tier 3,Chingu Board,"Java Spring Boot, React, MongoDB, AWS S3",10.0,Active,Developer,Unknown
2023-04-18 18:59:00,9f12bb87f5b320d30d0df97d1ad1b41f,V43,Yes,Dm'Ed Cert,2023-04-23,Tier 3,Chingu Board,"Java Spring Boot, React, MongoDB, AWS S3",10.0,Active,Developer,Subscription - Junior Professional
2023-04-17 13:39:00,f9b0b26e68a173cdbfa99d257c490b18,V43,Yes,Dm'Ed Cert,2023-04-23,Tier 3,Marvel Collector,"Next.js, Express.js, and Postgres",6.0,Active,Developer,Unknown
2023-04-17 13:39:00,5e7e3940eb86fe931df2c5e102dd1cc3,V43,Yes,Dm'Ed Cert,2023-04-23,Tier 3,Marvel Collector,"Next.js, Express.js, and Postgres",6.0,Active,Developer,Unknown
2023-04-17 13:39:00,90699cf331233fe9940a96bc4a7f25b2,V43,Yes,Dm'Ed Cert,2023-04-23,Tier 3,Marvel Collector,"Next.js, Express.js, and Postgres",6.0,Active,Developer,Unknown
2023-04-17 13:39:00,24e310ce62dc11d2d38f1ead4ceae641,V43,Yes,Dm'Ed Cert,2023-04-23,Tier 3,Marvel Collector,"Next.js, Express.js, and Postgres",6.0,Active,Developer,Unknown
2023-04-17 13:39:00,0465f4627486e19bd0513f7498e4c386,V43,Yes,Dm'Ed Cert,2023-04-23,Tier 3,Marvel Collector,"Next.js, Express.js, and Postgres",6.0,Active,Developer,Unknown
2023-04-17 12:39:00,97c7a2a9d36789270990cdb0aeae766b,V44,No,No Project Submission,,Tier 3,Nan,,,Active,Developer,Unknown
2023-04-17 10:38:00,a55d0f6bba1e6e3d5f4dc52f902d1e5b,V44,No,No Project Submission,,Tier 2,Nan,,,Active,Developer,Unknown
2023-04-17 10:13:00,62c8e332abad62d35674fabcf3336789,V44,No,No Project Submission,,Tier 2,Nan,,,Active,Developer,Unknown
2023-04-17 10:09:00,a3696dbc7f8dbfe3e52100c8dcc72650,V44,No,No Project Submission,,Tier 3,Nan,,,Active,Developer,Unknown
2023-04-17 09:42:00,380614de4665f1b16f4f5fab0dc27473,V44,No,No Project Submission,,Tier 3,Nan,,,Active,Developer,Unknown
2023-04-17 09:36:00,fab790b964668a04a064cb8a0b217f1e,V44,No,No Project Submission,,Tier 3,Nan,,,Active,Developer,Unknown
2023-04-17 08:51:00,3d36f47383dc57caa82ffe560b1cc5dd,V44,No,No Project Submission,,Tier 3,Nan,,,Active,Developer,Unknown
2023-04-17 08:35:00,304b78aae0f944f1b0b78851e3d599b2,V43,No,No Commits,,Tier 3,Dina,Frontend: HTML/CSS/Typescript/JavaScript/React/Flowbite - Tailwind CSS component library/Next.js  Backend: Firebase/Next.js,10.0,Active,Developer,Unknown
2023-04-17 08:35:00,2d96e92889f2ffd1efc15efe5b9670bb,V43,No,No Commits,,Tier 3,Dina,Frontend: HTML/CSS/Typescript/JavaScript/React/Flowbite - Tailwind CSS component library/Next.js  Backend: Firebase/Next.js,10.0,Active,Developer,Unknown
2023-04-17 08:35:00,7809a13bc179b6573cdb0a10c7c2a116,V43,Yes,Dm'Ed Cert,2023-04-23,Tier 3,Dina,Frontend: HTML/CSS/Typescript/JavaScript/React/Flowbite - Tailwind CSS component library/Next.js  Backend: Firebase/Next.js,10.0,Active,Developer,Unknown
2023-04-17 08:35:00,304e225191932153a6810ebdc3aeb70e,V43,Yes,Dm'Ed Cert,2023-04-23,Tier 3,Dina,Frontend: HTML/CSS/Typescript/JavaScript/React/Flowbite - Tailwind CSS component library/Next.js  Backend: Firebase/Next.js,10.0,Active,Developer,Unknown
2023-04-17 08:35:00,68d7ae4149029dc4e4ac1761dd73e023,V43,Yes,Dm'Ed Cert,2023-04-23,Tier 3,Dina,Frontend: HTML/CSS/Typescript/JavaScript/React/Flowbite - Tailwind CSS component library/Next.js  Backend: Firebase/Next.js,10.0,Active,Developer,Unknown
2023-04-17 08:35:00,88fb508e142c148603cf9cb5981ac55b,V43,Yes,Dm'Ed Cert,2023-04-23,Tier 3,Dina,Frontend: HTML/CSS/Typescript/JavaScript/React/Flowbite - Tailwind CSS component library/Next.js  Backend: Firebase/Next.js,10.0,Active,Voyage Guide,Unknown
2023-04-16 21:56:00,0fbbeab43fb50619de33112b43be3c48,V43,Yes,Dm'Ed Cert,2023-04-23,Tier 1,Mad Lib Game,"HTML, CSS, JavaScript",10.0,Active,Voyage Guide,Unknown
2023-04-16 21:56:00,0aed498d5866c4582eaa4f09e264754b,V43,Yes,Dm'Ed Cert,2023-04-23,Tier 1,Mad Lib Game,"HTML, CSS, JavaScript",10.0,Active,Developer,Unknown
2023-04-16 21:56:00,e6548b9f850192fc11c39c2cfd63e4b3,V43,Yes,Dm'Ed Cert,2023-04-23,Tier 1,Mad Lib Game,"HTML, CSS, JavaScript",10.0,Active,Data Scientist,Unknown
2023-04-16 21:56:00,5b288bd2a5c29dd4a83f6f7355096700,V43,Yes,Dm'Ed Cert,2023-04-23,Tier 1,Mad Lib Game,"HTML, CSS, JavaScript",10.0,Active,Developer,Subscription - Junior Professional
2023-04-16 21:56:00,b7d860491051d1a0d753f8ba4576b85e,V43,No,Dropped,,Tier 1,Mad Lib Game,"HTML, CSS, JavaScript",10.0,Dropped,Developer,Unknown
2023-04-16 21:56:00,59e7f35c8e8f4f53ddf5150fdcdaf918,V43,Yes,Dm'Ed Cert,2023-04-23,Tier 1,Mad Lib Game,"HTML, CSS, JavaScript",10.0,Active,Developer,Unknown
2023-04-16 21:56:00,6dfda0f5b98594883081641050e194f6,V43,Yes,Dm'Ed Cert,2023-04-23,Tier 1,Mad Lib Game,"HTML, CSS, JavaScript",10.0,Active,Developer,Unknown
2023-04-16 20:41:00,b73a6fb23456b2eec5bef1b359ae0cb2,V44,No,No Project Submission,,Tier 2,Nan,,,Active,Developer,Unknown
2023-04-16 19:18:00,b6d587a5fa2c0ffc26349848fefb8380,V43,No,No Commits,,Tier 1,No-Name,Reactjs / HTML / CSS,10.0,Active,Developer,Unknown
2023-04-16 19:18:00,bd7c7d3a1e5946433421b44dc8e9a3f2,V43,Yes,Dm'Ed Cert,2023-04-23,Tier 1,No-Name,Reactjs / HTML / CSS,10.0,Active,Developer,Unknown
2023-04-16 19:18:00,bc1a03050016cd69f9e31b696451bc87,V43,Yes,Dm'Ed Cert,2023-04-23,Tier 1,No-Name,Reactjs / HTML / CSS,10.0,Active,Voyage Guide,Unknown
2023-04-16 19:18:00,48271d719e60ee66d56167b2a53fa9ea,V43,Yes,Dm'Ed Cert,2023-04-23,Tier 1,No-Name,Reactjs / HTML / CSS,10.0,Active,Developer,Unknown
2023-04-16 18:00:00,d86f25e6bd58fbd7c34a0aa3f4f5e203,V43,Unknown,Unknown,,Unknown,Nan,,,Active,Developer,Unknown
2023-04-16 18:00:00,51d003ccd83b7d9e2cc87b0f5ba0212c,V43,Unknown,Unknown,,Tier 3,Nan,,,Active,Developer,Unknown
2023-04-16 18:00:00,dd6b0c9daea03d434881e24e57c52b2a,V43,Unknown,Unknown,,Unknown,Nan,,,Active,Developer,Unknown
2023-04-16 18:00:00,b303bb22ce7fe39e419a3ca5a7779841,V43,Unknown,Unknown,,Tier 2,Nan,,,Active,Developer,Unknown
2023-04-16 18:00:00,3c46a8d6dc444439ef9ada59cd3330ea,V43,Unknown,Unknown,,Tier 2,Nan,,,Active,Developer,Unknown
2023-04-16 18:00:00,bcd5baf0fcb060e4da73ef93ba35bd1e,V43,Unknown,Unknown,,Unknown,Nan,,,Active,Developer,Unknown
2023-04-16 18:00:00,6a92f91becfb2652dc71afa460d018b3,V43,Unknown,Unknown,,Tier 2,Nan,,,Inactive,Developer,Unknown
2023-04-16 18:00:00,38c058b788d6e9997e0326762f3d592d,V43,Unknown,Unknown,,Tier 3,Nan,,,Active,Developer,Unknown
2023-04-16 18:00:00,ffe837aa891b15d69fc4bbd166a65974,V43,Unknown,Unknown,,Tier 1,Nan,,,Dropped,Developer,Unknown
2023-04-16 18:00:00,c1f2f29565bab337c786200c72998bf6,V43,Unknown,Unknown,,Unknown,Nan,,,Active,Developer,Unknown
2023-04-16 18:00:00,9649ebda966a0b868142a1d238448861,V43,Unknown,Unknown,,Tier 3,Nan,,,Active,Developer,Unknown
2023-04-16 18:00:00,190d83f6ae4a7da7b6605477e2dab11f,V43,Unknown,Unknown,,Tier 3,Nan,,,Active,Developer,Unknown
2023-04-16 18:00:00,f71354fd043534be7705d7954d9aaad1,V43,Unknown,Unknown,,Tier 3,Nan,,,Inactive,Developer,Unknown
2023-04-16 18:00:00,57662806fa4a57f7224707f76e36bcb1,V43,Unknown,Unknown,,Tier 2,Nan,,,Active,Developer,Unknown
2023-04-16 18:00:00,f268849c888f6d12b7db0bec8d825544,V43,Unknown,Unknown,,Tier 2,Nan,,,Active,Developer,Unknown
2023-04-16 18:00:00,32c09ee7bfaa6596660b66aec212e0cf,V43,Unknown,Unknown,,Tier 3,Nan,,,Inactive,Developer,Unknown
2023-04-16 18:00:00,e5b9c12160d02b5d28b06956d9512fa8,V43,Unknown,Unknown,,Unknown,Nan,,,Active,Developer,Unknown
2023-04-16 18:00:00,4fad661ffc39d72442712e142059221f,V43,Unknown,Unknown,,Tier 3,Nan,,,Dropped,Developer,Unknown
2023-04-16 18:00:00,4c52e56d02c82038b40aebd2ef28aad5,V43,Unknown,Unknown,,Tier 1,Nan,,,Active,Developer,Unknown
2023-04-16 18:00:00,883772e621c113fcfff1b5caafd6c263,V43,No,Dropped,,Tier 3,Portfolio Voyage #43,"react, three-fiber, three-drei, threatre js, framer motion, zustand, vite, leva, r3f-perf, vite.",10.0,Dropped,Developer,Unknown
2023-04-16 18:00:00,f9d1e7c494103e9ad73723d4496334f9,V43,Unknown,Unknown,,Tier 3,Nan,,,Active,Developer,Unknown
2023-04-16 18:00:00,9fa5e2f815a6bc40153489b8c928cbb4,V43,No,Dropped,,Tier 3,Portfolio Voyage #43,"react, three-fiber, three-drei, threatre js, framer motion, zustand, vite, leva, r3f-perf, vite.",10.0,Dropped,Developer,Unknown
2023-04-16 18:00:00,000647dea057cfc00b6c3b9a19da4343,V43,Unknown,Unknown,,Unknown,Nan,,,Active,Developer,Unknown
2023-04-16 18:00:00,a5e2c4ff4fd3f712a235cfd6796bd382,V43,Unknown,Unknown,,Tier 1,Nan,,,Active,Developer,Unknown
2023-04-16 18:00:00,22e13b69ab37aaf1a1f61d2a97bdf150,V43,Unknown,Unknown,,Tier 3,Nan,,,Dropped,Developer,Unknown
2023-04-16 18:00:00,c6d1845359566b77fb08be26c21d0213,V43,Unknown,Unknown,,Tier 1,Nan,,,Active,Developer,Unknown
2023-04-16 18:00:00,80aa4fae826e91125eb2883917dae145,V43,Unknown,Unknown,,Tier 3,Nan,,,Active,Developer,Unknown
2023-04-16 18:00:00,39c396303b9a4224a7e01d6beca946ab,V43,Unknown,Unknown,,Unknown,Nan,,,Inactive,Developer,Unknown
2023-04-16 18:00:00,fb533f71caae2d62980537de998f1903,V43,Unknown,Unknown,,Tier 3,Nan,,,Dropped,Developer,Unknown
2023-04-16 18:00:00,0af9e2be4e4ae3a0d9c855d7167d70e6,V43,Yes,Dm'Ed Cert,2023-04-23,Tier 3,Portfolio Voyage #43,"react, three-fiber, three-drei, threatre js, framer motion, zustand, vite, leva, r3f-perf, vite.",10.0,Active,Developer,Unknown
2023-04-16 18:00:00,de1c4753d94ec316ea37621e9ef11045,V43,Unknown,Unknown,,Tier 3,Nan,,,Dropped,Developer,Unknown
2023-04-16 18:00:00,0ccc6aa7fed01ca1b968be6d73fd776d,V43,Unknown,Unknown,,Tier 2,Nan,,,Inactive,Developer,Unknown
2023-04-16 18:00:00,cf09a340492b2dfe141a47300128636d,V43,Unknown,Unknown,,Tier 3,Nan,,,Dropped,Developer,Unknown
2023-04-16 18:00:00,09887436ba9df329cf851aa4d6dca6d7,V43,Unknown,Unknown,,Tier 2,Nan,,,Dropped,Developer,Unknown
2023-04-16 18:00:00,88fb508e142c148603cf9cb5981ac55b,V43,Unknown,Unknown,,Tier 2,Nan,,,Active,Voyage Guide,Unknown
2023-04-16 18:00:00,f878111e3caecda33b093c12943152d0,V43,Unknown,Unknown,,Unknown,Nan,,,Skipvoyage,Developer,Unknown
2023-04-16 18:00:00,47a2be399b5a08b4365c7b758423cde1,V43,Unknown,Unknown,,Tier 2,Nan,,,Inactive,Developer,Unknown
2023-04-16 18:00:00,76ae2b43e001549f51ca79d00f5fc113,V43,Yes,Dm'Ed Cert,2023-04-23,Tier 3,Portfolio Voyage #43,"react, three-fiber, three-drei, threatre js, framer motion, zustand, vite, leva, r3f-perf, vite.",10.0,Active,Developer,Unknown
2023-04-16 18:00:00,3827b59d09ef7308241bf6a6549ac655,V43,Unknown,Unknown,,Tier 3,Nan,,,Active,Developer,Unknown
2023-04-16 18:00:00,51417f81023eef9b1012bb5f0bd5c29f,V43,Unknown,Unknown,,Tier 2,Nan,,,Inactive,Developer,Unknown
2023-04-16 18:00:00,84d6c75005d0c34716742c747a7f6cb8,V43,Yes,Dm'Ed Cert,2023-04-23,Tier 3,Portfolio Voyage #43,"react, three-fiber, three-drei, threatre js, framer motion, zustand, vite, leva, r3f-perf, vite.",10.0,Active,Developer,Unknown
2023-04-16 18:00:00,ef32a71104369d0acf63efb75aa7fef0,V43,Unknown,Unknown,,Unknown,Nan,,,Inactive,Developer,Unknown
2023-04-16 18:00:00,efcbd859902bca93ea7903b239039c2c,V43,Unknown,Unknown,,Unknown,Nan,,,Active,Developer,Unknown
2023-04-16 18:00:00,1d1637f1e9c3f9e5ac470ae19000e115,V43,Unknown,Unknown,,Unknown,Nan,,,Skipvoyage,Developer,Unknown
2023-04-16 18:00:00,a80d92af561a742a3497204b8d332d9b,V43,Unknown,Unknown,,Tier 2,Nan,,,Inactive,Developer,Unknown
2023-04-16 18:00:00,809ea50a94ca06cdd3dbeef6e66f90ce,V43,Unknown,Unknown,,Unknown,Nan,,,Active,Developer,Unknown
2023-04-16 18:00:00,3db7fbfc42893cef13e0b613a76c20b5,V43,Unknown,Unknown,,Unknown,Nan,,,Active,Developer,Unknown
2023-04-16 18:00:00,c3cca70c7edcbe3496dbff614276e210,V43,Unknown,Unknown,,Tier 1,Nan,,,Active,Developer,Unknown
2023-04-16 18:00:00,25d7c2663cee0f3ebeaee0bf55988e92,V43,Unknown,Unknown,,Tier 2,Nan,,,Active,Product Owner,Unknown
2023-04-16 18:00:00,83b4c4129c7a6f83442ccd73cb2bf2c9,V43,Unknown,Unknown,,Unknown,Nan,,,Skipvoyage,Developer,Unknown
2023-04-16 18:00:00,db5ed2d0b4d5c87049fdcb083d9c8716,V43,Unknown,Unknown,,Tier 1,Nan,,,Active,Developer,Unknown
2023-04-16 18:00:00,1e15f083b1f3f37b21922e2f5daae491,V43,Unknown,Unknown,,Unknown,Nan,,,Skipvoyage,Developer,Unknown
2023-04-16 18:00:00,883772e621c113fcfff1b5caafd6c263,V43,Unknown,Unknown,,Tier 2,Nan,,,Active,Developer,Unknown
2023-04-16 18:00:00,09df0e30da0b6805c4c3895bb173fd66,V43,Unknown,Unknown,,Tier 3,Nan,,,Dropped,Developer,Unknown
2023-04-16 18:00:00,185293025cbcb2bd9bbab64fcdd44fa7,V43,Unknown,Unknown,,Tier 1,Nan,,,Active,Developer,Unknown
2023-04-16 18:00:00,f492ba9d39b9a92626f9cc62c0bf0d87,V43,Unknown,Unknown,,Tier 2,Nan,,,Active,Developer,Unknown
2023-04-16 18:00:00,4ed32f59aef64e6137a4b9c527f96d1b,V43,Unknown,Unknown,,Tier 3,Nan,,,Active,Developer,Unknown
2023-04-16 18:00:00,f0b811f23f0dd853eaa1c95bb605b6fc,V43,Unknown,Unknown,,Tier 2,Nan,,,Active,Developer,Unknown
2023-04-16 18:00:00,34e2e82cc02f03d0a6e1ff49a903df36,V43,Unknown,Unknown,,Tier 2,Nan,,,Inactive,Developer,Unknown
2023-04-16 18:00:00,b2fb429614e32da485dc350c19351388,V43,Unknown,Unknown,,Unknown,Nan,,,Active,Developer,Unknown
2023-04-16 18:00:00,a3696dbc7f8dbfe3e52100c8dcc72650,V43,Unknown,Unknown,,Tier 3,Nan,,,Active,Developer,Unknown
2023-04-16 18:00:00,5042c63167e9adf90d7438bf155c85df,V43,Unknown,Unknown,,Tier 3,Nan,,,Dropped,Developer,Unknown
2023-04-16 18:00:00,b50f20eee6994f61bab9f38f92017b87,V43,Unknown,Unknown,,Tier 3,Nan,,,Dropped,Developer,Unknown
2023-04-16 18:00:00,3d495a2e810dc188b5194949c91f0d2a,V43,Unknown,Unknown,,Unknown,Nan,,,Active,Developer,Unknown
2023-04-16 18:00:00,c6d1845359566b77fb08be26c21d0213,V43,Unknown,Unknown,,Unknown,Nan,,,Active,Developer,Unknown
2023-04-16 18:00:00,909f22f2aea197b1082f25b1a006e6cd,V43,Yes,Dm'Ed Cert,2023-04-23,Tier 3,Portfolio Voyage #43,"react, three-fiber, three-drei, threatre js, framer motion, zustand, vite, leva, r3f-perf, vite.",10.0,Active,Developer,Unknown
2023-04-16 18:00:00,58df3f59d6da21e68f32cae10328bd11,V43,Unknown,Unknown,,Tier 3,Nan,,,Inactive,Developer,Unknown
2023-04-16 18:00:00,f9907bfea734c2e4a78e17f69ad0f9de,V43,Yes,Unknown,2023-04-23,Tier 2,Nan,,,Active,Developer,Unknown
2023-04-16 18:00:00,95263ae4081517c9b2f13456440a5bba,V43,Unknown,Unknown,,Tier 1,Nan,,,Inactive,Developer,Unknown
2023-04-16 18:00:00,4703e713025c62cdfb930a09794222aa,V43,Unknown,Unknown,,Tier 3,Nan,,,Inactive,Developer,Unknown
2023-04-16 18:00:00,9db2d435e0313fea8281779a95805698,V43,Unknown,Unknown,,Tier 1,Nan,,,Active,Developer,Unknown
2023-04-16 18:00:00,1659fbae61fe94e41a2ddbb0ad77e57d,V43,Unknown,Unknown,,Tier 3,Nan,,,Active,Developer,Unknown
2023-04-16 18:00:00,6dcad22cda8640193563857e2dee53df,V43,Unknown,Unknown,,Tier 1,Nan,,,Inactive,Developer,Unknown
2023-04-16 18:00:00,2c34ea2ff64dff28b701c654620e7e60,V43,Unknown,Unknown,,Tier 2,Nan,,,Active,Developer,Unknown
2023-04-16 18:00:00,cae610006e2607579a07a6bee5f7e7f7,V43,Unknown,Unknown,,Unknown,Nan,,,Active,Developer,Unknown
2023-04-16 18:00:00,f8485a0d24df3cac49ffc8b65e6e8bd0,V43,Unknown,Unknown,,Tier 2,Nan,,,Inactive,Developer,Unknown
2023-04-16 18:00:00,673d4863f48d9b682f85409c2615ffd2,V43,Unknown,Unknown,,Tier 2,Nan,,,Active,Developer,Unknown
2023-04-16 18:00:00,b8fa6ce2a62ba77dda38d9d10584d1be,V43,Unknown,Unknown,,Tier 3,Nan,,,Active,Developer,Unknown
2023-04-16 18:00:00,ee3eeaa3a912fbf9e2414f9fa94b0ba6,V43,Unknown,Unknown,,Tier 3,Nan,,,Active,Developer,Unknown
2023-04-16 18:00:00,4bcbd799ac5bd0b1f6b4eb7b75b56820,V43,Unknown,Unknown,,Tier 1,Nan,,,Active,Developer,Unknown
2023-04-16 18:00:00,b7e62ef721c0fbf8e21860e5a33ddaee,V43,Unknown,Unknown,,Tier 1,Nan,,,Inactive,Developer,Unknown
2023-04-16 18:00:00,31a3ade77b421f3e65bcfe990e3c61a7,V43,Unknown,Unknown,,Tier 3,Nan,,,Inactive,Developer,Unknown
2023-04-16 18:00:00,da331a079decd24e47c1fc86ee2f3c6b,V43,Unknown,Unknown,,Tier 3,Nan,,,Active,Developer,Unknown
2023-04-16 18:00:00,8fe8aad3272a9ffcfc918854930cf4b5,V43,Unknown,Unknown,,Unknown,Nan,,,Active,Developer,Unknown
2023-04-16 18:00:00,1b59c31f1229bad2cb959d0ec6f69654,V43,Unknown,Unknown,,Tier 2,Nan,,,Inactive,Developer,Unknown
2023-04-16 18:00:00,6a64e452434088b667c6c11ea5af3729,V43,Unknown,Unknown,,Tier 3,Nan,,,Active,Developer,Unknown
2023-04-16 18:00:00,90f0c9cd90b934d4178dd640ce719c54,V43,Unknown,Unknown,,Unknown,Nan,,,Active,Developer,Unknown
2023-04-16 18:00:00,43f03b3dbdd12c30861d247a8aab9c27,V43,Unknown,Unknown,,Unknown,Nan,,,Active,Ui/Ux Designer,Unknown
2023-04-16 18:00:00,fb1834a0ecee74f8ec1dbca24cf421e0,V43,Unknown,Unknown,,Tier 3,Nan,,,Active,Developer,Unknown
2023-04-16 18:00:00,fe19d085da96de32215872b82f6acc8e,V43,Unknown,Unknown,,Tier 1,Nan,,,Active,Developer,Unknown
2023-04-16 18:00:00,0af9e2be4e4ae3a0d9c855d7167d70e6,V43,Unknown,Unknown,,Tier 2,Nan,,,Active,Developer,Unknown
2023-04-16 18:00:00,6966b5471476dd1599ef06c967c68b86,V43,Unknown,Unknown,,Unknown,Nan,,,Active,Developer,Unknown
2023-04-16 18:00:00,236384169be226de8f576d5704e7b5aa,V43,Unknown,Unknown,,Unknown,Nan,,,Dropped,Developer,Unknown
2023-04-16 18:00:00,cd7b717098bd1bbb18a4c47b66926b32,V43,Unknown,Unknown,,Tier 2,Nan,,,Inactive,Developer,Unknown
2023-04-16 18:00:00,6f5a66d05b6085540f33812429ae84eb,V43,Unknown,Unknown,,Unknown,Nan,,,Active,Developer,Unknown
2023-04-16 18:00:00,b94b373202fc30e7a49d885ca1f21cf4,V43,Unknown,Unknown,,Tier 2,Nan,,,Inactive,Developer,Unknown
2023-04-16 18:00:00,6ae837efd0a1495623d449324256ab89,V43,Unknown,Unknown,,Tier 3,Nan,,,Active,Developer,Unknown
2023-04-16 18:00:00,70b9d008e4c96c35e1d04dfda8b3a6b0,V43,Unknown,Unknown,,Tier 1,Nan,,,Active,Developer,Unknown
2023-04-16 16:59:00,32cb495cf8abf4936b9fc0e1ec0955ab,V43,Yes,Dm'Ed Cert,2023-04-23,Tier 1,Mad Libs [Team 09],"Figma as a design tool, Python as a data sculpting tool, HTML5 leveraging Webpack to build SCSS and JS files following a Model View Controller structure.",10.0,Active,Developer,Unknown
2023-04-16 16:59:00,72d9a5d7d84537b1be5a27a654e03844,V43,Yes,Dm'Ed Cert,2023-04-23,Tier 1,Mad Libs [Team 09],"Figma as a design tool, Python as a data sculpting tool, HTML5 leveraging Webpack to build SCSS and JS files following a Model View Controller structure.",10.0,Active,Developer,Unknown
2023-04-16 16:59:00,abb775de10579c67eaa245b89d52f835,V43,No,Dropped,,Tier 1,Mad Libs [Team 09],"Figma as a design tool, Python as a data sculpting tool, HTML5 leveraging Webpack to build SCSS and JS files following a Model View Controller structure.",10.0,Dropped,Product Owner,Unknown
2023-04-16 16:59:00,d86f25e6bd58fbd7c34a0aa3f4f5e203,V43,Yes,Dm'Ed Cert,2023-04-23,Tier 1,Mad Libs [Team 09],"Figma as a design tool, Python as a data sculpting tool, HTML5 leveraging Webpack to build SCSS and JS files following a Model View Controller structure.",10.0,Active,Developer,Unknown
2023-04-16 16:59:00,f09391804b4beeed5231a3c6353463fe,V43,Yes,Dm'Ed Cert,2023-04-23,Tier 1,Mad Libs [Team 09],"Figma as a design tool, Python as a data sculpting tool, HTML5 leveraging Webpack to build SCSS and JS files following a Model View Controller structure.",10.0,Active,Developer,Unknown
2023-04-16 16:59:00,e7107583acb47fd7d90a0051d4d650b1,V43,Yes,Dm'Ed Cert,2023-04-23,Tier 1,Mad Libs [Team 09],"Figma as a design tool, Python as a data sculpting tool, HTML5 leveraging Webpack to build SCSS and JS files following a Model View Controller structure.",10.0,Active,Voyage Guide,Unknown
2023-04-16 16:59:00,2a63ff2ddbfb9b6565a82240e10a6d35,V43,Yes,Dm'Ed Cert,2023-04-23,Tier 1,Mad Libs [Team 09],"Figma as a design tool, Python as a data sculpting tool, HTML5 leveraging Webpack to build SCSS and JS files following a Model View Controller structure.",10.0,Active,Developer,Unknown
2023-04-16 10:33:00,b8f92d6817018ab33d53bb8b163f36fc,V43,Yes,Dm'Ed Cert,2023-04-23,Tier 3,Togetherpay,"Next.js, SQL, TailwindCSS",9.0,Active,Developer,Unknown
2023-04-16 10:33:00,e7107583acb47fd7d90a0051d4d650b1,V43,Yes,Dm'Ed Cert,2023-04-23,Tier 3,Togetherpay,"Next.js, SQL, TailwindCSS",9.0,Active,Voyage Guide,Unknown
2023-04-16 10:33:00,62c47e9d764e88dc9300acd9e9f98870,V43,No,Unknown,,Tier 3,Togetherpay,"Next.js, SQL, TailwindCSS",9.0,Active,Developer,Unknown
2023-04-16 10:33:00,caaa4b0ffbd5dce46ea93e19a732d16a,V43,No,Low Commits,,Tier 3,Togetherpay,"Next.js, SQL, TailwindCSS",9.0,Active,Developer,Unknown
2023-04-16 10:33:00,3087a640378c425681741372698938c7,V43,Yes,Dm'Ed Cert,2023-04-23,Tier 3,Togetherpay,"Next.js, SQL, TailwindCSS",9.0,Active,Developer,Unknown
2023-04-16 10:33:00,31b7a2f0ebfcb70bbab19ec3865be1bb,V43,No,Unknown,,Tier 3,Togetherpay,"Next.js, SQL, TailwindCSS",9.0,Inactive,Developer,Unknown
2023-04-16 10:20:00,eb4244ad5f0aa5cbd035713a6b0d7a18,V43,Yes,Dm'Ed Cert,2023-04-23,Tier 2,4Foodies,React,10.0,Active,Developer,Unknown
2023-04-16 10:20:00,f13c738ff52431c66c4d950d9473ce24,V43,Yes,Dm'Ed Cert,2023-04-23,Tier 2,4Foodies,React,10.0,Active,Developer,Unknown
2023-04-16 10:20:00,4713ebc410a4a66f846de17e8400f46f,V43,No,Low Participation. Notcori Assumed Po Role,,Tier 2,4Foodies,React,10.0,Active,Product Owner,Unknown
2023-04-16 10:20:00,6ff719cede105a0d3d35702c79e8f6c6,V43,Yes,Dm'Ed Cert,2023-04-23,Tier 2,4Foodies,React,10.0,Active,Developer,Unknown
2023-04-16 10:20:00,0ab331bdbcc854209c94327a985d5d6a,V43,No,No Commits,,Tier 2,4Foodies,React,10.0,Active,Developer,Unknown
2023-04-16 10:20:00,fab790b964668a04a064cb8a0b217f1e,V43,Yes,Dm'Ed Cert,2023-04-23,Tier 2,4Foodies,React,10.0,Active,Developer,Unknown
2023-04-16 10:20:00,7a7042985e27095a1571cc60094850a6,V43,No,Low Participation,,Tier 2,4Foodies,React,10.0,Active,Product Owner,Unknown
2023-04-16 10:20:00,b73a6fb23456b2eec5bef1b359ae0cb2,V43,Yes,Dm'Ed Cert,2023-04-23,Tier 2,4Foodies,React,10.0,Active,Developer,Unknown
2023-04-16 10:20:00,2b79cd52ead5ba44af9df58e1a80dae2,V43,No,Low Participation,,Tier 2,4Foodies,React,10.0,Active,Product Owner,Unknown
2023-04-16 10:20:00,12b2f9e72ed3e070135fb6319f2e5a2c,V43,Yes,Dm'Ed Cert,2023-04-23,Tier 2,4Foodies,React,10.0,Active,Developer,Unknown
2023-04-16 10:05:00,2cdb789197936c10b9fb3a58a14406ff,V43,Yes,Dm'Ed Cert,2023-04-23,Tier 3,D&D Encounter Generator,"React, Node.js, TailwindCSS, ChatGPT3.5 API",10.0,Active,Developer,Unknown
2023-04-16 10:05:00,d9f564e19ac5da30e935383fbf9e218b,V43,No,No Commits,,Tier 3,D&D Encounter Generator,"React, Node.js, TailwindCSS, ChatGPT3.5 API",10.0,Active,Developer,Unknown
2023-04-16 10:05:00,73fa86f6abd3a2fe6178fb6fa1b20f36,V43,No,No Commits,,Tier 3,D&D Encounter Generator,"React, Node.js, TailwindCSS, ChatGPT3.5 API",10.0,Active,Developer,Unknown
2023-04-16 10:05:00,3d36f47383dc57caa82ffe560b1cc5dd,V43,Yes,Dm'Ed Cert,2023-04-23,Tier 3,D&D Encounter Generator,"React, Node.js, TailwindCSS, ChatGPT3.5 API",10.0,Active,Developer,Unknown
2023-04-16 10:05:00,6041c29127aae07bb4c37cb1a090192f,V43,Yes,Dm'Ed Cert,2023-04-23,Tier 3,D&D Encounter Generator,"React, Node.js, TailwindCSS, ChatGPT3.5 API",10.0,Active,Developer,Unknown
2023-04-16 10:05:00,2f44b25813a02c2c636e242543e3733f,V43,No,No Commits,,Tier 3,D&D Encounter Generator,"React, Node.js, TailwindCSS, ChatGPT3.5 API",10.0,Active,Developer,Unknown
2023-04-16 09:13:00,d25ce1286561049f8646739efceb53fe,V43,Yes,Unable To Dm,2023-04-23,Tier 1,Libzilla,"HTML, CSS, JS, JQuery, Bootstrap",10.0,Active,Developer,Unknown
2023-04-16 09:13:00,e13c56ede2ff9c4dc3c66b77a069e942,V43,No,No Commits,,Tier 1,Libzilla,"HTML, CSS, JS, JQuery, Bootstrap",10.0,Dropped,Developer,Unknown
2023-04-16 09:13:00,4c7c6104c437290d4bd1c751472724cf,V43,No,No Commits,,Tier 1,Libzilla,"HTML, CSS, JS, JQuery, Bootstrap",10.0,Active,Developer,Unknown
2023-04-16 09:13:00,d5049216ed7af754dc0d9a17222bbd4a,V43,Yes,Dm'Ed Cert,2023-04-23,Tier 1,Libzilla,"HTML, CSS, JS, JQuery, Bootstrap",10.0,Active,Developer,Unknown
2023-04-16 09:13:00,7443e773f9314ec4e326203df19e7869,V43,Yes,Dm'Ed Cert,2023-04-23,Tier 1,Libzilla,"HTML, CSS, JS, JQuery, Bootstrap",10.0,Active,Voyage Guide,Unknown
2023-04-16 08:43:00,c2fca1d4ff43245e9d42e946c7f2a5e0,V43,Yes,Unknown,2023-04-23,Tier 3,Eventverse,"NextJS, MongoDB, TailwindCSS, RadixUI, NextAuth",8.0,Active,Developer,Unknown
2023-04-16 08:43:00,22e143d1d711801b263f5da384b8d9c0,V43,Yes,Unknown,2023-04-23,Tier 3,Eventverse,"NextJS, MongoDB, TailwindCSS, RadixUI, NextAuth",8.0,Active,Ui/Ux Designer,Unknown
2023-04-16 08:43:00,bfddf6c8980399ff28bed4604e5550eb,V43,Yes,Unknown,2023-04-23,Tier 3,Eventverse,"NextJS, MongoDB, TailwindCSS, RadixUI, NextAuth",8.0,Inactive,Developer,Unknown
2023-04-16 08:43:00,7fa99edc9e35d2fda8099d4c1d3093ba,V43,Yes,Unknown,2023-04-23,Tier 3,Eventverse,"NextJS, MongoDB, TailwindCSS, RadixUI, NextAuth",8.0,Active,Developer,Unknown
2023-04-16 08:43:00,eb4244ad5f0aa5cbd035713a6b0d7a18,V43,Yes,Dm'Ed Cert,2023-04-23,Tier 3,Eventverse,"NextJS, MongoDB, TailwindCSS, RadixUI, NextAuth",8.0,Active,Voyage Guide,Unknown
2023-04-16 08:43:00,216ae1e824662cb6736987848ddb8490,V43,No,No Commits,,Tier 3,Eventverse,"NextJS, MongoDB, TailwindCSS, RadixUI, NextAuth",8.0,Inactive,Developer,Unknown
2023-04-16 08:43:00,6db36fe034e7d50bde8616e6a17ff971,V43,No,No Commits,,Tier 3,Eventverse,"NextJS, MongoDB, TailwindCSS, RadixUI, NextAuth",8.0,Active,Developer,Unknown
2023-04-16 08:21:00,46d7247b2c3894a3e87c482bf7f74ff5,V44,No,No Project Submission,,Tier 3,Nan,,,Dropped,Developer,Unknown
2023-04-16 07:10:00,f9b0b26e68a173cdbfa99d257c490b18,V44,No,No Github Commits,,Tier 3,Quizipy,"Next.js, Prisma, Supabase, TypeScript, Tailwind CSS",10.0,Active,Developer,Unknown
2023-04-16 04:28:00,7443e773f9314ec4e326203df19e7869,V43,Yes,Dm'Ed Cert,2023-04-23,Tier 2,Odyssey,"React, Tailwind CSS",10.0,Active,Product Owner,Unknown
2023-04-16 04:28:00,94467e5690382a1a63dfa843d072924d,V43,Yes,Dm'Ed Cert,2023-04-23,Tier 2,Odyssey,"React, Tailwind CSS",10.0,Active,Developer,Unknown
2023-04-16 04:28:00,4fb86bc88285d167209853edbafbcb11,V43,Yes,Dm'Ed Cert,2023-04-23,Tier 2,Odyssey,"React, Tailwind CSS",10.0,Active,Product Owner,Unknown
2023-04-16 04:28:00,cd17c929c06bd2dbc7cc68a716ce2e92,V43,Yes,Dm'Ed Cert,2023-04-23,Tier 2,Odyssey,"React, Tailwind CSS",10.0,Active,Developer,Unknown
2023-04-16 04:28:00,ed4b0761b7ac7bbc7bf5b9458d8db56e,V43,Yes,Dm'Ed Cert,2023-04-23,Tier 2,Odyssey,"React, Tailwind CSS",10.0,Active,Developer,Unknown
2023-04-16 04:28:00,b6a7125813b2e11dd495e33474e8284f,V43,Yes,Dm'Ed Cert,2023-04-23,Tier 2,Odyssey,"React, Tailwind CSS",10.0,Active,Developer,Unknown
2023-04-16 04:28:00,4b660c18ab2e50c9209e6039c59b939a,V43,No,No Commits,,Tier 2,Odyssey,"React, Tailwind CSS",10.0,Active,Developer,Unknown
2023-04-16 03:22:00,62c8e332abad62d35674fabcf3336789,V43,Yes,Dm'Ed Cert,2023-04-23,Tier 2,Crypto Pulse,"React, Firebase main technologies",10.0,Active,Developer,Unknown
2023-04-16 03:22:00,bb49723eb355c00fa9e85bae69a9acf1,V43,No,No Github Commits,,Tier 2,Crypto Pulse,"React, Firebase main technologies",10.0,Active,Developer,Unknown
2023-04-16 03:22:00,6031a05838723069e488c60e69694c19,V43,Yes,Dm'Ed Cert,2023-04-23,Tier 2,Crypto Pulse,"React, Firebase main technologies",10.0,Active,Developer,Unknown
2023-04-16 03:22:00,773f1c12c01fa83a85e73193122a6a7b,V43,Yes,Dm'Ed Cert,2023-04-23,Tier 2,Crypto Pulse,"React, Firebase main technologies",10.0,Active,Developer,Unknown
2023-04-16 01:14:00,e81ab1ac84eab689a174aa0f5f6881ed,V43,Yes,Dm'Ed Cert,2023-04-23,Tier 3,Pettopia,"MongoDB, Express, React, Node",10.0,Active,Developer,Unknown
2023-04-16 01:14:00,452994296cd45858bda4f93cae754f42,V43,No,Dropped,,Tier 3,Pettopia,"MongoDB, Express, React, Node",10.0,Dropped,Developer,Unknown
2023-04-16 01:14:00,a534d012a303b4b06f62d663721793cf,V43,Yes,Dm'Ed Cert,2023-04-23,Tier 3,Pettopia,"MongoDB, Express, React, Node",10.0,Active,Voyage Guide,Unknown
2023-04-16 01:14:00,be5209049c2a34872829fdf7de25e8e6,V43,No,No Commits,,Tier 3,Pettopia,"MongoDB, Express, React, Node",10.0,Inactive,Developer,Unknown
2023-04-16 01:14:00,b1876c68975f5b6242d4bddd082cf255,V43,Yes,Dm'Ed Cert,2023-04-23,Tier 3,Pettopia,"MongoDB, Express, React, Node",10.0,Dropped,Developer,Unknown
2023-04-16 01:14:00,4c379af5fa7a6fb4fd562ec4246dd567,V43,Yes,Dm'Ed Cert,2023-04-23,Tier 3,Pettopia,"MongoDB, Express, React, Node",10.0,Active,Developer,Unknown
2023-04-15 21:00:00,3dd95d0a8aa61406511333929604a09e,V43,Yes,Dm'Ed Cert,2023-04-23,Tier 2,Virtual Books App,"React, Vite, Zustand, React Router, React Hooks, React icons, express js, mongodb, passport js, mongoose, express-session, dotenv",10.0,Active,Developer,Unknown
2023-04-15 21:00:00,d55277ac61a8bef43290ba66ec6a5ab0,V43,No,No Commits,,Tier 2,Virtual Books App,"React, Vite, Zustand, React Router, React Hooks, React icons, express js, mongodb, passport js, mongoose, express-session, dotenv",10.0,Active,Developer,Unknown
2023-04-15 21:00:00,a0fb3e603f3409efa00bbd02ec03c18f,V43,No,No Commits,,Tier 2,Virtual Books App,"React, Vite, Zustand, React Router, React Hooks, React icons, express js, mongodb, passport js, mongoose, express-session, dotenv",10.0,Active,Developer,Unknown
2023-04-15 21:00:00,00a813bbec1443e2e6b9df34c78645ba,V43,Yes,Dm'Ed Cert,2023-04-23,Tier 2,Virtual Books App,"React, Vite, Zustand, React Router, React Hooks, React icons, express js, mongodb, passport js, mongoose, express-session, dotenv",10.0,Active,Developer,Unknown
2023-04-15 21:00:00,4276c1768f3bb90290100229edf50717,V43,No,No Commits,,Tier 2,Virtual Books App,"React, Vite, Zustand, React Router, React Hooks, React icons, express js, mongodb, passport js, mongoose, express-session, dotenv",10.0,Active,Developer,Unknown
2023-04-15 21:00:00,c6d1845359566b77fb08be26c21d0213,V43,Yes,Dm'Ed Cert,2023-04-23,Tier 2,Virtual Books App,"React, Vite, Zustand, React Router, React Hooks, React icons, express js, mongodb, passport js, mongoose, express-session, dotenv",10.0,Active,Voyage Guide,Unknown
2023-04-15 16:31:00,f14e7a2232608a94b7a4dcb4c7eef275,V43,Yes,Dm'Ed Cert,2023-04-23,Tier 2,Skill Tracker,"React, Tailwind, Firebase",8.0,Active,Developer,Unknown
2023-04-15 16:31:00,0d7f5d10b35ede1c452af0525871536d,V43,No,No Commits,,Tier 2,Skill Tracker,"React, Tailwind, Firebase",8.0,Dropped,Developer,Unknown
2023-04-15 16:31:00,dc86b4fc875a0e7d4905d0ed269f26ba,V43,Yes,Dm'Ed Cert,2023-04-23,Tier 2,Skill Tracker,"React, Tailwind, Firebase",8.0,Active,Developer,Unknown
2023-04-15 16:31:00,7ecd3eaaaf7e2ec59530885e864dd95c,V43,Yes,Dm'Ed Cert,2023-04-23,Tier 2,Skill Tracker,"React, Tailwind, Firebase",8.0,Active,Developer,Unknown
2023-04-15 16:31:00,ca74717338de546ee280621a27c55640,V43,Yes,Dm'Ed Cert,2023-04-23,Tier 2,Skill Tracker,"React, Tailwind, Firebase",8.0,Active,Developer,Unknown
2023-04-15 16:31:00,21104ee181b21a4f14d405ddfae64d74,V43,Yes,Dm'Ed Cert,2023-04-23,Tier 2,Skill Tracker,"React, Tailwind, Firebase",8.0,Active,Voyage Guide,Unknown
2023-04-15 14:00:00,23e5387e7a139adc03b65a8e61273027,V43,Yes,Dm'Ed Cert,2023-04-23,Tier 1,Team-01 V-43 Madlib,"Vanila (HTML, CSS, Javascript)",10.0,Active,Developer,Unknown
2023-04-15 14:00:00,999f536b38f799a19d24ccf77009cd8e,V43,Yes,Dm'Ed Cert,2023-04-23,Tier 1,Team-01 V-43 Madlib,"Vanila (HTML, CSS, Javascript)",10.0,Active,Developer,Unknown
2023-04-15 14:00:00,eb96635b5de30da35ef499e9f9a3f858,V43,Yes,Dm'Ed Cert,2023-04-23,Tier 1,Team-01 V-43 Madlib,"Vanila (HTML, CSS, Javascript)",10.0,Active,Developer,Unknown
2023-04-15 14:00:00,dba377e06e24f5e5c1c38ae2ec88c904,V43,Yes,Dm'Ed Cert,2023-04-23,Tier 1,Team-01 V-43 Madlib,"Vanila (HTML, CSS, Javascript)",10.0,Active,Developer,Unknown
2023-04-15 14:00:00,ddd56f74426a143880d50d920ce7820d,V43,Yes,Dm'Ed Cert,2023-04-23,Tier 1,Team-01 V-43 Madlib,"Vanila (HTML, CSS, Javascript)",10.0,Inactive,Developer,Unknown
2023-04-15 14:00:00,ffe08a299b58813a37baa571f31db714,V43,No,No Commits,2023-04-23,Tier 1,Team-01 V-43 Madlib,"Vanila (HTML, CSS, Javascript)",10.0,Dropped,Developer,Unknown
2023-04-15 04:16:00,54cf92f0183a8e980840fba59aa65e79,V43,Yes,Dm'Ed Cert,2023-04-23,Tier 2,Cryptoworld,"React , Ant Design, Firebase",8.0,Inactive,Developer,Unknown
2023-04-15 04:16:00,fc9076d3989901f20516768d1b60608d,V43,No,No Commits,,Tier 2,Cryptoworld,"React , Ant Design, Firebase",8.0,Inactive,Developer,Unknown
2023-04-15 04:16:00,2e7e3758b295c37fb1550d42490c2681,V43,Yes,Unable To Dm,2023-04-23,Tier 2,Cryptoworld,"React , Ant Design, Firebase",8.0,Active,Developer,Unknown
2023-04-15 04:16:00,630f10af253a8c0ea941aec57afbc79e,V43,No,No Commits,,Tier 2,Cryptoworld,"React , Ant Design, Firebase",8.0,Dropped,Developer,Unknown
2023-04-15 04:16:00,6eebf43859959629b4011e39d1b19ab9,V43,Yes,Dm'Ed Cert,2023-04-23,Tier 2,Cryptoworld,"React , Ant Design, Firebase",8.0,Active,Developer,Unknown
2023-04-15 04:16:00,61843d84fe443c36ba5cc2a1ee58649d,V43,No,No Commits,,Tier 2,Cryptoworld,"React , Ant Design, Firebase",8.0,Inactive,Developer,Unknown
2023-04-15 04:16:00,1ffcc8cda45906d11db2c97247c3ad36,V43,Yes,Dm'Ed Cert,2023-04-23,Tier 2,Cryptoworld,"React , Ant Design, Firebase",8.0,Dropped,Developer,Unknown
2023-04-15 03:21:00,b79570e1b4b564bb685021501666cd35,V43,Yes,Dm'Ed Cert,2023-04-23,Tier 2,Exhib,"React, Webpack, Firebase, CSS, Bootstrap",8.0,Active,Developer,Unknown
2023-04-15 03:21:00,33afda6da06c0f2b52990890b36cc017,V43,Yes,Dm'Ed Cert,2023-04-23,Tier 2,Exhib,"React, Webpack, Firebase, CSS, Bootstrap",8.0,Active,Developer,Unknown
2023-04-15 03:21:00,77a7ab972d3f61c38cfa77afeb65d03d,V43,Yes,Dm'Ed Cert,2023-04-23,Tier 2,Exhib,"React, Webpack, Firebase, CSS, Bootstrap",8.0,Active,Developer,Unknown
2023-04-15 03:21:00,4df347de2af8e9d3df810e7c92cc7d38,V43,No,No Commits,,Tier 2,Exhib,"React, Webpack, Firebase, CSS, Bootstrap",8.0,Skipvoyage,Developer,Unknown
2023-04-15 03:21:00,9913463f73e930b1eeee2a887e33325c,V43,Yes,Dm'Ed Cert,2023-04-23,Tier 2,Exhib,"React, Webpack, Firebase, CSS, Bootstrap",8.0,Active,Developer,Unknown
2023-04-15 03:21:00,31f5dddf9d3795e00d43cb29ae9c840a,V43,Yes,Dm'Ed Cert,2023-04-23,Tier 2,Exhib,"React, Webpack, Firebase, CSS, Bootstrap",8.0,Active,Voyage Guide,Unknown
2023-04-15 03:21:00,39c81b68bdf1abcdafaf70c720563777,V43,No,No Commits,,Tier 2,Exhib,"React, Webpack, Firebase, CSS, Bootstrap",8.0,Dropped,Developer,Unknown
2023-04-15 03:21:00,ad17d69b078af0d6bd782216c13657c6,V43,Yes,Dm'Ed Cert,2023-04-23,Tier 2,Exhib,"React, Webpack, Firebase, CSS, Bootstrap",8.0,Active,Developer,Unknown
2023-04-13 15:51:00,70ad995bc9e45ceac6148d049e81fd30,V43,Yes,Dm'Ed Cert,2023-04-23,Tier 1,Gpt-Lullabies,"Vanilla js, html, css",9.0,Active,Developer,Unknown
2023-04-13 15:51:00,833d5d645b56034e34b859b7079d88a4,V43,Yes,Unable To Dm,2023-04-23,Tier 1,Gpt-Lullabies,"Vanilla js, html, css",9.0,Active,Developer,Unknown
2023-04-13 15:51:00,31f5dddf9d3795e00d43cb29ae9c840a,V43,Yes,Dm'Ed Cert,2023-04-23,Tier 1,Gpt-Lullabies,"Vanilla js, html, css",9.0,Active,Voyage Guide,Unknown
2023-04-13 15:51:00,57af0c839daf908fbe41c9edac5eae49,V43,No,No Commits,,Tier 1,Gpt-Lullabies,"Vanilla js, html, css",9.0,Dropped,Developer,Unknown
2023-04-13 15:51:00,843c27f4377ca938ff3910fffb99a8b5,V43,Yes,Dm'Ed Cert,2023-04-23,Tier 1,Gpt-Lullabies,"Vanilla js, html, css",9.0,Active,Developer,Unknown
2023-04-13 11:06:00,eb661628e40ee464fd4e65e515bf4bde,V43,Yes,Dm'Ed Cert,2023-04-23,Tier 2,Flight-Booking-App,"Next.js, Tailwind CSS, Framer motion, React, CSS.",10.0,Active,Developer,Unknown
2023-04-13 11:06:00,b3af060d6006f306b94aa7cb914149b4,V43,No,No Commits,,Tier 2,Flight-Booking-App,"Next.js, Tailwind CSS, Framer motion, React, CSS.",10.0,Active,Developer,Unknown
2023-04-13 11:06:00,93a2ba55e6e36bb5ea602fe7e17a247e,V43,Yes,Dm'Ed Cert,2023-04-23,Tier 2,Flight-Booking-App,"Next.js, Tailwind CSS, Framer motion, React, CSS.",10.0,Active,Developer,Unknown
2023-04-13 11:06:00,b78ea8dcf575e21891e6cc5bcf00c728,V43,Yes,Dm'Ed Cert,2023-04-23,Tier 2,Flight-Booking-App,"Next.js, Tailwind CSS, Framer motion, React, CSS.",10.0,Active,Developer,Unknown
2023-04-13 11:06:00,9be441d7c5244d1da638117487cb8944,V43,No,No Commits,,Tier 2,Flight-Booking-App,"Next.js, Tailwind CSS, Framer motion, React, CSS.",10.0,Active,Developer,Unknown
2023-04-11 16:33:00,e9b605bf8a7f0234b3130189e93004aa,V44,No,No Project Submission,,Tier 2,Nan,,,Dropped,Developer,Unknown
2023-04-11 13:02:00,8008dc6cd89e0d12a4550a8a15d8d5df,V44,No,No Project Submission,,Tier 3,Nan,,,Active,Developer,Unknown
2023-04-11 09:44:00,f9907bfea734c2e4a78e17f69ad0f9de,V44,No,No Project Submission,,Tier 2,Nan,,,Active,Developer,Unknown
2023-04-11 00:53:00,2ee7875d63d4cf8093d423831730204e,V44,No,No Project Submission,,Tier 2,Nan,,,Active,Developer,Unknown
2023-04-09 13:33:00,b3da407ab43133e48f7bf8d0f9b24173,V44,No,No Project Submission,,Tier 3,Nan,,,Inactive,Developer,Unknown
2023-04-09 08:23:00,1e1043493786f69d898fe7d84c54ebe5,V44,No,No Project Submission,,Tier 2,Nan,,,Dropped,Developer,Unknown
2023-04-09 05:58:00,f46ca8af65ab067ec8ae0616a4ff13b3,V44,No,No Github Commits,,Tier 3,Quizipy,"Next.js, Prisma, Supabase, TypeScript, Tailwind CSS",10.0,Active,Developer,Unknown
2023-04-08 09:39:00,b7c615b915465b302e1514841d5971e7,V44,No,No Project Submission,,Tier 1,Nan,,,Active,Developer,Unknown
2023-04-04 08:26:00,9e87e06d7f4dbaf089824754f426e094,V44,No,No Project Submission,,Tier 2,Nan,,,Active,Developer,Unknown
2023-04-04 06:59:00,4fb86bc88285d167209853edbafbcb11,V44,No,No Project Submission,,Tier 3,Nan,,,Active,Product Owner,Unknown
2023-04-03 20:09:00,80491911f3af57ce9d3bf29f214650c1,V44,No,No Project Submission,,Tier 2,Nan,,,Dropped,Developer,Unknown
2023-04-03 19:43:00,703963d20cc6d572eaa1681855a093dc,V44,No,No Project Submission,,Tier 1,Nan,,,Active,Developer,Unknown
2023-04-01 08:44:00,5bcb6236c5d12b818716398e823449b0,V44,No,No Project Submission,,Tier 2,Nan,,,Dropped,Developer,Unknown
2023-03-31 16:01:00,3d495a2e810dc188b5194949c91f0d2a,V44,No,No Project Submission,,Tier 1,Nan,,,Active,Developer,Unknown
2023-03-29 03:44:00,909f22f2aea197b1082f25b1a006e6cd,V44,No,No Project Submission,,Tier 3,Nan,,,Active,Developer,Unknown
2023-03-28 10:55:00,2f2bf7aaa463cba302aabbc01f5bcdc7,V44,No,No Project Submission,,Tier 3,Nan,,,Inactive,Developer,Unknown
2023-03-28 03:01:00,93534b8badfb8b7ab226bb3474f63ca9,V44,No,No Project Submission,,Tier 2,Nan,,,Active,Developer,Unknown
2023-03-27 10:27:00,62079a1ddb56754e47f1ef3078d826f8,V44,No,No Project Submission,,Tier 2,Nan,,,Active,Developer,Unknown
2023-03-27 03:10:00,54cf92f0183a8e980840fba59aa65e79,V44,No,No Project Submission,,Tier 3,Nan,,,Inactive,Developer,Unknown
2023-03-26 12:46:00,dcaaf298d671424114b1b39fad083f30,V44,No,No Project Submission,,Tier 2,Nan,,,Active,Developer,Unknown
2023-03-23 18:32:00,2ea3c5bbe95720e1939580384b28245f,V44,No,No Project Submission,,Tier 3,Nan,,,Inactive,Developer,Unknown
2023-03-23 11:39:00,54a9874bd5266727c52dba438c3fcde6,V44,Yes,Cert Issued,2023-06-11,Tier 3,Roundtrip,"TypeScript, PostgreSQL, Sequelize, NodeJS, React, Redux, Express, Material-UI, Vite",2.0,Active,Developer,Unknown
2023-03-20 19:04:00,8b64f8d13755b9056bb6e7f0fc6609c6,V44,Yes,Cert Issued,2023-06-11,Tier 3,Roundtrip,"TypeScript, PostgreSQL, Sequelize, NodeJS, React, Redux, Express, Material-UI, Vite",2.0,Active,Developer,Unknown
2023-03-18 16:19:00,3dc5f6b656f18e7bd206748e1d4605de,V44,No,No Project Submission,,Tier 2,Nan,,,Active,Developer,Unknown
2023-03-18 08:28:00,edc65c35fe6a44051061fb6d68f37c28,V44,No,No Project Submission,,Tier 2,Nan,,,Dropped,Developer,Unknown
2023-03-17 10:29:00,65e4968ad14bda576653553aba3d1dd2,V44,No,No Project Submission,,Tier 3,Nan,,,Dropped,Developer,Unknown
2023-03-16 21:28:00,22299649921c282d6a9dbbd18aa67d88,V44,Yes,Cert Issued,2023-06-11,Tier 3,Roundtrip,"TypeScript, PostgreSQL, Sequelize, NodeJS, React, Redux, Express, Material-UI, Vite",2.0,Active,Developer,Unknown
2023-03-16 14:38:00,9813a97c905a70f803bbcfefbbfdf1c3,V44,No,No Project Submission,,Tier 2,Nan,,,Inactive,Developer,Unknown
2023-03-16 04:05:00,6eebf43859959629b4011e39d1b19ab9,V44,No,No Project Submission,,Tier 3,Nan,,,Active,Developer,Unknown
2023-03-12 13:37:00,a5cbe1af0ba78ca78b8b378123ac89d4,V45,No,No Project Submission,,Tier 3,Nan,,,Dropped,Developer,Unknown
2023-03-09 11:19:00,bcf0304c57b877ea5e3e0f20591bb02a,V44,Yes,Cert Issued,2023-06-11,Tier 3,Roundtrip,"TypeScript, PostgreSQL, Sequelize, NodeJS, React, Redux, Express, Material-UI, Vite",2.0,Active,Developer,Unknown
2023-03-08 07:36:00,21b6fcb7294b050c1b0c96684ed9c527,V44,No,No Project Submission,,Tier 2,Nan,,,Active,Developer,Unknown
,cc8c4ed1f3e685dad36b43c3b2a49260,V47,Yes,Cert Issued,2024-02-18,Tier 2,Daily Tasks App,"React, node.js (installation), Vite",10.0,Active,Voyage Guide,Unknown
2023-03-01 15:12:00,c00220f59cae17e588bb0641b5fae3b2,V42,Yes,Cert Issued,2023-03-01,Tier 2 - Geckos,Premiumteam Ecommerce,"React, node.js,MongoDB,axios,cookies,bootstrap",10.0,Active,Developer,Unknown
2023-02-21 08:12:00,b0ec8467ec4c25899633af9f9da8384b,V44,No,No Project Submission,,Tier 2,Nan,,,Active,Developer,Unknown
2023-02-20 14:25:00,cc8c4ed1f3e685dad36b43c3b2a49260,V42,Yes,Cert Issued,2023-02-19,Tier 3 - Bears,Stycker,"Next.js, Vercel, TailwindCSS, DaisyUI, Supabase",10.0,Active,Developer,Unknown
2023-02-20 14:25:00,ad26cbc7599ca960cb0d910fa75eeb8b,V42,No,Unknown,,Tier 3 - Bears,Stycker,"Next.js, Vercel, TailwindCSS, DaisyUI, Supabase",10.0,Skipvoyage,Developer,Unknown
2023-02-20 14:25:00,843ca58c6f9e22144ab9171227043670,V42,No,Unknown,,Tier 3 - Bears,Stycker,"Next.js, Vercel, TailwindCSS, DaisyUI, Supabase",10.0,Dropped,Developer,Unknown
2023-02-20 14:25:00,6d7b76c09b295b176774755b94018c2a,V42,Yes,Cert Issued,2023-02-19,Tier 3 - Bears,Stycker,"Next.js, Vercel, TailwindCSS, DaisyUI, Supabase",10.0,Active,Developer,Unknown
2023-02-20 14:25:00,6ae837efd0a1495623d449324256ab89,V42,Yes,Cert Issued,2023-02-19,Tier 3 - Bears,Stycker,"Next.js, Vercel, TailwindCSS, DaisyUI, Supabase",10.0,Active,Developer,Unknown
2023-02-20 14:25:00,b8f92d6817018ab33d53bb8b163f36fc,V42,Yes,Unknown,2023-02-19,Tier 3 - Bears,Stycker,"Next.js, Vercel, TailwindCSS, DaisyUI, Supabase",10.0,Active,Developer,Unknown
2023-02-19 19:47:00,2cdb789197936c10b9fb3a58a14406ff,V42,Yes,Certificate Issued For His Other Team,2023-02-19,Tier 2 - Geckos,Booktown,React     Redux     Chakra-UI     Typescript     Firebase,10.0,Active,Developer,Unknown
2023-02-18 08:46:00,c43694237497f886c38465effce34aaf,V42,Yes,Cert Issued,2023-02-19,Tier 3 - Bears,Eating-Light,"React,Redux-Toolkit, Axiox, Tailwind CSS, MongoDB, Express , Admin.js",10.0,Active,Developer,Unknown
2023-02-18 08:46:00,e82a88cd246418e7375bdf8d2f560463,V42,Yes,Cert Issued,2023-02-19,Tier 3 - Bears,Eating-Light,"React,Redux-Toolkit, Axiox, Tailwind CSS, MongoDB, Express , Admin.js",10.0,Active,Developer,Unknown
2023-02-18 08:46:00,343ea7c3008145dc32eac51f2d6602d8,V42,No,No Repo Contributions,,Tier 3 - Bears,Eating-Light,"React,Redux-Toolkit, Axiox, Tailwind CSS, MongoDB, Express , Admin.js",10.0,Inactive,Developer,Unknown
2023-02-18 08:46:00,7809a13bc179b6573cdb0a10c7c2a116,V42,Yes,Cert Issued,2023-02-19,Tier 3 - Bears,Eating-Light,"React,Redux-Toolkit, Axiox, Tailwind CSS, MongoDB, Express , Admin.js",10.0,Active,Developer,Unknown
2023-02-18 08:46:00,5783ce0fd709ce792e695fc313640ec3,V42,Yes,Cert Issued,2023-02-19,Tier 3 - Bears,Eating-Light,"React,Redux-Toolkit, Axiox, Tailwind CSS, MongoDB, Express , Admin.js",10.0,Active,Ui/Ux Designer,Unknown
2023-02-18 08:46:00,52d056515adcbf55d0ab9e1cb7f0d38b,V42,Yes,Cert Issued,2023-02-19,Tier 3 - Bears,Eating-Light,"React,Redux-Toolkit, Axiox, Tailwind CSS, MongoDB, Express , Admin.js",10.0,Active,Developer,Unknown
2023-02-17 09:18:00,70b9d008e4c96c35e1d04dfda8b3a6b0,V42,Yes,Cert Issued,2023-02-19,Tier 1 - Toucans,Chuck Jokes And Facts,"HTML, CSS, Javascript",9.0,Active,Developer,Unknown
2023-02-17 09:18:00,a5795c17c3d0f8f894ec8ad602339dfe,V42,No,No Repo Contributions,,Tier 1 - Toucans,Chuck Jokes And Facts,"HTML, CSS, Javascript",9.0,Active,Developer,Unknown
2023-02-17 09:18:00,a7a4e3bcf1475a1accc9bcf3dd8c677e,V42,No,No Repo Contributions,,Tier 1 - Toucans,Chuck Jokes And Facts,"HTML, CSS, Javascript",9.0,Inactive,Developer,Unknown
2023-02-17 09:18:00,09887436ba9df329cf851aa4d6dca6d7,V42,Yes,Cert Issued,2023-02-19,Tier 1 - Toucans,Chuck Jokes And Facts,"HTML, CSS, Javascript",9.0,Active,Developer,Unknown
2023-02-17 09:18:00,b97291b05bc6d1dfe3223aeca991a4db,V42,Yes,Cert Issued,2023-02-19,Tier 1 - Toucans,Chuck Jokes And Facts,"HTML, CSS, Javascript",9.0,Active,Developer,Unknown
2023-02-15 19:02:00,23b61dabaadce2f9d43ea020de7b6b86,V42,Yes,Cert Issued,2023-02-19,Tier 3 - Bears,Avcdoloan,MERN,10.0,Active,Developer,Unknown
2023-02-15 19:02:00,d0364285ca54cf0f2405daf5817461df,V42,Yes,Cert Issued,2023-02-19,Tier 3 - Bears,Avcdoloan,MERN,10.0,Active,Developer,Unknown
2023-02-15 19:02:00,719f0d0ece29192a61cece4f67af22b3,V42,No,No Repo Contributions,,Tier 3 - Bears,Avcdoloan,MERN,10.0,Active,Developer,Unknown
2023-02-15 19:02:00,be5209049c2a34872829fdf7de25e8e6,V42,Yes,Cert Issued,2023-02-19,Tier 3 - Bears,Avcdoloan,MERN,10.0,Inactive,Developer,Unknown
2023-02-15 19:02:00,265991c9819cc35ecac641219b7ab5c8,V42,Yes,Cert Issued,2023-02-19,Tier 3 - Bears,Avcdoloan,MERN,10.0,"Active,Active","Voyage Guide,Voyage Guide",Unknown
2023-02-15 14:54:00,0465f4627486e19bd0513f7498e4c386,V42,Yes,Cert Issued,2023-02-19,Tier 3 - Bears,Remoteclass,"React, Next.JS, Node.js, Express, MongoDB",8.0,Active,Developer,Unknown
2023-02-15 14:54:00,155f6ce3408c20fcb0304ca776931261,V42,Yes,Cert Issued,2023-02-19,Tier 3 - Bears,Remoteclass,"React, Next.JS, Node.js, Express, MongoDB",8.0,Active,Developer,Unknown
2023-02-15 14:54:00,f46ca8af65ab067ec8ae0616a4ff13b3,V42,No,No Team Channel Posts Since 1/19,2023-02-19,Tier 3 - Bears,Remoteclass,"React, Next.JS, Node.js, Express, MongoDB",8.0,Active,Developer,Unknown
2023-02-15 14:54:00,31493f72c35759976889712ee88fe2cb,V42,No,No Repo Contributions,,Tier 3 - Bears,Remoteclass,"React, Next.JS, Node.js, Express, MongoDB",8.0,Inactive,Developer,Unknown
2023-02-15 14:54:00,292709b9b87caae23cd4d363daa1b495,V42,Yes,Cert Issued,2023-02-19,Tier 3 - Bears,Remoteclass,"React, Next.JS, Node.js, Express, MongoDB",8.0,Active,Developer,Unknown
2023-02-15 14:54:00,01038218b9964f0efc1f94b27cd0af44,V42,Yes,Cert Issued,2023-02-19,Tier 3 - Bears,Remoteclass,"React, Next.JS, Node.js, Express, MongoDB",8.0,Active,Voyage Guide,Unknown
2023-02-13 05:47:00,88fb508e142c148603cf9cb5981ac55b,V42,Yes,Cert Issued,2023-02-19,Tier 3 - Bears,Miss. Ship,Frontend:HTML/CSS/JavaScript/Ant-Design/Styled-Components/React/Redux-Toolkit/Next.js. Backend: Twilio API/MongoDB/Firebase Admin SDK/Lodash/Pino Logger/Next.js,9.0,Active,Ui/Ux Designer,Unknown
2023-02-13 05:47:00,fa94d876645f54d2cdbf4e50f093de18,V42,No,Exited Team In Sprint 3,,Tier 3 - Bears,Miss. Ship,Frontend:HTML/CSS/JavaScript/Ant-Design/Styled-Components/React/Redux-Toolkit/Next.js. Backend: Twilio API/MongoDB/Firebase Admin SDK/Lodash/Pino Logger/Next.js,9.0,Inactive,Developer,Unknown
2023-02-13 05:47:00,bf232d3b5a96ad5c405be5de171ef7a6,V42,Yes,Cert Issued,2023-02-19,Tier 3 - Bears,Miss. Ship,Frontend:HTML/CSS/JavaScript/Ant-Design/Styled-Components/React/Redux-Toolkit/Next.js. Backend: Twilio API/MongoDB/Firebase Admin SDK/Lodash/Pino Logger/Next.js,9.0,Active,Developer,Unknown
2023-02-13 05:47:00,58d24f6f19a59e7e20cdbc794ae07af4,V42,Yes,Cert Issued,2023-02-19,Tier 3 - Bears,Miss. Ship,Frontend:HTML/CSS/JavaScript/Ant-Design/Styled-Components/React/Redux-Toolkit/Next.js. Backend: Twilio API/MongoDB/Firebase Admin SDK/Lodash/Pino Logger/Next.js,9.0,Active,Developer,Unknown
2023-02-13 05:47:00,eb4244ad5f0aa5cbd035713a6b0d7a18,V42,Yes,Cert Issued,2023-02-19,Tier 3 - Bears,Miss. Ship,Frontend:HTML/CSS/JavaScript/Ant-Design/Styled-Components/React/Redux-Toolkit/Next.js. Backend: Twilio API/MongoDB/Firebase Admin SDK/Lodash/Pino Logger/Next.js,9.0,Active,Voyage Guide,Unknown
2023-02-13 00:11:00,3a1eab1e300408cc4f48f8be049266f3,V42,Yes,Cert Issued,2023-02-19,Tier 3 - Bears,Sam,"MERN, Tailwind CSS",10.0,Active,Developer,Unknown
2023-02-13 00:11:00,674ae23398f654da6bb50a92d0d58c12,V42,Yes,Cert Issued,2023-02-19,Tier 3 - Bears,Sam,"MERN, Tailwind CSS",10.0,Active,Developer,Unknown
2023-02-13 00:11:00,a402c9982e6c80a39be2b3612cdee807,V42,Yes,Cert Issued,2023-02-19,Tier 3 - Bears,Sam,"MERN, Tailwind CSS",10.0,Active,Developer,Unknown
2023-02-13 00:11:00,19f9515c86841676951a5920d7c2b54f,V42,No,Unknown,,Tier 3 - Bears,Sam,"MERN, Tailwind CSS",10.0,Dropped,Developer,Unknown
2023-02-13 00:11:00,b1db254edc2f775cffcbebf35030292e,V42,Yes,Cert Issued,2023-02-19,Tier 3 - Bears,Sam,"MERN, Tailwind CSS",10.0,Active,Developer,Unknown
2023-02-12 18:49:00,155edf159a8f6a20316c4e06ef41aad9,V42,Yes,Cert Issued,2023-02-19,Tier 1 - Toucans,Facts Of Fury,"Javascript, html, css",10.0,Active,Product Owner,Unknown
2023-02-12 18:49:00,6dfda0f5b98594883081641050e194f6,V42,Yes,Cert Issued,2023-02-19,Tier 1 - Toucans,Facts Of Fury,"Javascript, html, css",10.0,Active,Developer,Unknown
2023-02-12 18:49:00,2c04d20557dd4cf41c7e70f1be83ca8a,V42,Yes,Cert Issued,2023-02-19,Tier 1 - Toucans,Facts Of Fury,"Javascript, html, css",10.0,Active,Product Owner,Unknown
2023-02-12 18:49:00,95072c415352b3534c847fca57dc683f,V42,Yes,Cert Issued,2023-02-19,Tier 1 - Toucans,Facts Of Fury,"Javascript, html, css",10.0,Active,Developer,Unknown
2023-02-12 18:49:00,f09391804b4beeed5231a3c6353463fe,V42,No,Unknown,,Tier 1 - Toucans,Facts Of Fury,"Javascript, html, css",10.0,Dropped,Developer,Unknown
2023-02-12 18:49:00,abb775de10579c67eaa245b89d52f835,V42,Yes,Cert Issued,2023-02-19,Tier 1 - Toucans,Facts Of Fury,"Javascript, html, css",10.0,Active,Product Owner,Unknown
2023-02-12 18:49:00,e7107583acb47fd7d90a0051d4d650b1,V42,Yes,Cert Issued,2023-02-19,Tier 1 - Toucans,Facts Of Fury,"Javascript, html, css",10.0,Active,Voyage Guide,Unknown
2023-02-12 18:49:00,c463dcd02b2dd9712f3d305ef709a8ac,V42,Yes,Cert Issued,2023-02-19,Tier 1 - Toucans,Facts Of Fury,"Javascript, html, css",10.0,Active,Developer,Unknown
2023-02-12 18:48:00,2cdb789197936c10b9fb3a58a14406ff,V42,Yes,Cert Issued,2023-02-19,Tier 2 - Geckos,Job Tracker,"MongoDB, Express, React, Node, TypeScript, create-react-app",10.0,Active,Developer,Unknown
2023-02-12 18:48:00,254afa9576bca160e43c652fcd25a08f,V42,Yes,Cert Issued,2023-02-19,Tier 2 - Geckos,Job Tracker,"MongoDB, Express, React, Node, TypeScript, create-react-app",10.0,Active,Developer,Unknown
2023-02-12 18:48:00,4548b9dc07d1b812a48d8520c3cc4027,V42,Yes,Cert Issued,2023-02-19,Tier 2 - Geckos,Job Tracker,"MongoDB, Express, React, Node, TypeScript, create-react-app",10.0,Active,Developer,Unknown
2023-02-12 18:48:00,c9476fc1069d3ebbf36d8b237c156e32,V42,Yes,Cert Issued,2023-02-19,Tier 2 - Geckos,Job Tracker,"MongoDB, Express, React, Node, TypeScript, create-react-app",10.0,Active,Voyage Guide,Unknown
2023-02-12 15:01:00,740c99d9756ce9920c7121cc09c3c045,V42,Yes,Cert Issued,2023-02-19,Tier 3 - Bears,Healthhero,"TypeScript, React.JS, Tailwind CSS, Express.JS, Postgres",10.0,Active,Developer,Unknown
2023-02-12 15:01:00,e519cf861db37541a3e1a828b85ba363,V42,No,Unknown,,Tier 3 - Bears,Healthhero,"TypeScript, React.JS, Tailwind CSS, Express.JS, Postgres",10.0,Skipvoyage,Developer,Unknown
2023-02-12 15:01:00,24e310ce62dc11d2d38f1ead4ceae641,V42,Yes,Cert Issued,2023-02-19,Tier 3 - Bears,Healthhero,"TypeScript, React.JS, Tailwind CSS, Express.JS, Postgres",10.0,Active,Developer,Unknown
2023-02-12 15:01:00,fe50140e1c39a1b9303059e60a67ce0a,V42,No,Left In Sprint 3,,Tier 3 - Bears,Healthhero,"TypeScript, React.JS, Tailwind CSS, Express.JS, Postgres",10.0,Active,Data Scientist,Unknown
2023-02-12 15:01:00,2bdf7a66d099684101f57ae29272e91c,V42,Yes,Cert Issued,2023-02-19,Tier 3 - Bears,Healthhero,"TypeScript, React.JS, Tailwind CSS, Express.JS, Postgres",10.0,Active,Developer,Unknown
2023-02-12 15:01:00,d30c8f29fa76434bb6f2c2d97ab8f8ce,V42,Yes,Cert Issued,2023-02-19,Tier 3 - Bears,Healthhero,"TypeScript, React.JS, Tailwind CSS, Express.JS, Postgres",10.0,Active,Developer,Unknown
2023-02-12 15:01:00,66f97cac25f32b32693b6d56ee75c1bb,V42,Yes,Cert Issued,2023-02-19,Tier 3 - Bears,Healthhero,"TypeScript, React.JS, Tailwind CSS, Express.JS, Postgres",10.0,Active,Voyage Guide,Unknown
2023-02-12 15:01:00,079cc611bb85a4196bfb81e61b81b25f,V42,No,Unknown,,Tier 3 - Bears,Healthhero,"TypeScript, React.JS, Tailwind CSS, Express.JS, Postgres",10.0,Dropped,Developer,Unknown
2023-02-12 15:01:00,a98400740235d6dc11b93ab09d589417,V42,Yes,Cert Issued,2023-02-19,Tier 3 - Bears,Healthhero,"TypeScript, React.JS, Tailwind CSS, Express.JS, Postgres",10.0,Active,Developer,Unknown
2023-02-12 14:45:00,cc8c4ed1f3e685dad36b43c3b2a49260,V42,Yes,Cert Issued,2023-02-19,Tier 3 - Bears,Yard Sale,"NextJS, Prisma, Postgres.",10.0,Active,Developer,Unknown
2023-02-12 14:45:00,23c446cdbc6b94b09c842fab63e406c6,V42,No,No Repo Contributions,,Tier 3 - Bears,Yard Sale,"NextJS, Prisma, Postgres.",10.0,Dropped,Developer,Unknown
2023-02-12 14:45:00,1a933df3b5b332a2dfcfcb35ea8faae2,V42,Yes,Cert Issued,2023-02-19,Tier 3 - Bears,Yard Sale,"NextJS, Prisma, Postgres.",10.0,Active,Developer,Unknown
2023-02-12 14:45:00,94c967f8b3a3c20d6d472e5e6a60ec06,V42,Yes,Cert Issued,2023-02-19,Tier 3 - Bears,Yard Sale,"NextJS, Prisma, Postgres.",10.0,Active,Developer,Unknown
2023-02-12 14:45:00,42e590a8c58e5d24aa7eb11ddfc1e03c,V42,No,No Repo Contributions,,Tier 3 - Bears,Yard Sale,"NextJS, Prisma, Postgres.",10.0,Active,Developer,Unknown
2023-02-12 14:45:00,bd2989f2d8b83ab720193f2ebb24f986,V42,No,No Repo Contributions,,Tier 3 - Bears,Yard Sale,"NextJS, Prisma, Postgres.",10.0,Active,Developer,Unknown
2023-02-12 14:32:00,2431020ee9ef32a0b3ddd884e12f61bf,V42,Yes,Cert Issued,2023-02-19,Tier 2 - Geckos,Flashy,"react, redux, api, firebase, reactrouter, tailwindcss, vite",9.0,Active,Developer,Unknown
2023-02-12 14:32:00,f5141c55063429a519d081f3af20891b,V42,Yes,Cert Issued,2023-02-19,Tier 2 - Geckos,Flashy,"react, redux, api, firebase, reactrouter, tailwindcss, vite",9.0,Active,Developer,Unknown
2023-02-12 14:32:00,b5d88120a419b473871381effc2d2b96,V42,No,No Repo Contributions,,Tier 2 - Geckos,Flashy,"react, redux, api, firebase, reactrouter, tailwindcss, vite",9.0,Inactive,Developer,Unknown
2023-02-12 14:32:00,0af9e2be4e4ae3a0d9c855d7167d70e6,V42,Yes,Cert Issued,2023-02-19,Tier 2 - Geckos,Flashy,"react, redux, api, firebase, reactrouter, tailwindcss, vite",9.0,Active,Developer,Unknown
2023-02-12 14:32:00,883772e621c113fcfff1b5caafd6c263,V42,Yes,Cert Issued,2023-02-19,Tier 2 - Geckos,Flashy,"react, redux, api, firebase, reactrouter, tailwindcss, vite",9.0,Active,Developer,Unknown
2023-02-12 13:47:00,76ae2b43e001549f51ca79d00f5fc113,V42,Yes,Cert Issued,2023-02-19,Tier 2 - Geckos,Okane,"React, Redux, React router, tailwind, styled components, chartjs, vite",10.0,Active,Developer,Unknown
2023-02-12 13:47:00,fbee067b134b261103840246cf02e42e,V42,Yes,Cert Issued,2023-02-19,Tier 2 - Geckos,Okane,"React, Redux, React router, tailwind, styled components, chartjs, vite",10.0,Active,Developer,Unknown
2023-02-12 13:47:00,6db36fe034e7d50bde8616e6a17ff971,V42,Yes,Cert Issued,2023-02-19,Tier 2 - Geckos,Okane,"React, Redux, React router, tailwind, styled components, chartjs, vite",10.0,Active,Developer,Unknown
2023-02-12 13:47:00,a9d988306da92c384aadc51828958577,V42,Yes,Cert Issued,2023-02-19,Tier 2 - Geckos,Okane,"React, Redux, React router, tailwind, styled components, chartjs, vite",10.0,Active,Developer,Unknown
2023-02-12 13:47:00,be65da83f5f993ff71ea9cdc0759b7ce,V42,No,Unknown,,Tier 2 - Geckos,Okane,"React, Redux, React router, tailwind, styled components, chartjs, vite",10.0,Dropped,Developer,Unknown
2023-02-12 13:47:00,6a92f91becfb2652dc71afa460d018b3,V42,No,Unknown,,Tier 2 - Geckos,Okane,"React, Redux, React router, tailwind, styled components, chartjs, vite",10.0,Dropped,Developer,Unknown
2023-02-12 13:47:00,619942bc56636cfd52ce9fd51bf8f72c,V42,No,No Repo Contributions,,Tier 2 - Geckos,Okane,"React, Redux, React router, tailwind, styled components, chartjs, vite",10.0,Active,Developer,Unknown
2023-02-12 13:47:00,eb4244ad5f0aa5cbd035713a6b0d7a18,V42,Yes,Cert Issued,2023-02-19,Tier 2 - Geckos,Okane,"React, Redux, React router, tailwind, styled components, chartjs, vite",10.0,Active,Voyage Guide,Unknown
2023-02-12 12:07:00,b44b42d0eccc47adac33c42d614a9304,V42,Yes,Cert Issued,2023-02-19,Tier 1 - Toucans,Chuck Norris Mythos,Bootstrap 5.0,10.0,Active,Developer,Unknown
2023-02-12 11:43:00,19c08846b85e06c5d3ca39681e3db630,V42,Yes,Cert Issued,2023-02-19,Tier 3 - Bears,Prescription Manager,"ReactJS, Redux, Flask, SQL Alchemy",10.0,Active,Product Owner,Unknown
2023-02-12 11:43:00,aca84181765d7c52bfed44d36cff1030,V42,Yes,Cert Issued,2023-02-19,Tier 3 - Bears,Prescription Manager,"ReactJS, Redux, Flask, SQL Alchemy",10.0,Active,Developer,Unknown
2023-02-12 11:43:00,b4469e50a5c8f421e524f3ea9a9328c0,V42,No,No Repo Contributions,,Tier 3 - Bears,Prescription Manager,"ReactJS, Redux, Flask, SQL Alchemy",10.0,Active,Developer,Unknown
2023-02-12 11:43:00,c7330f4da122c671b935fc1d58bb02b1,V42,Yes,Cert Issued,2023-02-19,Tier 3 - Bears,Prescription Manager,"ReactJS, Redux, Flask, SQL Alchemy",10.0,Active,Developer,Unknown
2023-02-12 11:43:00,a534d012a303b4b06f62d663721793cf,V42,Yes,Cert Issued,2023-02-19,Tier 3 - Bears,Prescription Manager,"ReactJS, Redux, Flask, SQL Alchemy",10.0,Active,Voyage Guide,Unknown
2023-02-12 09:45:00,c889220aeb4adaa316404e216895856f,V42,Yes,Cert Issued,2023-02-19,Tier 2 - Geckos,Gopup,React,9.0,Active,Developer,Unknown
2023-02-12 09:45:00,883772e621c113fcfff1b5caafd6c263,V42,Yes,Cert Issued,2023-02-19,Tier 2 - Geckos,Gopup,React,9.0,Active,Developer,Unknown
2023-02-12 09:45:00,83804bd915ea4ce9884eb3d475fd5ab5,V42,Yes,Cert Issued,2023-02-19,Tier 2 - Geckos,Gopup,React,9.0,Active,Developer,Unknown
2023-02-12 09:45:00,190d83f6ae4a7da7b6605477e2dab11f,V42,Yes,Cert Issued,2023-02-19,Tier 2 - Geckos,Gopup,React,9.0,Active,Developer,Unknown
2023-02-12 09:45:00,21104ee181b21a4f14d405ddfae64d74,V42,Yes,Cert Issued,2023-02-19,Tier 2 - Geckos,Gopup,React,9.0,Active,Developer,Unknown
2023-02-12 09:24:00,9b9d53b2d3a59e47f828e5dbc1bc6a95,V42,Yes,Cert Issued,2023-02-19,Tier 2 - Geckos,Harry Potter House Sorting Quiz,"React, Sass",10.0,Active,Developer,Unknown
2023-02-12 09:24:00,7443e773f9314ec4e326203df19e7869,V42,Yes,Cert Issued,2023-02-19,Tier 2 - Geckos,Harry Potter House Sorting Quiz,"React, Sass",10.0,Active,Developer,Unknown
2023-02-12 09:24:00,0d26616b83f7f8a9931966c2464c74cd,V42,Yes,Cert Issued,2023-02-19,Tier 2 - Geckos,Harry Potter House Sorting Quiz,"React, Sass",10.0,"Active,Dropped","Developer,Developer",Unknown
2023-02-12 09:24:00,55d08e40321970196f9ee397c0c3c4b4,V42,No,No Repo Contributions,,Tier 2 - Geckos,Harry Potter House Sorting Quiz,"React, Sass",10.0,Active,Developer,Unknown
2023-02-12 09:24:00,4eea784c58f025adaf901daab549b832,V42,No,No Repo Contributions,,Tier 2 - Geckos,Harry Potter House Sorting Quiz,"React, Sass",10.0,Dropped,Developer,Unknown
2023-02-12 07:50:00,5621400ea2390519585f1b8a7e78a21f,V42,Yes,Cert Issued,2023-02-19,Tier 3 - Bears,Abracadabra,"React native, Node, Express,",10.0,Active,Developer,Unknown
2023-02-12 07:50:00,bfe1269c39571c13b486ebb54e174b50,V42,Yes,Cert Issued,2023-02-19,Tier 3 - Bears,Abracadabra,"React native, Node, Express,",10.0,Active,Developer,Unknown
2023-02-12 07:50:00,67964c9c9ed9c6900b60902db0611d49,V42,No,Unknown,,Tier 3 - Bears,Abracadabra,"React native, Node, Express,",10.0,Dropped,Developer,Unknown
2023-02-12 07:50:00,6ca816b16aec0c9a21a89a6d74a4f57e,V42,Yes,Cert Issued,2023-02-19,Tier 3 - Bears,Abracadabra,"React native, Node, Express,",10.0,Inactive,Developer,Unknown
2023-02-12 07:50:00,7481096f4d9b86ff99e6cabfc36f57b3,V42,Yes,Cert Issued,2023-02-19,Tier 3 - Bears,Abracadabra,"React native, Node, Express,",10.0,Active,Product Owner,Unknown
2023-02-12 07:50:00,3087a640378c425681741372698938c7,V42,Yes,Cert Issued,2023-02-19,Tier 3 - Bears,Abracadabra,"React native, Node, Express,",10.0,Active,Developer,Unknown
2023-02-12 06:31:00,f5b2052f3e7880254c82a0a0687e76cd,V42,Yes,Cert Issued,2023-02-19,Tier 2 - Geckos,Feelz,"React, Firebase",3.0,Active,Developer,Unknown
2023-02-12 06:31:00,dd968b72eae2d0dc8a3174704eb2d8c2,V42,Yes,Cert Issued,2023-02-19,Tier 2 - Geckos,Feelz,"React, Firebase",3.0,Active,Developer,Unknown
2023-02-12 06:31:00,744c036cb205dd4638043d451b75caf8,V42,No,No Repo Contributions,,Tier 2 - Geckos,Feelz,"React, Firebase",3.0,Active,Developer,Unknown
2023-02-12 06:31:00,fde42a475a1c10b040794c87e1df5fab,V42,Yes,Cert Issued,2023-02-19,Tier 2 - Geckos,Feelz,"React, Firebase",3.0,Active,Developer,Unknown
2023-02-12 06:31:00,fab790b964668a04a064cb8a0b217f1e,V42,Yes,Cert Issued,2023-02-19,Tier 2 - Geckos,Feelz,"React, Firebase",3.0,Active,Developer,Unknown
2023-02-12 05:49:00,c6d1845359566b77fb08be26c21d0213,V42,Yes,Cert Issued,2023-02-19,Tier 3 - Bears,Upskill,"ReactJS, Supabase/postgres, TailwindCSS, NodeJS + Express",9.0,Active,Developer,Unknown
2023-02-12 05:49:00,d2e1807288de1bef0dc8d17e0f5e85c4,V42,Yes,Cert Issued,2023-02-19,Tier 3 - Bears,Upskill,"ReactJS, Supabase/postgres, TailwindCSS, NodeJS + Express",9.0,Active,Developer,Unknown
2023-02-12 05:49:00,793a19fa05d1c343bc7e4b951ae69f55,V42,Yes,Cert Issued,2023-02-19,Tier 3 - Bears,Upskill,"ReactJS, Supabase/postgres, TailwindCSS, NodeJS + Express",9.0,Active,Developer,Unknown
2023-02-12 05:49:00,31a3ade77b421f3e65bcfe990e3c61a7,V42,No,No Repo Contributions,,Tier 3 - Bears,Upskill,"ReactJS, Supabase/postgres, TailwindCSS, NodeJS + Express",9.0,Inactive,Developer,Unknown
2023-02-12 05:49:00,98eda6684eb2e7079d147fe505d76af9,V42,Yes,Cert Issued,2023-02-19,Tier 3 - Bears,Upskill,"ReactJS, Supabase/postgres, TailwindCSS, NodeJS + Express",9.0,Active,Developer,Unknown
2023-02-11 13:29:00,48271d719e60ee66d56167b2a53fa9ea,V42,Yes,Cert Issued,2023-02-19,Tier 1 - Toucans,Factchuck - Chuck Norris Fact Generator.,HTML/CSS/JavaScript & a bit of SCSS,9.0,Active,Developer,Unknown
2023-02-11 13:29:00,726d5e8d2a07c3919690d19f6c3ede6f,V42,No,Unknown,,Tier 1 - Toucans,Factchuck - Chuck Norris Fact Generator.,HTML/CSS/JavaScript & a bit of SCSS,9.0,Active,Developer,Unknown
2023-02-11 13:29:00,ca30770ec897babde04ba9d61f2d5e5a,V42,Yes,Cert Issued,2023-02-19,Tier 1 - Toucans,Factchuck - Chuck Norris Fact Generator.,HTML/CSS/JavaScript & a bit of SCSS,9.0,Active,Developer,Unknown
2023-02-11 13:29:00,d5049216ed7af754dc0d9a17222bbd4a,V42,Yes,Cert Issued,2023-02-19,Tier 1 - Toucans,Factchuck - Chuck Norris Fact Generator.,HTML/CSS/JavaScript & a bit of SCSS,9.0,Active,Developer,Unknown
2023-02-11 07:55:00,43f8938a5e9f4f67147ffdd6025cbc31,V42,Yes,Cert Issued,2023-02-19,Tier 1 - Toucans,Serious.Ly,"HTML, CSS, JS, Tailwind",10.0,Active,Product Owner,Unknown
2023-02-11 07:55:00,dadb1aa77e5292d1c0631df0b4700f65,V42,Yes,Cert Issued,2023-02-19,Tier 1 - Toucans,Serious.Ly,"HTML, CSS, JS, Tailwind",10.0,Active,Developer,Unknown
2023-02-11 07:55:00,2a61e8e8bb5c7fefe7edd6c2c52958d7,V42,Yes,Cert Issued,2023-02-19,Tier 1 - Toucans,Serious.Ly,"HTML, CSS, JS, Tailwind",10.0,Active,Developer,Unknown
2023-02-11 07:55:00,10c44a7a76cef607de0b4fed00bee75a,V42,Yes,Cert Issued,2023-02-19,Tier 1 - Toucans,Serious.Ly,"HTML, CSS, JS, Tailwind",10.0,Active,Data Scientist,Unknown
2023-02-11 07:55:00,e2f0d711dbd3ff354746f83ddf093809,V42,Yes,Cert Issued,2023-02-19,Tier 1 - Toucans,Serious.Ly,"HTML, CSS, JS, Tailwind",10.0,Active,Developer,Unknown
2023-02-11 07:16:00,b8fa6ce2a62ba77dda38d9d10584d1be,V42,Yes,Cert Issued,2023-02-19,Tier 2 - Geckos,Chat App,React,8.0,Active,Developer,Unknown
2023-02-11 07:16:00,ed35910c8f20893a3db9ad84da79d203,V42,No,Unknown,,Tier 2 - Geckos,Chat App,React,8.0,Dropped,Developer,Unknown
2023-02-11 07:16:00,758cc6f69ba85edb96a092c2e2d233a5,V42,Yes,Cert Issued,2023-02-19,Tier 2 - Geckos,Chat App,React,8.0,Active,Developer,Unknown
2023-02-11 07:16:00,110930eccc862c6938fafe2ff2161dad,V42,No,No Repo Contributions,,Tier 2 - Geckos,Chat App,React,8.0,Inactive,Developer,Unknown
2023-02-11 05:43:00,31f5dddf9d3795e00d43cb29ae9c840a,V42,Yes,Cert Issued,2023-02-19,Tier 2 - Geckos,Drag And Drop Html Creator App,"React, Bootstrap",10.0,Active,Developer,Unknown
2023-02-11 05:43:00,9b9d53b2d3a59e47f828e5dbc1bc6a95,V42,Yes,Cert Issued,2023-02-19,Tier 2 - Geckos,Drag And Drop Html Creator App,"React, Bootstrap",10.0,"Active,Active","Voyage Guide,Voyage Guide",Unknown
2023-02-11 05:43:00,63e339347e5d467ea4679fca169fd000,V42,Yes,Cert Issued,2023-02-19,Tier 2 - Geckos,Drag And Drop Html Creator App,"React, Bootstrap",10.0,Active,Developer,Unknown
2023-02-11 05:43:00,4181ee41ca9cd36e6f6d6b359cf1d182,V42,Yes,Cert Issued,2023-02-19,Tier 2 - Geckos,Drag And Drop Html Creator App,"React, Bootstrap",10.0,Active,Developer,Unknown
2023-02-11 05:43:00,831ce2b1920cbd1b004aac1d5b0da4ac,V42,Yes,Cert Issued Via Email (Left Chingu Server),2023-02-19,Tier 2 - Geckos,Drag And Drop Html Creator App,"React, Bootstrap",10.0,Active,Developer,Unknown
2023-02-10 14:01:00,d15603436c2392becab2910762876630,V42,Yes,Cert Issued,2023-02-19,Tier 1 - Toucans,Chuckster,JavaScript,9.0,Active,Product Owner,Unknown
2023-02-10 14:01:00,25f4854d42b8213eba62c397469da413,V42,Yes,Cert Issued,2023-02-19,Tier 1 - Toucans,Chuckster,JavaScript,9.0,Active,Voyage Guide,Unknown
2023-02-10 14:01:00,79be2ffae2e4cc2d1d90896e1704eae0,V42,Yes,Cert Issued,2023-02-19,Tier 1 - Toucans,Chuckster,JavaScript,9.0,Active,Developer,Unknown
2023-02-10 14:01:00,2c34ea2ff64dff28b701c654620e7e60,V42,Yes,Cert Issued,2023-02-19,Tier 1 - Toucans,Chuckster,JavaScript,9.0,Active,Developer,Unknown
2023-02-10 08:34:00,773f1c12c01fa83a85e73193122a6a7b,V42,Yes,Cert Issued,2023-02-19,Tier 1 - Toucans,Chuck Norris App,"HTML, CSS and JavaScript",10.0,Active,Developer,Unknown
2023-02-10 08:34:00,f287dc709e6be3676b0abb71d1d0a9d1,V42,Yes,Cert Issued,2023-02-19,Tier 1 - Toucans,Chuck Norris App,"HTML, CSS and JavaScript",10.0,Active,Developer,Unknown
2023-02-10 08:34:00,553edbae93b0e2b5e4b91f878c430db5,V42,Yes,Cert Issued,2023-02-19,Tier 1 - Toucans,Chuck Norris App,"HTML, CSS and JavaScript",10.0,Active,Developer,Unknown
2023-02-10 08:34:00,7443e773f9314ec4e326203df19e7869,V42,Yes,Cert Issued,2023-02-19,Tier 1 - Toucans,Chuck Norris App,"HTML, CSS and JavaScript",10.0,Active,Voyage Guide,Unknown
2023-02-10 08:34:00,bb49723eb355c00fa9e85bae69a9acf1,V42,Yes,Cert Issued,2023-02-19,Tier 1 - Toucans,Chuck Norris App,"HTML, CSS and JavaScript",10.0,Active,Developer,Unknown
2023-02-09 08:31:00,ed4b0761b7ac7bbc7bf5b9458d8db56e,V42,Yes,Cert Issued,2023-02-19,Tier 1 - Toucans,Chucknorrisapp,"HTML,CSS,JS",8.0,Active,Developer,Unknown
2023-02-09 08:31:00,785531b0607c75a9561c407c889068ba,V42,Yes,Cert Issued,2023-02-19,Tier 1 - Toucans,Chucknorrisapp,"HTML,CSS,JS",8.0,Active,Developer,Unknown
2023-02-09 08:31:00,f8485a0d24df3cac49ffc8b65e6e8bd0,V42,No,No Contributions,,Tier 1 - Toucans,Chucknorrisapp,"HTML,CSS,JS",8.0,Inactive,Developer,Unknown
2023-02-09 08:31:00,3b4cf9e69c9463a84a60a63303758c3a,V42,No,No Contributions,,Tier 1 - Toucans,Chucknorrisapp,"HTML,CSS,JS",8.0,Inactive,Developer,Unknown
2023-02-09 08:31:00,834a5a75df6d2f6ccfc1a1e6ab4a0cbe,V42,No,No Contributions,,Tier 1 - Toucans,Chucknorrisapp,"HTML,CSS,JS",8.0,Inactive,Developer,Unknown
2023-02-07 11:11:00,1a99d978ebd37d2eaa7882deb63b9620,V42,Yes,Cert Issued,2023-02-19,Tier 3 - Bears,Chingu-Hotel-Bt30,We use MERN stack.,9.0,Active,Developer,Unknown
2023-02-07 11:11:00,aee016d52b6b36df687bcfcf3363d35c,V42,Yes,Cert Issued,2023-02-19,Tier 3 - Bears,Chingu-Hotel-Bt30,We use MERN stack.,9.0,Active,Developer,Unknown
2023-02-07 11:11:00,b8573b1d0d64e916999fed8264859cae,V42,No,No Repo Contributions,,Tier 3 - Bears,Chingu-Hotel-Bt30,We use MERN stack.,9.0,Active,Developer,Unknown
2023-02-07 11:11:00,efb6b625493c87320c0bee712336fecd,V42,No,No Repo Contributions,,Tier 3 - Bears,Chingu-Hotel-Bt30,We use MERN stack.,9.0,Inactive,Developer,Unknown
2023-02-07 11:11:00,38b589a9331f7be05d222cffaaf5aa84,V42,Yes,Cert Issued,2023-02-19,Tier 3 - Bears,Chingu-Hotel-Bt30,We use MERN stack.,9.0,Active,Developer,Unknown
2023-02-07 11:11:00,248e493bed92b79992a24a4bcac8e829,V42,Yes,Cert Issued,2023-02-19,Tier 3 - Bears,Chingu-Hotel-Bt30,We use MERN stack.,9.0,Active,Developer,Unknown
2023-02-05 10:22:00,3b4c9eafb127cb7f8394ce62371550dd,V42,Yes,Cert Issued,2023-02-19,Tier 1 - Toucans,Chuck Norris Jokes,"Vanilla JS, HTML5, CSS3",9.0,Active,Developer,Unknown
2023-02-05 10:22:00,a1781eb59656fadf167e0819390af6a6,V42,Yes,Cert Issued,2023-02-19,Tier 1 - Toucans,Chuck Norris Jokes,"Vanilla JS, HTML5, CSS3",9.0,Active,Developer,Unknown
2023-02-05 10:22:00,b7bfcd759c52cb09ab7db9adb0f25ab7,V42,Yes,Cert Issued,2023-02-19,Tier 1 - Toucans,Chuck Norris Jokes,"Vanilla JS, HTML5, CSS3",9.0,Active,Developer,Unknown
2023-01-02 13:53:00,be0e2d3b004ae7c444d839557e6a5864,V42,No,Team Closed,,Tier 2 - Geckos,Nan,,,Dropped,Developer,Unknown
2022-12-30 17:31:00,59fafd813f4fab29afee88518d2b5343,V42,Yes,Cert Issued,2023-02-19,Tier 1 - Toucans,Chuck Norris Mythos,Bootstrap 5.0,10.0,Active,Developer,Unknown
2022-12-30 06:54:00,e7107583acb47fd7d90a0051d4d650b1,V42,Yes,Cert Issued,2023-02-19,Tier 2 - Geckos,Booktown,React     Redux     Chakra-UI     Typescript     Firebase,10.0,Active,Voyage Guide,Unknown
2022-12-30 06:54:00,c9476fc1069d3ebbf36d8b237c156e32,V42,Yes,Cert Issued,2023-02-19,Tier 1 - Toucans,Chuck Norris Mythos,Bootstrap 5.0,10.0,Active,Voyage Guide,Unknown
2022-12-29 18:57:00,ee889ca6cd555fb11b0a48c08b699f13,V42,No,Team Closed,,Tier 2 - Geckos,Nan,,,Dropped,Developer,Unknown
2022-12-29 14:56:00,36c2f62a218d49fdfd6ae41ae9269149,V42,No,No Repo Contributions,,Tier 2 - Geckos,Premiumteam Ecommerce,"React, node.js,MongoDB,axios,cookies,bootstrap",10.0,Active,Developer,Unknown
2022-12-27 17:09:00,c90e48eb5f51aaacc26e53371a5b3c1c,V42,Yes,Cert Issued,2023-02-19,Tier 1 - Toucans,Chuck Norris Mythos,Bootstrap 5.0,10.0,Active,Developer,Unknown
2022-12-27 17:06:00,caaa4b0ffbd5dce46ea93e19a732d16a,V42,Yes,Cert Issued,2023-02-19,Tier 1 - Toucans,Chuck Norris Mythos,Bootstrap 5.0,10.0,Active,Developer,Unknown
2022-12-26 15:03:00,699ac684c060183936f3a64a12c6f5a3,V42,No,Team Closed,,Tier 3 - Bears,Nan,,,Dropped,Developer,Unknown
2022-12-21 11:33:00,efcbd859902bca93ea7903b239039c2c,V42,Yes,Cert Issued,2023-02-19,Tier 2 - Geckos,Booktown,React     Redux     Chakra-UI     Typescript     Firebase,10.0,Active,Developer,Unknown
2022-12-19 07:39:00,e989e963b6583d767e3586ede7b90241,V42,Yes,Cert Issued,2023-03-01,Tier 2 - Geckos,Premiumteam Ecommerce,"React, node.js,MongoDB,axios,cookies,bootstrap",10.0,Active,Developer,Unknown
2022-12-17 15:05:00,7b642894474a95f918f3961e02bd5e89,V42,No,Cert Issued,2023-02-19,Tier 2 - Geckos,Nan,,,Active,Voyage Guide,Unknown
2022-12-16 11:00:00,1bfe3ccdb6729876584bf860cc7e214c,V42,No,No Project Submission,,Tier 2 - Geckos,Nan,,,Active,Developer,Unknown
2022-12-15 15:44:00,c9476fc1069d3ebbf36d8b237c156e32,V42,No,Team Closed,,Tier 3 - Bears,Nan,,,Dropped,Developer,Unknown
2022-12-14 13:12:00,d30b043f116545819dba2d8ab3701e23,V42,No,Team Closed,,Tier 2 - Geckos,Nan,,,Dropped,Developer,Unknown
2022-12-11 08:01:00,1e02763017591e0f8cebf4e82de8eeaf,V42,No,Team Closed,,Tier 3 - Bears,Nan,,,Dropped,Developer,Unknown
2022-12-11 07:40:00,51ce829a3c1aca415ff7f381e5b82731,V42,No,Team Closed,,Tier 2 - Geckos,Nan,,,Inactive,Developer,Unknown
2022-12-08 13:03:00,19c08846b85e06c5d3ca39681e3db630,V41,Yes,Unknown,2022-12-10,Tier 3 - Bears,Avion,"Axios, React, React Router, React Icons,Tailwind CSS Styled Components,Vite ,Yarn 3.2.2 ,Fontawesome ,pnpm ,Mongodb",10.0,Active,Product Owner,Unknown
2022-12-08 13:03:00,392d3916e2a16cb5e8f2a02637daf1ff,V41,Yes,Unknown,2022-12-10,Tier 3 - Bears,Avion,"Axios, React, React Router, React Icons,Tailwind CSS Styled Components,Vite ,Yarn 3.2.2 ,Fontawesome ,pnpm ,Mongodb",10.0,Unknown,Unknown,Unknown
2022-12-08 13:03:00,1e02763017591e0f8cebf4e82de8eeaf,V41,Yes,Unknown,2022-12-10,Tier 3 - Bears,Avion,"Axios, React, React Router, React Icons,Tailwind CSS Styled Components,Vite ,Yarn 3.2.2 ,Fontawesome ,pnpm ,Mongodb",10.0,Unknown,Unknown,Unknown
2022-12-08 13:03:00,cf9c6ad39b3bf3fc35f242b1dda4a5bf,V41,No,No Activity Since 10/11,,Tier 3 - Bears,Avion,"Axios, React, React Router, React Icons,Tailwind CSS Styled Components,Vite ,Yarn 3.2.2 ,Fontawesome ,pnpm ,Mongodb",10.0,Unknown,Unknown,Unknown
2022-12-08 13:03:00,609cb81e803df324ca400be7ca34eeef,V41,No,No Activity Since 11/07,,Tier 3 - Bears,Avion,"Axios, React, React Router, React Icons,Tailwind CSS Styled Components,Vite ,Yarn 3.2.2 ,Fontawesome ,pnpm ,Mongodb",10.0,Unknown,Unknown,Unknown
2022-12-08 13:03:00,e7107583acb47fd7d90a0051d4d650b1,V41,Yes,Unknown,2022-12-10,Tier 3 - Bears,Avion,"Axios, React, React Router, React Icons,Tailwind CSS Styled Components,Vite ,Yarn 3.2.2 ,Fontawesome ,pnpm ,Mongodb",10.0,Unknown,Unknown,Unknown
2022-12-06 13:19:00,3db7fbfc42893cef13e0b613a76c20b5,V42,No,No Project Submission,,Tier 2 - Geckos,Nan,,,Active,Developer,Unknown
2022-12-05 10:33:00,f14e7a2232608a94b7a4dcb4c7eef275,V42,No,No Project Submission,,Tier 2 - Geckos,Nan,,,Active,Developer,Unknown
2022-12-02 21:35:00,289a8634ddf0e9fc386974e4ff1ffb6f,V42,No,No Project Submission,,Tier 2 - Geckos,Nan,,,Active,Developer,Unknown
2022-12-01 16:49:00,881c0f69bd4ddae2270f541b0755e2cf,V42,No,No Project Submission,,Tier 2 - Geckos,Nan,,,Active,Developer,Unknown
2022-11-24 07:44:00,75058f0f4e9a980f1d11f0bdab32c774,V42,Yes,Cert Issued,2023-02-19,Tier 2 - Geckos,Booktown,React     Redux     Chakra-UI     Typescript     Firebase,10.0,Active,Developer,Unknown
2022-11-21 02:04:00,fb28683873b3afa406f9b49ae7d42721,V42,Yes,Cert Issued,2023-03-01,Tier 2 - Geckos,Premiumteam Ecommerce,"React, node.js,MongoDB,axios,cookies,bootstrap",10.0,Active,Developer,Unknown
2022-11-17 15:17:00,80491911f3af57ce9d3bf29f214650c1,V42,No,Team Closed,,Tier 2 - Geckos,Nan,,,Skipvoyage,Developer,Unknown
2022-11-17 08:26:00,1ffcc8cda45906d11db2c97247c3ad36,V42,No,Team Closed,,Tier 3 - Bears,Nan,,,Dropped,Developer,Unknown
2022-11-14 14:02:00,7d2aba747a40e99869643468cf2eced6,V42,Yes,Cert Issued,2023-02-19,Tier 2 - Geckos,Booktown,React     Redux     Chakra-UI     Typescript     Firebase,10.0,Inactive,Developer,Unknown
2022-11-13 20:32:00,e7592dad013a476ebe520107ddf071cf,V42,Yes,Cert Issued,2023-02-19,Tier 2 - Geckos,Booktown,React     Redux     Chakra-UI     Typescript     Firebase,10.0,Inactive,Developer,Unknown
2022-11-13 18:41:00,a402c9982e6c80a39be2b3612cdee807,V41,Yes,Unknown,2022-11-20,Tier 3 - Bears,Order Up!,"React, Tailwind, Typescript, Express, Prisma, PostgreSQL, AWS-S3",10.0,Active,Developer,Unknown
2022-11-13 18:41:00,112a44cb349dddb1ffacdd1692940ecc,V41,Yes,Unknown,2022-11-20,Tier 3 - Bears,Order Up!,"React, Tailwind, Typescript, Express, Prisma, PostgreSQL, AWS-S3",10.0,Active,Developer,Unknown
2022-11-13 18:41:00,84d3a62ed13cdbd07ad9327c0494f203,V41,No,Unknown,,Tier 3 - Bears,Order Up!,"React, Tailwind, Typescript, Express, Prisma, PostgreSQL, AWS-S3",10.0,Active,Developer,Unknown
2022-11-13 18:41:00,52c9d16684e9cdf82159d32b62e959ac,V41,Yes,Unknown,2022-11-20,Tier 3 - Bears,Order Up!,"React, Tailwind, Typescript, Express, Prisma, PostgreSQL, AWS-S3",10.0,Active,Developer,Unknown
2022-11-13 18:41:00,a9b68dd5663beb83e7faeed1cb3d780b,V41,No,Unknown,,Tier 3 - Bears,Order Up!,"React, Tailwind, Typescript, Express, Prisma, PostgreSQL, AWS-S3",10.0,Dropped,Developer,Unknown
2022-11-13 18:41:00,a402c9982e6c80a39be2b3612cdee807,V41,Unknown,Unknown,,Tier 3 - Bears,Order Up!,"React, Tailwind, Typescript, Express, Prisma, PostgreSQL, AWS-S3",10.0,Unknown,Unknown,Unknown
2022-11-13 18:41:00,a402c9982e6c80a39be2b3612cdee807,V41,Unknown,Unknown,,Tier 3 - Bears,Order Up!,"React, Tailwind, Typescript, Express, Prisma, PostgreSQL, AWS-S3",10.0,Unknown,Unknown,Unknown
2022-11-13 18:41:00,a402c9982e6c80a39be2b3612cdee807,V41,Unknown,Unknown,,Tier 3 - Bears,Order Up!,"React, Tailwind, Typescript, Express, Prisma, PostgreSQL, AWS-S3",10.0,Unknown,Unknown,Unknown
2022-11-13 18:41:00,a402c9982e6c80a39be2b3612cdee807,V41,Unknown,Unknown,,Tier 3 - Bears,Order Up!,"React, Tailwind, Typescript, Express, Prisma, PostgreSQL, AWS-S3",10.0,Unknown,Unknown,Unknown
,c9476fc1069d3ebbf36d8b237c156e32,V41,Yes,Unknown,2022-11-20,Tier 1 - Toucans,Toucan Coffee,React,10.0,Active,Developer,Unknown
,ff06849a14c04e8ca92adec20d161fe6,V41,Yes,Unknown,2022-11-20,Tier 1 - Toucans,Toucan Coffee,React,10.0,Active,Developer,Unknown
,0a8fabc99fa8fedbfeaf21c247210903,V41,Yes,Unknown,2022-11-20,Tier 1 - Toucans,Toucan Coffee,React,10.0,Active,Developer,Unknown
,e7592dad013a476ebe520107ddf071cf,V41,Yes,Unknown,2022-11-20,Tier 1 - Toucans,Toucan Coffee,React,10.0,Active,Developer,Unknown
,2eea25790a273bde8a87a58c7ad7ba0d,V41,No,Inactive After 10/11,,Tier 1 - Toucans,Toucan Coffee,React,10.0,Active,Ui/Ux Designer,Unknown
,0d65f8fee54bc52767a4fa59dd197c4d,V41,Yes,Unknown,2022-11-20,Tier 1 - Toucans,Toucan Coffee,React,10.0,Active,Developer,Unknown
2022-11-13 14:23:00,bc1a03050016cd69f9e31b696451bc87,V42,Yes,Cert Issued,2023-03-01,Tier 2 - Geckos,Premiumteam Ecommerce,"React, node.js,MongoDB,axios,cookies,bootstrap",10.0,Active,Developer,Unknown
,d15603436c2392becab2910762876630,V41,Yes,Unknown,2022-11-20,Tier 3 - Bears,Pet Adoption,"React, Typescript, GraphQL",8.0,Active,Developer,Unknown
,31614e7359825307e471c3c22a97eba3,V41,Yes,Unknown,2022-11-20,Tier 3 - Bears,Pet Adoption,"React, Typescript, GraphQL",8.0,Active,Developer,Unknown
,acb276fd776c4bd94c8cbd77381a69a2,V41,Yes,Unknown,2022-11-20,Tier 3 - Bears,Pet Adoption,"React, Typescript, GraphQL",8.0,Active,Developer,Unknown
,c824a4f2e583c4d941315509a07a81a5,V41,No,Unknown,,Tier 3 - Bears,Pet Adoption,"React, Typescript, GraphQL",8.0,Active,Developer,Unknown
,b4469e50a5c8f421e524f3ea9a9328c0,V41,Yes,Unknown,2022-11-20,Tier 3 - Bears,Pet Adoption,"React, Typescript, GraphQL",8.0,Active,Developer,Unknown
,7f1c1a891eb16b2f794f89327947c1e2,V41,Yes,Unknown,2022-11-20,Tier 2 - Geckos,Nanum,"React, React Router, MUI",8.0,Active,Developer,Unknown
,bb911328ea0700c94916fc75c9aea082,V41,Yes,Unknown,2022-11-20,Tier 2 - Geckos,Nanum,"React, React Router, MUI",8.0,Inactive,Developer,Unknown
,88fb508e142c148603cf9cb5981ac55b,V41,Yes,Unknown,2022-11-20,Tier 2 - Geckos,Nanum,"React, React Router, MUI",8.0,Active,Ui/Ux Designer,Unknown
,aff22b1d3c8c79a4e6834a241d322480,V41,Yes,Unknown,2022-11-20,Tier 2 - Geckos,Nanum,"React, React Router, MUI",8.0,Unknown,Unknown,Unknown
,58b8b9edab29dc0d34489e3844d5f4df,V41,Yes,Unknown,2022-11-20,Tier 2 - Geckos,Nanum,"React, React Router, MUI",8.0,Active,Developer,Unknown
,f7eee2c831a6c6cfb338dd753672e734,V41,Yes,Unknown,2022-11-20,Tier 3 - Bears,What Is That?!,"React native, expo, sql, node.js, typescript",10.0,Active,Developer,Unknown
,40aa8c1ad764c0f3303fe73b38e2f1c5,V41,No,Didn'T Participate,,Tier 3 - Bears,What Is That?!,"React native, expo, sql, node.js, typescript",10.0,Active,Developer,Unknown
,f69a8d19b457f98d17cdcaa49e6580f9,V41,Yes,Unknown,2022-11-20,Tier 3 - Bears,What Is That?!,"React native, expo, sql, node.js, typescript",10.0,Active,Developer,Unknown
,b1fb3cea8c8260de3ba106970b24e8fb,V41,No,Unknown,,Tier 3 - Bears,What Is That?!,"React native, expo, sql, node.js, typescript",10.0,Dropped,Developer,Unknown
,dcceccc7d7aba7438762e2e46915bc33,V41,Yes,Unknown,2022-11-20,Tier 3 - Bears,What Is That?!,"React native, expo, sql, node.js, typescript",10.0,Active,Developer,Unknown
,8d354256bea69027383b135eb235d056,V41,No,Unknown,,Tier 3 - Bears,What Is That?!,"React native, expo, sql, node.js, typescript",10.0,Inactive,Developer,Unknown
,303d5554478e9c612f7a285c093ca63d,V41,Yes,Unknown,2022-11-20,Tier 2 - Geckos,Expenseless,"React, node.js",10.0,Active,Developer,Unknown
,4bf1ca17ef36d28d59a54b22d1560e28,V41,No,No Github Commits,,Tier 2 - Geckos,Expenseless,"React, node.js",10.0,Active,Developer,Unknown
,379b9599d31f8de029b313a45ebd6251,V41,Yes,Unknown,2022-11-20,Tier 2 - Geckos,Expenseless,"React, node.js",10.0,Active,Developer,Unknown
,a928465472aef39f7c63a40eef8beadf,V41,No,No Github Commits,,Tier 2 - Geckos,Expenseless,"React, node.js",10.0,Active,Developer,Unknown
,2890da8de60e44052beddf696409c4b4,V41,No,No Github Commits,,Tier 2 - Geckos,Expenseless,"React, node.js",10.0,Active,Developer,Unknown
,79efa7da21b34a9b5805399cc137ec7e,V41,No,No Github Commits,,Tier 2 - Geckos,Expenseless,"React, node.js",10.0,Active,Developer,Unknown
,31f5dddf9d3795e00d43cb29ae9c840a,V41,Yes,Unknown,2022-11-20,Tier 1 - Toucans,Weathrr,React,10.0,Active,Developer,Unknown
,f7499c4e4ff312664276536ba0d80d04,V41,Yes,Unknown,2022-11-20,Tier 1 - Toucans,Weathrr,React,10.0,Active,Developer,Unknown
,9ce2b5feb32edf0d0be7096487ab02ca,V41,Yes,Unknown,2022-11-20,Tier 1 - Toucans,Weathrr,React,10.0,Active,Ui/Ux Designer,Unknown
,7f62578e442f35f7befd75a83e8df10d,V41,No,No Contributions In Github,,Tier 1 - Toucans,Weathrr,React,10.0,Inactive,Developer,Unknown
,f5a54aa5cf0735b4c92cb18a8863e2c9,V41,No,No Contributions In Github,,Tier 1 - Toucans,Weathrr,React,10.0,Active,Developer,Unknown
,503a0cc59874f715be249dbdf103c41f,V41,Yes,Unknown,2022-11-20,Tier 3 - Bears,Teach Easy,we build it with MERN stack,10.0,Active,Developer,Unknown
,80491911f3af57ce9d3bf29f214650c1,V41,No,Unknown,,Tier 3 - Bears,Teach Easy,we build it with MERN stack,10.0,Dropped,Developer,Unknown
,4cf19e4cfe37e614a6696de20eb799ea,V41,Yes,Unknown,2022-11-20,Tier 3 - Bears,Teach Easy,we build it with MERN stack,10.0,Active,Developer,Unknown
,9c0fc7aba8ad52b5492e0f22be50b9b0,V41,No,No Github Commits,,Tier 3 - Bears,Teach Easy,we build it with MERN stack,10.0,Active,Developer,Unknown
,fb1834a0ecee74f8ec1dbca24cf421e0,V41,Yes,Unknown,2022-11-20,Tier 3 - Bears,Teach Easy,we build it with MERN stack,10.0,Active,Developer,Unknown
,c6d1845359566b77fb08be26c21d0213,V41,Yes,Unknown,2022-11-20,Tier 3 - Bears,Teach Easy,we build it with MERN stack,10.0,Active,Developer,Unknown
2022-11-08 01:41:00,20bd5afd02be871bfc5da07b3e93afc4,V42,Yes,Cert Issued,2023-03-01,Tier 2 - Geckos,Premiumteam Ecommerce,"React, node.js,MongoDB,axios,cookies,bootstrap",10.0,Active,Developer,Unknown
,24e310ce62dc11d2d38f1ead4ceae641,V41,Yes,Unknown,2022-11-20,Tier 2 - Geckos,Chatterbox,"React, Socket IO",10.0,Active,Developer,Unknown
,3fc0e2f0f645ad5cc1f494ee5ab70c34,V41,Yes,Unknown,2022-11-20,Tier 2 - Geckos,Chatterbox,"React, Socket IO",10.0,Active,Developer,Unknown
,66bade2b56830fb6a4f187fe04bb75ec,V41,No,No Activity After 10/19,,Tier 2 - Geckos,Chatterbox,"React, Socket IO",10.0,Active,Developer,Unknown
,b7e28207585691b406e100a4164ccfbd,V41,Yes,Unknown,2022-11-20,Tier 2 - Geckos,Chatterbox,"React, Socket IO",10.0,Active,Developer,Unknown
,31493f72c35759976889712ee88fe2cb,V41,No,No Activity After 10/9,,Tier 2 - Geckos,Chatterbox,"React, Socket IO",10.0,Active,Developer,Unknown
2022-11-06 04:18:00,773f1c12c01fa83a85e73193122a6a7b,V41,Yes,Unknown,2022-11-20,Tier 1 - Toucans,Membership Tool,"HTML,CSS and Javascript",10.0,Active,Developer,Unknown
2022-11-06 04:18:00,740c99d9756ce9920c7121cc09c3c045,V41,Yes,Unknown,2022-11-20,Tier 1 - Toucans,Membership Tool,"HTML,CSS and Javascript",10.0,Active,Developer,Unknown
2022-11-06 04:18:00,affb7955fba996b68996ccd5d2e2f709,V41,No,Dropped,,Tier 1 - Toucans,Membership Tool,"HTML,CSS and Javascript",10.0,Dropped,Developer,Unknown
2022-11-06 04:18:00,0240a5956b15aa5af2667ef7f6445e35,V41,Yes,Unknown,2022-11-20,Tier 1 - Toucans,Membership Tool,"HTML,CSS and Javascript",10.0,Active,Developer,Unknown
2022-11-06 04:18:00,e2e70a0380a72167da2c89760368bfbf,V41,No,No Github Contributions,,Tier 1 - Toucans,Membership Tool,"HTML,CSS and Javascript",10.0,Inactive,Developer,Unknown
2022-11-06 04:18:00,da3e87bb0d28ba4116feaf9bf8b53048,V41,Yes,Unknown,2022-11-20,Tier 1 - Toucans,Membership Tool,"HTML,CSS and Javascript",10.0,Active,Developer,Unknown
2022-11-03 22:00:00,d8faac3af8492a44ce13c10dd00d32ae,V41,Yes,Unknown,2022-11-20,Tier 1 - Toucans,Comfy Weather,React,10.0,Active,Developer,Unknown
2022-11-03 22:00:00,42411092d8a673de2960bc0ea377960b,V41,Yes,Unknown,2022-11-20,Tier 1 - Toucans,Comfy Weather,React,10.0,Active,Developer,Unknown
2022-11-03 22:00:00,a72508c77e6483f92e61048dc5604911,V41,No,No Github Contributions,,Tier 1 - Toucans,Comfy Weather,React,10.0,Inactive,Developer,Unknown
2022-11-03 22:00:00,1d8fa55372cdcfb0aff96e3c1ba8299a,V41,Yes,Unknown,2022-11-20,Tier 1 - Toucans,Comfy Weather,React,10.0,Active,Developer,Unknown
2022-11-03 22:00:00,49d9c47f491820e60e26ec0a5003b642,V41,Yes,Unknown,2022-11-20,Tier 1 - Toucans,Comfy Weather,React,10.0,Active,Ui/Ux Designer,Unknown
2022-11-03 22:00:00,86b8e3a3131ccb22d7115f485d1ec1db,V41,Yes,Unknown,2022-11-20,Tier 1 - Toucans,Comfy Weather,React,10.0,Active,Developer,Unknown
2022-11-02 08:05:00,b96bee3f597077c2a131c55d682c72b1,V42,Yes,Cert Issued,2023-02-19,Tier 2 - Geckos,Booktown,React     Redux     Chakra-UI     Typescript     Firebase,10.0,Active,Developer,Unknown
2022-10-29 08:11:00,9371642084dbd05c6572307d0f98a131,V42,No,Team Closed,,Tier 3 - Bears,Nan,,,Dropped,Developer,Unknown
2022-10-29 04:52:00,90f16f82b263e2262d29cb866f5a85d0,V42,No,Team Closed,,Tier 3 - Bears,Nan,,,Inactive,Developer,Unknown
2022-10-19 17:32:00,39c396303b9a4224a7e01d6beca946ab,V42,No,Team Closed,,Tier 2 - Geckos,Nan,,,Inactive,Developer,Unknown
2022-09-18 17:19:00,f3f353876cfb5bf8c4587a7a60a050e3,V40,Yes,Completed,2022-09-19,Tier 3 - Bears,Chingu Collaborate,"NextJS, MongoDB",8.0,Active,Developer,Unknown
2022-09-18 00:00:00,9f0802bfe06c51f6a30f580eb050821c,V40,No,Unknown,,Tier 3 - Bears,Nan,,,Active,Developer,Unknown
2022-09-18 00:00:00,21c70640c96db7ea7c64af7ba8f08119,V40,No,Unknown,,Tier 3 - Bears,Nan,,,Active,Developer,Unknown
2022-09-18 00:00:00,4271313358ab887b136cfad38824a188,V40,No,Unknown,,Tier 1 - Toucans,Nan,,,Dropped,Data Scientist,Unknown
2022-09-18 00:00:00,3e86445458fbf1dca641da5edd0b9e38,V40,No,Unknown,,Tier 3 - Bears,Nan,,,Inactive,Developer,Unknown
2022-09-18 00:00:00,253a8b17a37b2ae37b8010629946f8bd,V40,Yes,Completed,2022-09-18,Tier 2 - Geckos,Nan,,,Active,Developer,Unknown
2022-09-18 00:00:00,9ca1655282caf1c461696f8bd4c88d10,V40,No,Unknown,,Tier 3 - Bears,Nan,,,Active,Developer,Unknown
2022-09-18 00:00:00,c895145bcaadeb17525bd387ceab4a64,V40,No,Unknown,,Tier 3 - Bears,Nan,,,Inactive,Developer,Unknown
2022-09-18 00:00:00,bd2cf6fe9e6b084b55ebd3f4cb3e92ce,V40,No,Unknown,,Tier 1 - Toucans,Nan,,,Active,Product Owner,Unknown
2022-09-18 00:00:00,0d3c5576a0450c985e77ed43a1fd61cf,V40,Yes,Completed,2022-09-19,Tier 3 - Bears,Chingu Collaborate,"NextJS, MongoDB",8.0,Active,Developer,Unknown
2022-09-18 00:00:00,399e363f5813d8c987ea660b27131b23,V40,No,Unknown,,Tier 3 - Bears,Nan,,,Active,Developer,Unknown
2022-09-18 00:00:00,7bfdaf2f8ce90a80d0b5e7b89ffc98c4,V40,No,Unknown,,Tier 2 - Geckos,Nan,,,Active,Developer,Unknown
2022-09-18 00:00:00,15d6d1685275f1252062630b97db2e28,V40,No,Unknown,,Tier 3 - Bears,Nan,,,Dropped,Developer,Unknown
2022-09-18 00:00:00,f4239d388844137014ba611b20e3e641,V40,No,Unknown,,Tier 3 - Bears,Nan,,,Active,Developer,Unknown
2022-09-18 00:00:00,2422b4a17cc428f589b18ee90bd347f9,V40,No,Unknown,,Tier 3 - Bears,Nan,,,Active,Developer,Unknown
2022-09-18 00:00:00,9faad8121723156426409e3ced7f28f4,V40,No,Unknown,,Tier 3 - Bears,Nan,,,Active,Developer,Unknown
2022-09-18 00:00:00,9baf7d5c01d4cffaf7802e34ed37f3fd,V40,No,Unknown,,Tier 2 - Geckos,Nan,,,Inactive,Developer,Unknown
2022-09-18 00:00:00,378ce311633c7e47a0d9072632a609e5,V40,No,Unknown,,Tier 3 - Bears,Nan,,,Active,Developer,Unknown
2022-09-18 00:00:00,7f3a7830eec1859fb5cff85f22b436b6,V40,No,Unknown,,Tier 2 - Geckos,Nan,,,Inactive,Developer,Unknown
2022-09-18 00:00:00,ea68cc3590ee4da4319308a1489ab35b,V40,No,Unknown,,Tier 3 - Bears,Nan,,,Active,Developer,Unknown
2022-09-18 00:00:00,607b8cafc9a531622fdabb3033b5ddd4,V40,No,Unknown,,Tier 1 - Toucans,Nan,,,Active,Developer,Unknown
2022-09-18 00:00:00,6e6db349fdcaed99fb9c12ea528c8643,V40,No,Unknown,,Tier 3 - Bears,Nan,,,Active,Developer,Unknown
2022-09-18 00:00:00,22464860ea45ab58b7839d9d0dadf9a2,V40,No,Unknown,,Tier 3 - Bears,Nan,,,Active,Developer,Unknown
2022-09-18 00:00:00,531d37039c7bfca169eb38bc29671aea,V40,No,Unknown,,Tier 3 - Bears,Nan,,,Dropped,Developer,Unknown
2022-09-18 00:00:00,4cf19e4cfe37e614a6696de20eb799ea,V40,No,Unknown,,Tier 3 - Bears,Nan,,,Active,Developer,Unknown
2022-09-18 00:00:00,2c7a0dc31c745cae70a503ff2dbb859c,V40,No,Unknown,,Tier 3 - Bears,Nan,,,Active,Developer,Unknown
2022-09-18 00:00:00,e93e7da323d7ef18ae52baacbd2e266f,V40,No,Unknown,,Tier 3 - Bears,Nan,,,Active,Developer,Unknown
2022-09-18 00:00:00,17edec0ac7bb38efebbe20c3f7d283d7,V40,No,Unknown,,Tier 3 - Bears,Nan,,,Active,Developer,Unknown
2022-09-18 00:00:00,f8e875591026aad3ecda7f2d1a45193f,V40,No,Unknown,,Tier 3 - Bears,Nan,,,Inactive,Data Scientist,Unknown
2022-09-18 00:00:00,6fce3f2b8fc2fba13b024757e05f089e,V40,No,Unknown,,Tier 3 - Bears,Nan,,,Active,Developer,Unknown
2022-09-18 00:00:00,f637286563b3a0d9642f1fe61fadaf44,V40,No,Unknown,,Tier 3 - Bears,Nan,,,Active,Developer,Unknown
2022-09-18 00:00:00,adacdb989a4c9e40a9a94ca6fb86ad07,V40,No,Unknown,,Tier 3 - Bears,Nan,,,Active,Developer,Unknown
2022-09-18 00:00:00,cd2d43303adc51448038df09433b84f8,V40,No,Unknown,,Tier 3 - Bears,Nan,,,Active,Developer,Unknown
2022-09-18 00:00:00,503a0cc59874f715be249dbdf103c41f,V40,No,Unknown,,Tier 2 - Geckos,Nan,,,Active,Developer,Unknown
2022-09-18 00:00:00,1086bb4bbe4c7a4121d0f344eb49366d,V40,No,Unknown,,Tier 3 - Bears,Nan,,,Active,Developer,Unknown
2022-09-18 00:00:00,45d60cdd40d89ef42580d013f549ddd0,V40,No,Unknown,,Tier 2 - Geckos,Nan,,,Inactive,Data Scientist,Unknown
2022-09-18 00:00:00,dc194902cb5837390730a377b317cf0c,V40,No,Unknown,,Tier 2 - Geckos,Nan,,,Inactive,Ui/Ux Designer,Unknown
2022-09-18 00:00:00,45089cedbb6a40e3f48fcbb6e875e9cb,V40,Yes,Completed,2022-09-24,Tier 3 - Bears,Apch,"React, Redux Toolkit, chart.js, tailwindcss, vite, prettier, husky, yarn 3.2.2, react-icons",10.0,Active,Developer,Unknown
2022-09-18 00:00:00,bab51822ae3027a214f3ea9d563b1e8d,V40,No,Unknown,,Tier 1 - Toucans,Nan,,,Active,Developer,Unknown
2022-09-18 00:00:00,bf88b8d5a52a194e1ab4cafa4620b278,V40,No,Unknown,,Tier 3 - Bears,Nan,,,Active,Developer,Unknown
2022-09-18 00:00:00,fc9076d3989901f20516768d1b60608d,V40,No,Unknown,,Tier 1 - Toucans,Nan,,,Inactive,Developer,Unknown
2022-09-18 00:00:00,01038218b9964f0efc1f94b27cd0af44,V40,No,Unknown,,Tier 3 - Bears,Nan,,,Active,Developer,Unknown
2022-09-18 00:00:00,0240a5956b15aa5af2667ef7f6445e35,V40,No,Unknown,,Tier 1 - Toucans,Nan,,,Active,Developer,Unknown
2022-09-18 00:00:00,7a4e24a32c08f6fc85ecedd535482743,V40,No,Unknown,,Tier 3 - Bears,Nan,,,Inactive,Developer,Unknown
2022-09-18 00:00:00,7f484d4f63c26d995a3affc5539b232e,V40,Yes,Completed,2022-09-24,Tier 3 - Bears,Apch,"React, Redux Toolkit, chart.js, tailwindcss, vite, prettier, husky, yarn 3.2.2, react-icons",10.0,Active,Developer,Unknown
2022-09-18 00:00:00,8c22c4d13638836cd0fbdf629e14a0c8,V40,Yes,Completed,2022-09-19,Tier 3 - Bears,Chingu Collaborate,"NextJS, MongoDB",8.0,Inactive,Developer,Unknown
2022-09-18 00:00:00,c5b3d701d530aa04e15f9a88260fa42a,V40,No,Unknown,,Tier 3 - Bears,Nan,,,Active,Developer,Unknown
2022-09-18 00:00:00,9cd25a6643a30ba29d62f20f60e91466,V40,No,Unknown,,Tier 3 - Bears,Nan,,,Active,Developer,Unknown
2022-09-18 00:00:00,61c91c476c68e142e49a8ff6cf8968e5,V40,No,Unknown,,Tier 3 - Bears,Nan,,,Active,Developer,Unknown
2022-09-18 00:00:00,c8eed74903787a8b2033e55c62ff3a97,V40,No,Unknown,,Tier 3 - Bears,Nan,,,Active,Developer,Unknown
2022-09-18 00:00:00,bcbbefa93c5cc95cc0f6cc0b475622f1,V40,No,Unknown,,Tier 3 - Bears,Nan,,,Active,Developer,Unknown
2022-09-18 00:00:00,6e72d95a4a7a08fd0fe6ac053b3a5e2b,V40,No,Unknown,,Tier 2 - Geckos,Nan,,,Inactive,Developer,Unknown
2022-09-18 00:00:00,d597099672a1484be8dd4a7aaf31b15c,V40,No,Unknown,,Tier 2 - Geckos,Nan,,,Inactive,Developer,Unknown
2022-09-18 00:00:00,ff7d734c064fa626a4a4da32f8a72363,V40,No,Unknown,,Tier 1 - Toucans,Nan,,,Dropped,Developer,Unknown
2022-09-18 00:00:00,a1135711300f765960b1783f6d4acd54,V40,No,Unknown,,Tier 3 - Bears,Nan,,,Dropped,Developer,Unknown
2022-09-18 00:00:00,cf9c6ad39b3bf3fc35f242b1dda4a5bf,V40,Yes,Completed,2022-09-24,Tier 3 - Bears,Apch,"React, Redux Toolkit, chart.js, tailwindcss, vite, prettier, husky, yarn 3.2.2, react-icons",10.0,Active,Developer,Unknown
2022-09-18 00:00:00,e3c274650cbfe40d7ba7db59aa3dc500,V40,No,Unknown,,Tier 3 - Bears,Nan,,,Active,Developer,Unknown
2022-09-18 00:00:00,7e70c5dc2ffdd885c418fd0e8264fb85,V40,No,Unknown,,Tier 3 - Bears,Nan,,,Active,Developer,Unknown
2022-09-18 00:00:00,3db7fbfc42893cef13e0b613a76c20b5,V40,No,Unknown,,Tier 3 - Bears,Nan,,,Active,Developer,Unknown
2022-09-18 00:00:00,d21bdb80cba9b2c9a33738df0f8927f0,V40,No,Unknown,,Tier 3 - Bears,Nan,,,Inactive,Developer,Unknown
2022-09-18 00:00:00,cbe76727c2dc46f35f288c0dfa4ec89f,V40,No,Unknown,,Tier 1 - Toucans,Nan,,,Unknown,Unknown,Unknown
2022-09-18 00:00:00,70d8a764d770397dd00f716ea0e66453,V40,No,Unknown,,Tier 2 - Geckos,Nan,,,Active,Developer,Unknown
2022-09-18 00:00:00,c3a8f713cceb3de09780032ade5310cd,V40,No,Unknown,,Tier 2 - Geckos,Nan,,,Inactive,Developer,Unknown
2022-09-18 00:00:00,bd2989f2d8b83ab720193f2ebb24f986,V40,No,Unknown,,Tier 3 - Bears,Nan,,,Active,Developer,Unknown
2022-09-18 00:00:00,a4bbfad06e9cf9037c2f1baa4359916e,V40,No,Unknown,,Tier 3 - Bears,Nan,,,Skipvoyage,Developer,Unknown
2022-09-18 00:00:00,0b54a4645cd0e640a2af955297eec0a4,V40,No,Unknown,,Tier 3 - Bears,Nan,,,Active,Ui/Ux Designer,Unknown
2022-09-18 00:00:00,11174963a933eb8e4342e81e801b21bf,V40,No,Unknown,,Tier 2 - Geckos,Nan,,,Inactive,Developer,Unknown
2022-09-18 00:00:00,2cb9315885b3515341f41ded999f169d,V40,No,Unknown,,Tier 1 - Toucans,Nan,,,Dropped,Developer,Unknown
2022-09-18 00:00:00,781a4fc6157d36da7073acd021339efd,V40,No,Unknown,,Tier 2 - Geckos,Nan,,,Inactive,Developer,Unknown
2022-09-18 00:00:00,ff55ce7a397f37e6f1a902082a3f49d7,V40,No,Unknown,,Tier 1 - Toucans,Nan,,,Inactive,Developer,Unknown
2022-09-18 00:00:00,56fa1cf249f9ea98251cb887ac0cef7f,V40,No,Unknown,,Tier 3 - Bears,Nan,,,Active,Developer,Unknown
2022-09-18 00:00:00,ad30f68afbfc425818be5b9124a07e49,V40,No,Unknown,,Tier 1 - Toucans,Nan,,,Inactive,Developer,Unknown
2022-09-18 00:00:00,042dfafaa163b403a531ed5d30277b13,V40,No,Unknown,,Tier 3 - Bears,Nan,,,Active,Developer,Unknown
2022-09-18 00:00:00,a928465472aef39f7c63a40eef8beadf,V40,No,Unknown,,Tier 1 - Toucans,Nan,,,Active,Developer,Unknown
2022-09-18 00:00:00,9114f33d785cda08d29ecb2c81f3548b,V40,No,Unknown,,Tier 3 - Bears,Nan,,,Active,Developer,Unknown
2022-09-18 00:00:00,b8fa6ce2a62ba77dda38d9d10584d1be,V40,Yes,Completed,2022-09-18,Tier 2 - Geckos,Nan,,,Active,Developer,Unknown
2022-09-18 00:00:00,4778cedadf592d8a86b286ab4d97b767,V40,No,Insufficient Commits,,Tier 3 - Bears,Chingu Collaborate,"NextJS, MongoDB",8.0,Active,Developer,Unknown
2022-09-18 00:00:00,562f3d284342c6b3ddc0b6d7a04ae21d,V40,No,Unknown,,Tier 1 - Toucans,Nan,,,Dropped,Developer,Unknown
2022-09-18 00:00:00,fb1834a0ecee74f8ec1dbca24cf421e0,V40,No,Unknown,,Tier 3 - Bears,Nan,,,Active,Developer,Unknown
2022-09-18 00:00:00,4db1b6233fa4ba5482c6117c3fa13f41,V40,No,Dropped,,Tier 3 - Bears,Apch,"React, Redux Toolkit, chart.js, tailwindcss, vite, prettier, husky, yarn 3.2.2, react-icons",10.0,Dropped,Developer,Unknown
2022-09-18 00:00:00,e2012c208a09ed5c2173db1fae92c775,V40,No,Insufficient Commits,,Tier 3 - Bears,Chingu Collaborate,"NextJS, MongoDB",8.0,Dropped,Developer,Unknown
2022-09-18 00:00:00,6e3ea5f6e629542affa93de52f384e58,V40,No,Unknown,,Tier 2 - Geckos,Nan,,,Active,Developer,Unknown
2022-09-18 00:00:00,19c86d5c13049342bbadda161f41e763,V40,No,Unknown,,Tier 2 - Geckos,Nan,,,Inactive,Developer,Unknown
2022-09-18 00:00:00,1dfa52d0c4235aac605e47fd33c8e519,V40,No,Unknown,,Tier 2 - Geckos,Nan,,,Active,Developer,Unknown
2022-09-18 00:00:00,c4790959a86f3ee5992fb59439b0ed98,V40,No,Unknown,,Tier 3 - Bears,Nan,,,Active,Developer,Unknown
2022-09-18 00:00:00,28960b9bece63552c34cf353a0f21666,V40,No,Unknown,,Tier 3 - Bears,Nan,,,Active,Developer,Unknown
2022-09-18 00:00:00,bc8789301173a77407eae831754b4f6f,V40,No,Unknown,,Tier 3 - Bears,Nan,,,Dropped,Developer,Unknown
2022-09-18 00:00:00,1aed759663b61a5209eb0e7c8faa7b66,V40,Yes,Completed,2022-09-18,Tier 2 - Geckos,Nan,,,Active,Developer,Unknown
2022-09-18 00:00:00,67482ef8bd73344fcf40a355c52ba5b7,V40,No,Unknown,,Tier 3 - Bears,Nan,,,Active,Developer,Unknown
2022-09-18 00:00:00,736f5f39d84e9e389ba7844f2cb4aca4,V40,No,Insufficient Commits,,Tier 3 - Bears,Chingu Collaborate,"NextJS, MongoDB",8.0,Dropped,Developer,Unknown
2022-09-18 00:00:00,29444fdf5c5db29390a922efd15a4e1a,V40,No,Unknown,,Tier 3 - Bears,Nan,,,Active,Developer,Unknown
2022-09-18 00:00:00,49989dd1f3f27efd6b6b6c5631a8e516,V40,No,Unknown,,Tier 3 - Bears,Nan,,,Active,Developer,Unknown
2022-09-18 00:00:00,e2d203cb6963d78828844eb285d9b197,V40,No,Unknown,,Tier 2 - Geckos,Nan,,,Active,Developer,Unknown
2022-09-18 00:00:00,7de0b83738f2d0c06afb30816a9a6c03,V40,No,Unknown,,Tier 3 - Bears,Nan,,,Active,Developer,Unknown
2022-09-18 00:00:00,82f38f4ac58b1edd859e04738c1425e5,V40,No,Unknown,,Tier 3 - Bears,Nan,,,Active,Developer,Unknown
2022-09-14 01:37:00,f71354fd043534be7705d7954d9aaad1,V40,Yes,Completed,2022-09-18,Tier 2 - Geckos,Kanban Task Management App,React Redux Styled Components Express MongoDB,8.0,Dropped,Developer,Unknown
2022-09-14 01:37:00,0206c897e164ba273b85a2f705c6f322,V40,Yes,Completed,2022-09-18,Tier 2 - Geckos,Kanban Task Management App,React Redux Styled Components Express MongoDB,8.0,Active,Developer,Unknown
2022-09-14 01:37:00,337b5906d57fec7605ad3a43f85684f6,V40,Yes,Completed,2022-09-18,Tier 2 - Geckos,Kanban Task Management App,React Redux Styled Components Express MongoDB,8.0,Active,Developer,Unknown
2022-09-14 01:37:00,4a78f7148a1534339d0110ce07e42299,V40,Yes,Completed,2022-09-18,Tier 2 - Geckos,Kanban Task Management App,React Redux Styled Components Express MongoDB,8.0,Active,Developer,Unknown
2022-09-14 01:37:00,fc160afbe4330bc16a95736c9fc01a8c,V40,No,Insufficient Commits,,Tier 2 - Geckos,Kanban Task Management App,React Redux Styled Components Express MongoDB,8.0,Active,Developer,Unknown
2022-09-14 00:59:00,6e3ea5f6e629542affa93de52f384e58,V40,Yes,Completed,2022-09-18,Tier 2 - Geckos,Gecko Learn,"React, Webpack, CSS",8.0,Active,Developer,Unknown
2022-09-14 00:59:00,0ea629eda9fb6d8a29bd1e4a6b5fd77d,V40,No,No Commits,,Tier 2 - Geckos,Gecko Learn,"React, Webpack, CSS",8.0,Active,Developer,Unknown
2022-09-14 00:59:00,0dd5fa7c3a0414282812e9f079546ba2,V40,No,No Commits,,Tier 2 - Geckos,Gecko Learn,"React, Webpack, CSS",8.0,Active,Developer,Unknown
2022-09-14 00:59:00,8b9f903191f73150fed360165d5782a0,V40,No,Insufficient Commits,,Tier 2 - Geckos,Gecko Learn,"React, Webpack, CSS",8.0,Inactive,Developer,Unknown
2022-09-14 00:59:00,ff21f0dbc3c85f8522f333b9c970ec97,V40,No,No Commits,,Tier 2 - Geckos,Gecko Learn,"React, Webpack, CSS",8.0,Dropped,Developer,Unknown
2022-09-14 00:59:00,fc21938e5d6a455e072800187481b7ca,V40,No,No Commits,,Tier 2 - Geckos,Gecko Learn,"React, Webpack, CSS",8.0,Active,Developer,Unknown
2022-09-13 07:58:00,19c08846b85e06c5d3ca39681e3db630,V40,Yes,Completed,2022-09-24,Tier 3 - Bears,Apch,"React, Redux Toolkit, chart.js, tailwindcss, vite, prettier, husky, yarn 3.2.2, react-icons",10.0,Unknown,Unknown,Unknown
2022-09-12 21:14:00,19c08846b85e06c5d3ca39681e3db630,V34,Unknown,Unknown,,Tier 3 - Bears,Apch,"React, Redux Toolkit, chart.js, tailwindcss, vite, prettier, husky, yarn 3.2.2, react-icons",10.0,Unknown,Unknown,Unknown
2022-09-12 17:46:00,24e310ce62dc11d2d38f1ead4ceae641,V40,Yes,Completed,2022-09-18,Tier 1 - Toucans,Weather App,Vanilla HTML CSS and JS,10.0,Unknown,Unknown,Unknown
2022-09-12 17:46:00,db4be81311e441cbebbb6b8f3dbe2c9f,V40,Yes,Completed,2022-09-18,Tier 1 - Toucans,Weather App,Vanilla HTML CSS and JS,10.0,Active,Developer,Unknown
2022-09-12 17:46:00,d847b6414dfab20daa3b2d84ac9b0ee7,V40,Yes,Completed,2022-09-18,Tier 1 - Toucans,Weather App,Vanilla HTML CSS and JS,10.0,Active,Developer,Unknown
2022-09-12 15:33:00,e388b81e82032084a807d1af91327f16,V40,Yes,Completed,2022-09-18,Tier 3 - Bears,Rapid Fire,"React, NodeJS, Rest, MongoDB, GitHub",10.0,Inactive,Developer,Unknown
2022-09-12 15:33:00,12479964c85c8410a54c1998168b2bd7,V40,No,Insufficient Commits,,Tier 3 - Bears,Rapid Fire,"React, NodeJS, Rest, MongoDB, GitHub",10.0,Inactive,Developer,Unknown
2022-09-12 15:33:00,3cc99ef64e89a77aae8a16c2497a1b11,V40,No,Insufficient Commits,,Tier 3 - Bears,Rapid Fire,"React, NodeJS, Rest, MongoDB, GitHub",10.0,Inactive,Developer,Unknown
2022-09-12 15:33:00,65743b2a3d79576e7148075daaa166d0,V40,No,Insufficient Commits,,Tier 3 - Bears,Rapid Fire,"React, NodeJS, Rest, MongoDB, GitHub",10.0,Inactive,Developer,Unknown
2022-09-12 10:58:00,eecc21416fb32d960d6543ec0ff0df99,V40,Yes,Completed,2022-09-18,Tier 3 - Bears,Books Hut,"PERN - PostgreSQL, Express, React, Node.js.",8.0,Active,Developer,Unknown
2022-09-12 10:58:00,db6d440736c990d7db6153d5f9290ee2,V40,No,Insufficient Commits,,Tier 3 - Bears,Books Hut,"PERN - PostgreSQL, Express, React, Node.js.",8.0,Active,Developer,Unknown
2022-09-12 10:58:00,9d816399bbe7cb9721968dd12af98e0b,V40,No,Insufficient Commits,,Tier 3 - Bears,Books Hut,"PERN - PostgreSQL, Express, React, Node.js.",8.0,Active,Developer,Unknown
2022-09-12 10:58:00,b908b241588e9979b49506155a75be94,V40,Yes,Completed,2022-09-18,Tier 3 - Bears,Books Hut,"PERN - PostgreSQL, Express, React, Node.js.",8.0,Unknown,Unknown,Unknown
2022-09-12 10:58:00,70d143e4c2792d3a1b97854a0fd91a62,V40,No,Insufficient Commits,,Tier 3 - Bears,Books Hut,"PERN - PostgreSQL, Express, React, Node.js.",8.0,Active,Developer,Unknown
2022-09-12 10:58:00,dcceccc7d7aba7438762e2e46915bc33,V40,Yes,Completed,2022-09-18,Tier 3 - Bears,Books Hut,"PERN - PostgreSQL, Express, React, Node.js.",8.0,Active,Developer,Unknown
2022-09-12 09:37:00,21d8a9d7b18bb31359965d593c78bbf5,V40,No,No Commits,,Tier 1 - Toucans,No Name,"Html, CSS and SCSS",7.0,Inactive,Developer,Unknown
2022-09-12 09:37:00,a594eb539bef774ed4fc9de23b674123,V40,No,No Commits,,Tier 1 - Toucans,No Name,"Html, CSS and SCSS",7.0,Active,Developer,Unknown
2022-09-12 09:37:00,97188c8979d4e27ae785aeb3568c92cc,V40,No,No Commits,,Tier 1 - Toucans,No Name,"Html, CSS and SCSS",7.0,Active,Developer,Unknown
2022-09-12 09:37:00,f43aaf17d49fed32589823f3bd4ae5d3,V40,No,No Deployed Url + No Js,,Tier 1 - Toucans,No Name,"Html, CSS and SCSS",7.0,Active,Ui/Ux Designer,Unknown
2022-09-11 20:25:00,8f3bd505f378b0981e2c5ad72ccd0f45,V40,Yes,Completed,2022-09-18,Tier 1 - Toucans,Minimalist Baker Clone,"React, Tailwind CSS",6.0,Active,Developer,Unknown
2022-09-11 20:25:00,e260ae5cc9bedc5981d3619159a35ca0,V40,Yes,Completed,2022-09-18,Tier 1 - Toucans,Minimalist Baker Clone,"React, Tailwind CSS",6.0,Active,Developer,Unknown
2022-09-11 20:25:00,311e91dbd3ed256cc63bb1c13eab092a,V40,No,Unknown,,Tier 1 - Toucans,Minimalist Baker Clone,"React, Tailwind CSS",6.0,Active,Developer,Unknown
2022-09-11 20:25:00,25f4854d42b8213eba62c397469da413,V40,Yes,Completed,2022-09-18,Tier 1 - Toucans,Minimalist Baker Clone,"React, Tailwind CSS",6.0,Active,Developer,Unknown
2022-09-11 20:25:00,5b3c10e7cf7b3fdb7fbec731d66d9a72,V40,Yes,Completed,2022-09-18,Tier 1 - Toucans,Minimalist Baker Clone,"React, Tailwind CSS",6.0,Active,Developer,Unknown
2022-09-11 20:25:00,29e03dbd2bbdd0bdba023b2e5f921755,V40,Yes,Left Discord At End Of Voyage,,Tier 1 - Toucans,Minimalist Baker Clone,"React, Tailwind CSS",6.0,Active,Developer,Unknown
2022-09-11 18:51:00,e13a7db7e76e6ae543f986108c2448d2,V40,Yes,Completed,2022-09-18,Tier 1 - Toucans,T3 Gym Home Page/Brochure Site,"HTML, CSS and JavaScript",9.0,Active,Developer,Unknown
2022-09-11 18:51:00,3ec4d82c6983605d429a88e01c3a28f0,V40,Yes,Completed,2022-09-18,Tier 1 - Toucans,T3 Gym Home Page/Brochure Site,"HTML, CSS and JavaScript",9.0,Active,Developer,Unknown
2022-09-11 18:51:00,2ef88f31fc432a5928df82130efb9027,V40,Yes,Completed,2022-09-19,Tier 1 - Toucans,T3 Gym Home Page/Brochure Site,"HTML, CSS and JavaScript",9.0,Inactive,Developer,Unknown
2022-09-11 18:51:00,97940a894385a4a3b719a895421f4ea3,V40,No,No Commits,,Tier 1 - Toucans,T3 Gym Home Page/Brochure Site,"HTML, CSS and JavaScript",9.0,Inactive,Developer,Unknown
2022-09-11 17:24:00,dd63eecc29171a5159f1db9aef2c3a6a,V40,Yes,Completed,2022-09-18,Tier 2 - Geckos,My Carbon Footprint,"t3 stack (NextTs, React, TailwindCSS, TRPC, Prisma (MySQL)). Production providers are Vercel and PlanetScale.",9.0,Active,Developer,Unknown
2022-09-11 17:24:00,b13a0436e62ad4106f4f9013e4b5e547,V40,No,Left Discord,,Tier 2 - Geckos,My Carbon Footprint,"t3 stack (NextTs, React, TailwindCSS, TRPC, Prisma (MySQL)). Production providers are Vercel and PlanetScale.",9.0,Dropped,Developer,Unknown
2022-09-11 17:24:00,92ffccf99fcf808e468fc808d0313f81,V40,Yes,Completed,2022-09-18,Tier 2 - Geckos,My Carbon Footprint,"t3 stack (NextTs, React, TailwindCSS, TRPC, Prisma (MySQL)). Production providers are Vercel and PlanetScale.",9.0,Active,Developer,Unknown
2022-09-11 17:24:00,d15603436c2392becab2910762876630,V40,Yes,Completed,2022-09-18,Tier 2 - Geckos,My Carbon Footprint,"t3 stack (NextTs, React, TailwindCSS, TRPC, Prisma (MySQL)). Production providers are Vercel and PlanetScale.",9.0,Active,Developer,Unknown
2022-09-11 17:24:00,df6cbd15fb2ddb2d86c39493fb6f65ce,V40,No,Insufficient Commits,,Tier 2 - Geckos,My Carbon Footprint,"t3 stack (NextTs, React, TailwindCSS, TRPC, Prisma (MySQL)). Production providers are Vercel and PlanetScale.",9.0,Active,Developer,Unknown
2022-09-11 17:24:00,3d9d953c6b359d85b0a37e2aaeeffbb7,V40,Yes,Completed,2022-09-18,Tier 2 - Geckos,My Carbon Footprint,"t3 stack (NextTs, React, TailwindCSS, TRPC, Prisma (MySQL)). Production providers are Vercel and PlanetScale.",9.0,Active,Developer,Unknown
2022-09-11 17:24:00,8756e95df0c58e80dd3d83b86cd3b3b5,V40,Yes,Completed,2022-09-18,Tier 2 - Geckos,My Carbon Footprint,"t3 stack (NextTs, React, TailwindCSS, TRPC, Prisma (MySQL)). Production providers are Vercel and PlanetScale.",9.0,Active,Developer,Unknown
2022-09-11 17:09:00,fefd41b98d9801a3c4e987f7eeccd991,V40,Yes,Completed,2022-09-18,Tier 3 - Bears,Envoy,react node express postgres,10.0,Active,Developer,Unknown
2022-09-11 17:09:00,e7107583acb47fd7d90a0051d4d650b1,V40,Yes,Completed,2022-09-18,Tier 3 - Bears,Envoy,react node express postgres,10.0,Active,Developer,Unknown
2022-09-11 17:09:00,232ed8c524352df236f954c9c4d17583,V40,Yes,Completed,2022-09-18,Tier 3 - Bears,Envoy,react node express postgres,10.0,Active,Developer,Unknown
2022-09-11 17:09:00,e60735090b416603dabb6f3ed19806d4,V40,No,Dropped,,Tier 3 - Bears,Envoy,react node express postgres,10.0,Dropped,Developer,Unknown
2022-09-11 11:08:00,499312bb45ff68f3f539d14f483a9292,V40,Yes,Completed,2022-09-18,Tier 3 - Bears,Notum,"React, MongoDB, Node/Express, TypeScript",8.0,Active,Developer,Unknown
2022-09-11 11:08:00,db4ea0f8d8b98d5b142a801bc2f37966,V40,Yes,Completed,2022-09-18,Tier 3 - Bears,Notum,"React, MongoDB, Node/Express, TypeScript",8.0,Active,Developer,Unknown
2022-09-11 11:08:00,21e955be8dac277df858ac275c66f3a9,V40,Yes,Completed,2022-09-18,Tier 3 - Bears,Notum,"React, MongoDB, Node/Express, TypeScript",8.0,Active,Developer,Unknown
2022-09-11 11:08:00,eb4244ad5f0aa5cbd035713a6b0d7a18,V40,Yes,Completed,2022-09-18,Tier 3 - Bears,Notum,"React, MongoDB, Node/Express, TypeScript",8.0,Active,Developer,Unknown
2022-09-11 11:08:00,60ada7fbeea0510c7e23d3bf2ada0dfe,V40,No,Insufficient Commits,,Tier 3 - Bears,Notum,"React, MongoDB, Node/Express, TypeScript",8.0,Inactive,Developer,Unknown
2022-09-11 11:08:00,bfddf6c8980399ff28bed4604e5550eb,V40,Yes,Completed,2022-09-18,Tier 3 - Bears,Notum,"React, MongoDB, Node/Express, TypeScript",8.0,Inactive,Developer,Unknown
2022-09-11 09:46:00,751795579047737d1037a8b124b0aaf2,V40,Yes,Completed,2022-09-18,Tier 2 - Geckos,Wedesign,"React, Firebase, npm",10.0,Active,Developer,Unknown
2022-09-11 09:46:00,991fb2bfdeb3199012a26954ed83a5a9,V40,No,No Commits,,Tier 2 - Geckos,Wedesign,"React, Firebase, npm",10.0,Unknown,Unknown,Unknown
2022-09-11 09:46:00,b56e456e9decf043997843d324eaede0,V40,Yes,Completed,2022-09-18,Tier 2 - Geckos,Wedesign,"React, Firebase, npm",10.0,Active,Developer,Unknown
2022-09-11 09:46:00,7fa99edc9e35d2fda8099d4c1d3093ba,V40,Yes,Completed,2022-09-18,Tier 2 - Geckos,Wedesign,"React, Firebase, npm",10.0,Active,Developer,Unknown
2022-09-11 09:46:00,9639a8028a06a8e6435f5fea20e96ce8,V40,Yes,Completed,2022-09-18,Tier 2 - Geckos,Wedesign,"React, Firebase, npm",10.0,Active,Developer,Donation
2022-09-11 09:46:00,4e1e9195a8bdc244876ffd8fb954e5c8,V40,No,No Commits,,Tier 2 - Geckos,Wedesign,"React, Firebase, npm",10.0,Active,Developer,Unknown
2022-09-11 03:10:00,7f1c1a891eb16b2f794f89327947c1e2,V40,Yes,Completed,2022-09-18,Tier 1 - Toucans,[Note](Me),"HTML/CSS, Vanilla JS, Vite, DOMPurify, Marked, ESLint",10.0,Active,Developer,Unknown
2022-09-11 03:10:00,b0d03d28d35186e935aa0476d9f9087e,V40,No,No Commits,,Tier 1 - Toucans,[Note](Me),"HTML/CSS, Vanilla JS, Vite, DOMPurify, Marked, ESLint",10.0,Active,Developer,Unknown
2022-09-11 03:10:00,9e87e06d7f4dbaf089824754f426e094,V40,Yes,Completed,2022-09-18,Tier 1 - Toucans,[Note](Me),"HTML/CSS, Vanilla JS, Vite, DOMPurify, Marked, ESLint",10.0,Active,Developer,Unknown
2022-09-11 03:10:00,0c8cc2f8038d8e59f09c4775e793e21d,V40,Yes,Completed,2022-09-18,Tier 1 - Toucans,[Note](Me),"HTML/CSS, Vanilla JS, Vite, DOMPurify, Marked, ESLint",10.0,Active,Developer,Unknown
2022-09-11 03:10:00,f8aed8b6b1866b9372be71e0deab691b,V40,No,No Commits,,Tier 1 - Toucans,[Note](Me),"HTML/CSS, Vanilla JS, Vite, DOMPurify, Marked, ESLint",10.0,Active,Developer,Unknown
2022-09-11 00:46:00,d2bb1b9f7d79fe2f6519d80e914f8bc7,V40,Yes,Completed,2022-09-18,Tier 2 - Geckos,Ez Cocktails,React,9.0,Active,Developer,Unknown
2022-09-11 00:46:00,856a318605f1745790a2c51591b7b370,V40,Yes,Completed,2022-09-18,Tier 2 - Geckos,Ez Cocktails,React,9.0,Active,Developer,Unknown
2022-09-11 00:46:00,f572b9a8cd9087faf0b9176a6e146faa,V40,Yes,Completed,2022-09-18,Tier 2 - Geckos,Ez Cocktails,React,9.0,Active,Developer,Unknown
2022-09-10 10:51:00,7443e773f9314ec4e326203df19e7869,V40,Yes,Completed,2022-09-18,Tier 1 - Toucans,Toucan T-Shirts,"HTML, CSS, Bootstrap, Vanilla JavaScript",9.0,Active,Developer,Unknown
2022-09-10 10:51:00,3b4cf9e69c9463a84a60a63303758c3a,V40,Yes,Completed,2022-09-18,Tier 1 - Toucans,Toucan T-Shirts,"HTML, CSS, Bootstrap, Vanilla JavaScript",9.0,Active,Developer,Unknown
2022-09-10 10:51:00,5244c0c332e8a347a6be77bfe2899456,V40,Yes,Completed,2022-09-18,Tier 1 - Toucans,Toucan T-Shirts,"HTML, CSS, Bootstrap, Vanilla JavaScript",9.0,Active,Developer,Unknown
2022-09-10 10:51:00,df7911e474da7845ae4a45f34d0def69,V40,Yes,Completed,2022-09-18,Tier 1 - Toucans,Toucan T-Shirts,"HTML, CSS, Bootstrap, Vanilla JavaScript",9.0,Active,Developer,Unknown
2022-07-04 23:03:00,73c4a00035849a987a420af24708c7e4,V40,No,Unknown,,Tier 1 - Toucans,Nan,,,Active,Developer,Unknown
2022-06-28 08:45:00,6af50d97ef49cc9fa43a5c2e5904d302,V39,Yes,Completed,2022-06-01,Bears,Nan,,,Active,Developer,Unknown
2022-06-28 08:45:00,5451a5c532636d0cf1583b62d6954a1c,V39,Yes,Completed,2022-06-01,Bears,Nan,,,Active,Developer,Unknown
2022-06-28 08:45:00,4f08f56013cace7346bfd13dd5e86974,V39,Yes,Completed,2022-06-01,Bears,Nan,,,Active,Developer,Unknown
2022-06-28 08:45:00,10f56bef1b1389dfda72adf3b3d833a9,V39,Yes,Completed,2022-06-01,Bears,Nan,,,Active,Developer,Unknown
2022-06-28 08:45:00,cfc8968d1d6f7c8b257637c5a0135a90,V39,Yes,Completed,2022-06-01,Bears,Nan,,,Active,Developer,Unknown
2022-06-06 15:19:00,19c08846b85e06c5d3ca39681e3db630,V39,Yes,Completed,,Geckos,Wallet Zen,"ReactJS, Bootstrap, and CSS",10.0,Active,Product Owner,Unknown
2022-06-06 15:19:00,1f96486c6e13c92cc84340f9ea8a046e,V39,Yes,Completed,,Geckos,Wallet Zen,"ReactJS, Bootstrap, and CSS",10.0,Active,Developer,Unknown
2022-06-06 15:19:00,17edec0ac7bb38efebbe20c3f7d283d7,V39,Yes,Completed,,Geckos,Wallet Zen,"ReactJS, Bootstrap, and CSS",10.0,Active,Developer,Unknown
2022-06-06 15:19:00,388c77bbd4436ea6816ea86edeee3d72,V39,Yes,Completed,,Geckos,Wallet Zen,"ReactJS, Bootstrap, and CSS",10.0,Active,Developer,Unknown
2022-06-06 15:19:00,bd2989f2d8b83ab720193f2ebb24f986,V39,No,Unknown,,Geckos,Wallet Zen,"ReactJS, Bootstrap, and CSS",10.0,Active,Developer,Unknown
2022-06-06 15:19:00,e47e03efd2c34e009f90031af37920e9,V39,Yes,Completed,,Geckos,Wallet Zen,"ReactJS, Bootstrap, and CSS",10.0,Active,Developer,Unknown
2022-06-05 17:23:00,1006265f23d8d8d9b7346a81a584b45c,V39,Yes,Completed,2022-05-22,Bears,Litetalk,"React, Node.js, MongoDb, Express, Sockets.io",10.0,Active,Developer,Unknown
2022-06-05 17:23:00,b6533c9669ecc68d1c9d70ff549d0023,V39,No,Unknown,,Bears,Litetalk,"React, Node.js, MongoDb, Express, Sockets.io",10.0,Active,Developer,Unknown
2022-06-05 17:23:00,51dab69b540ff5fa959a263fd1927267,V39,Yes,Completed,2022-05-22,Bears,Litetalk,"React, Node.js, MongoDb, Express, Sockets.io",10.0,Active,Developer,Unknown
2022-06-05 17:23:00,cd2d43303adc51448038df09433b84f8,V39,Yes,Completed,2022-05-22,Bears,Litetalk,"React, Node.js, MongoDb, Express, Sockets.io",10.0,Active,Developer,Unknown
2022-06-05 17:23:00,36b2049d2c114196abf1525f704b2c2f,V39,No,Unknown,,Bears,Litetalk,"React, Node.js, MongoDb, Express, Sockets.io",10.0,Active,Developer,Unknown
2022-06-05 09:22:00,67cf9036f08b98629f4458d9752d3cc3,V39,Yes,Unknown,2022-05-22,Toucans,Site Of Toucan 2 Restourant,Bootstrap 5,9.0,Active,Developer,Unknown
2022-06-03 08:43:00,657679293994eefb088623faab7f8250,V40,No,Unknown,,Tier 1 - Toucans,Nan,,,Active,Data Scientist,Unknown
2022-05-30 13:30:00,3db7fbfc42893cef13e0b613a76c20b5,V39,Yes,Completed,2022-06-01,Geckos,Dwindle,"React, node.js, postgresql, Javscript, css",9.0,Active,Developer,Unknown
2022-05-30 13:30:00,448747e84f299e9b1978ca38245a63d5,V39,Yes,Completed,2022-06-01,Geckos,Dwindle,"React, node.js, postgresql, Javscript, css",9.0,Active,Developer,Unknown
2022-05-30 13:30:00,74e312a7ead3c5e2a499bbad7d93a377,V39,Yes,Completed,2022-06-01,Geckos,Dwindle,"React, node.js, postgresql, Javscript, css",9.0,Active,Product Owner,Unknown
2022-05-30 00:04:00,ac6019a257f3815fde31a4d77c07886c,V39,Yes,Completed,2022-06-01,Bears,Winxp,"React, Supabase",5.0,Active,Developer,Unknown
2022-05-30 00:04:00,db6139934bd43d5ed0128ad69fc0fb08,V39,Yes,Completed,2022-06-01,Bears,Winxp,"React, Supabase",5.0,Active,Developer,Unknown
2022-05-30 00:04:00,774f1bfd2cd0a71417b783a0638bd77f,V39,No,Unknown,,Bears,Winxp,"React, Supabase",5.0,Active,Developer,Unknown
2022-05-30 00:04:00,5911e61e4f921ae28e48dd261b863e96,V39,No,Unknown,,Bears,Winxp,"React, Supabase",5.0,Active,Developer,Unknown
2022-05-28 07:25:00,49bd4d4dc8fecbc9517e9b89239e3f22,V39,Yes,Completed,2022-06-01,Toucans,I Or E,React,10.0,Active,Developer,Unknown
2022-05-28 07:25:00,b11d60e58e7410469be25f03f50a3ce8,V39,Yes,Completed,2022-06-01,Toucans,Your Personality - I Or E?,React,7.0,Active,Developer,Unknown
2022-05-28 07:25:00,ae844114aedbf85d5e5761f8a7444f05,V39,Yes,Completed,2022-06-01,Toucans,I Or E,React,10.0,Active,Developer,Unknown
2022-05-24 01:19:00,e4445138392797e866b53375bd2adb46,V39,Yes,Completed,2022-05-22,Bears,Stackcafe,"React, Tailwind CSS, MongoDB, ExpressJS, TypeScript",10.0,Active,Developer,Unknown
2022-05-24 01:19:00,6f44d548e2e6e591d05b8265b5815ef3,V39,Yes,Completed,2022-05-22,Bears,Stackcafe,"React, Tailwind CSS, MongoDB, ExpressJS, TypeScript",10.0,Active,Developer,Unknown
2022-05-24 01:19:00,7e62a87a1a72770839e3f809044c207a,V39,Yes,Completed,2022-05-22,Bears,Stackcafe,"React, Tailwind CSS, MongoDB, ExpressJS, TypeScript",10.0,Active,Developer,Unknown
2022-05-24 01:19:00,073b2f4eef958fb461384b53df968d2e,V39,No,Unknown,,Bears,Stackcafe,"React, Tailwind CSS, MongoDB, ExpressJS, TypeScript",10.0,Active,Product Owner,Unknown
2022-05-16 04:06:00,b6533c9669ecc68d1c9d70ff549d0023,V39,Yes,Completed,2022-05-22,Bears,Nan,,,Active,Developer,Unknown
2022-05-15 12:05:00,24e310ce62dc11d2d38f1ead4ceae641,V39,Yes,Completed,2022-05-22,Bears,Task Tracker,React Node Mongo,10.0,Active,Developer,Unknown
2022-05-15 12:05:00,da893ea5b276d42771a0bd0fe0f4e205,V39,Yes,Completed,2022-05-22,Bears,Task Tracker,React Node Mongo,10.0,Active,Developer,Unknown
2022-05-15 12:05:00,5b23cee8858c1148c1458d6bb2cacecc,V39,No,Unknown,,Bears,Task Tracker,React Node Mongo,10.0,Active,Developer,Unknown
2022-05-15 12:05:00,f200a3381ae28d64f29d526b2a493b51,V39,No,Unknown,,Bears,Task Tracker,React Node Mongo,10.0,Active,Developer,Unknown
2022-05-15 12:05:00,4545c945175d217b7b24d1b99a494b58,V39,Yes,Completed,2022-05-22,Bears,Task Tracker,React Node Mongo,10.0,Active,Developer,Unknown
2022-05-15 12:05:00,ef25185ab398bd27be6a74227e46df18,V39,No,Unknown,,Bears,Task Tracker,React Node Mongo,10.0,Active,Developer,Unknown
2022-05-14 13:17:00,155edf159a8f6a20316c4e06ef41aad9,V39,Yes,Completed,2022-05-22,Toucans,Quizico,"React, Webpack, React router, Redux & Bootstrap",10.0,"Active,Active","Product Owner,Product Owner",Unknown
2022-05-14 13:17:00,448747e84f299e9b1978ca38245a63d5,V39,No,Unknown,,Toucans,Quizico,"React, Webpack, React router, Redux & Bootstrap",10.0,Active,Developer,Unknown
2022-05-14 13:17:00,f64b99b9e38524d50fca37ce3b6533d9,V39,Yes,Completed,2022-05-22,Toucans,Quizico,"React, Webpack, React router, Redux & Bootstrap",10.0,Active,Developer,Unknown
2022-05-14 13:17:00,3100645698de61842bcc33a9eca7f181,V39,Yes,Completed,2022-05-22,Toucans,Quizico,"React, Webpack, React router, Redux & Bootstrap",10.0,Active,Developer,Unknown
2022-05-12 20:38:00,4b3b69527bbcb574af7687bd94ed3e95,V40,No,Unknown,,Tier 3 - Bears,Nan,,,Active,Developer,Unknown
2022-04-28 09:01:00,a1cd7a130493870fbcc0a738a7d7737a,V40,No,Unknown,,Tier 2 - Geckos,Nan,,,Dropped,Developer,Unknown
2022-04-22 18:04:00,ae3c10d8fb1b90887afbdfa4b36a7e3b,V40,No,Unknown,,Tier 3 - Bears,Nan,,,Active,Developer,Unknown
2022-04-20 10:15:00,2f136f1464f3e886ba4c065605c9ed1f,V38,Yes,Completed,2022-04-24,Tier 3 - Bears,Recipe-App,"React (create-react-app), firebase-firestore, netlify functions and netlify for hosting.",7.0,Active,Developer,Unknown
2022-04-20 10:15:00,5b23cee8858c1148c1458d6bb2cacecc,V38,No,Unknown,,Tier 3 - Bears,Recipe-App,"React (create-react-app), firebase-firestore, netlify functions and netlify for hosting.",7.0,Active,Developer,Unknown
2022-04-20 10:15:00,8f8a967b969bfe76a302182e0b2ec63a,V38,Yes,Completed,2022-04-24,Tier 3 - Bears,Recipe-App,"React (create-react-app), firebase-firestore, netlify functions and netlify for hosting.",7.0,Active,Developer,Unknown
2022-04-20 10:15:00,e93e7da323d7ef18ae52baacbd2e266f,V38,Yes,Completed,2022-04-24,Tier 3 - Bears,Recipe-App,"React (create-react-app), firebase-firestore, netlify functions and netlify for hosting.",7.0,Active,Developer,Unknown
2022-04-17 18:33:00,61e91776ae0c6c2d4a492e6c81663d6d,V38,Yes,Completed,2022-04-24,Tier 2 - Geckos,Simple Ama,React.js,10.0,Active,Developer,Unknown
2022-04-17 16:25:00,1006265f23d8d8d9b7346a81a584b45c,V38,Yes,Completed,2022-04-24,Tier 2 - Geckos,Develapp,"React, Nodejs, MongoDB, Express",10.0,Active,Developer,Unknown
2022-04-17 16:25:00,8e49662b0636ee4c0f0c540e6267da00,V38,Yes,Completed,2022-04-24,Tier 2 - Geckos,Develapp,"React, Nodejs, MongoDB, Express",10.0,Active,Developer,Unknown
2022-04-17 16:25:00,cd2d43303adc51448038df09433b84f8,V38,Yes,Completed,2022-04-24,Tier 2 - Geckos,Develapp,"React, Nodejs, MongoDB, Express",10.0,Active,Developer,Unknown
2022-04-17 16:25:00,d38b24602ca97be9d8ddf0fca5e0e7ca,V38,No,Unknown,,Tier 2 - Geckos,Develapp,"React, Nodejs, MongoDB, Express",10.0,Active,Developer,Unknown
2022-04-17 16:25:00,ef32a71104369d0acf63efb75aa7fef0,V38,No,Unknown,,Tier 2 - Geckos,Develapp,"React, Nodejs, MongoDB, Express",10.0,Inactive,Developer,Unknown
2022-04-15 18:55:00,155edf159a8f6a20316c4e06ef41aad9,V38,Yes,Completed,2022-04-24,Tier 1 - Toucans,Durante,"Frontend (Vanilla JS, HTML, CSS), Backend (Ruby on Rails, PostgresSQL)",10.0,Active,Product Owner,Unknown
2022-04-15 18:55:00,17edec0ac7bb38efebbe20c3f7d283d7,V38,Yes,Completed,2022-04-24,Tier 1 - Toucans,Durante,"Frontend (Vanilla JS, HTML, CSS), Backend (Ruby on Rails, PostgresSQL)",10.0,Active,Developer,Unknown
2022-04-15 18:55:00,fb383c639f4fa14920aa588570b05c6a,V38,Yes,Completed,2022-04-24,Tier 1 - Toucans,Durante,"Frontend (Vanilla JS, HTML, CSS), Backend (Ruby on Rails, PostgresSQL)",10.0,Inactive,Developer,Unknown
2022-04-15 18:55:00,d5e32b12641562f2e8a023072e1b5dd3,V38,Yes,Completed,2022-04-24,Tier 1 - Toucans,Durante,"Frontend (Vanilla JS, HTML, CSS), Backend (Ruby on Rails, PostgresSQL)",10.0,Active,Developer,Unknown
2022-04-15 18:55:00,9c9e7ed2fe5baa925cd2dd244a3a2b11,V38,No,Unknown,,Tier 1 - Toucans,Durante,"Frontend (Vanilla JS, HTML, CSS), Backend (Ruby on Rails, PostgresSQL)",10.0,Active,Developer,Unknown
2022-04-10 08:10:00,d540870c4579d7fda70d9d79748db351,V38,Yes,Completed,2022-04-24,Tier 2 - Geckos,Ama,"React,webpack,Styled-components",10.0,Active,Developer,Unknown
2022-04-10 08:10:00,1aed759663b61a5209eb0e7c8faa7b66,V38,Yes,Completed,2022-04-24,Tier 2 - Geckos,Simple Ama,React.js,10.0,Active,Developer,Unknown
2022-04-10 08:10:00,f21f33cb4a105d1f23a457dda3cbb7b6,V38,No,Unknown,,Tier 2 - Geckos,Simple Ama,React.js,10.0,Active,Developer,Unknown
2022-04-06 10:20:00,d6dab034e3a47df7893d526f209374ef,V40,No,Unknown,,Tier 1 - Toucans,Nan,,,Active,Developer,Unknown
2022-04-01 19:15:00,29850c4d70885c2294feaaf76323ba42,V37,Unknown,Unknown,,Tier 2 - Geckos,Sleeptracker,"MongoDB, React, Node, Express",10.0,Active,Ui/Ux Designer,Unknown
2022-03-26 12:16:00,c317ba4f55f1bd06b0cbcca4148d8610,V37,Yes,Completed,2022-03-27,Tier 3 - Bears,Coffee Notes,"Next.js, React.js, Tailwind CSS, Go, Supabase / PostgreSQL, HTML, CSS, JavaScript, Quill",8.0,Active,Developer,Unknown
2022-03-26 12:16:00,67482ef8bd73344fcf40a355c52ba5b7,V37,Yes,Completed,2022-03-27,Tier 3 - Bears,Coffee Notes,"Next.js, React.js, Tailwind CSS, Go, Supabase / PostgreSQL, HTML, CSS, JavaScript, Quill",,Active,Developer,Unknown
2022-03-26 12:16:00,dcc82c6b3b22e341cf85d35cd7736ae5,V37,Yes,Completed,2022-03-27,Tier 3 - Bears,Coffee Notes,"Next.js, React.js, Tailwind CSS, Go, Supabase / PostgreSQL, HTML, CSS, JavaScript, Quill",,Active,Developer,Unknown
2022-03-26 12:16:00,3db7fbfc42893cef13e0b613a76c20b5,V37,Yes,Completed,2022-03-27,Tier 3 - Bears,Coffee Notes,"Next.js, React.js, Tailwind CSS, Go, Supabase / PostgreSQL, HTML, CSS, JavaScript, Quill",,Active,Developer,Unknown
2022-03-26 01:56:00,90244e687e9b20b3c6e5dab4e508c3ab,V37,Yes,Completed,2022-03-27,Tier 2 - Geckos,Acareer,"React.js, Sass, Remote Jobs Api, Axio, Framer Motion, HTML / CSS / JavaScript",10.0,Active,Product Owner,Unknown
2022-03-26 01:56:00,0d9133eea2180ddda18e10c74524a3ee,V37,Yes,Completed,2022-03-27,Tier 2 - Geckos,Acareer,"React.js, Sass, Remote Jobs Api, Axio, Framer Motion, HTML / CSS / JavaScript",,Active,Developer,Unknown
2022-03-26 01:56:00,01ccbf9c65bfc32e2ccc17a04112b310,V37,Yes,Completed,2022-03-27,Tier 2 - Geckos,Acareer,"React.js, Sass, Remote Jobs Api, Axio, Framer Motion, HTML / CSS / JavaScript",,Active,Developer,Unknown
2022-03-24 18:14:00,1006265f23d8d8d9b7346a81a584b45c,V37,Yes,Completed,2022-03-27,Tier 1 - Toucans,Gratitulendar,-,10.0,Active,Developer,Unknown
2022-03-24 18:14:00,85e41488f44ce075483e65468a2add07,V37,Yes,Completed,2022-03-27,Tier 1 - Toucans,Gratitulendar,-,,Active,Developer,Unknown
2022-03-24 18:14:00,a1fefc2398f09e029875b9edd84e40f4,V37,Yes,Completed,2022-03-27,Tier 1 - Toucans,Gratitulendar,-,,Active,Developer,Unknown
2022-03-24 18:14:00,d4d4d2aacfd01b94f4fe8ab11437be3a,V37,Yes,Completed,2022-03-27,Tier 1 - Toucans,Gratitulendar,-,,Active,Developer,Unknown
2022-03-22 00:25:00,e4445138392797e866b53375bd2adb46,V37,Yes,Completed,2022-03-27,Tier 3 - Bears,Stackcafe,https://stack.cafe/projects/6217a785dc514a753b85730b (Typescript MERN),9.0,Active,Developer,Unknown
2022-03-20 19:52:00,cc8c4ed1f3e685dad36b43c3b2a49260,V37,Yes,Completed,2022-03-27,Tier 3 - Bears,Stock Race,"React, Typescript, MongoDB, Node",10.0,Unknown,Unknown,Unknown
2022-03-20 19:52:00,5a16cb22defc4a05b20d9f30ee6d68fd,V37,Yes,Completed,2022-03-27,Tier 3 - Bears,Stock Race,"React, Typescript, MongoDB, Node",,Active,Developer,Unknown
2022-03-20 19:52:00,0e95614bcb59723071a263bad6d4d7f5,V37,Yes,Completed,2022-03-27,Tier 3 - Bears,Stock Race,"React, Typescript, MongoDB, Node",,Active,Developer,Unknown
2022-03-20 19:52:00,d9f564e19ac5da30e935383fbf9e218b,V37,Yes,Completed,2022-03-27,Tier 3 - Bears,Stock Race,"React, Typescript, MongoDB, Node",,Active,Developer,Unknown
2022-03-20 19:52:00,a7aaae3ec5236dcd2f41f618e2862355,V37,Yes,Completed,2022-03-27,Tier 3 - Bears,Stock Race,"React, Typescript, MongoDB, Node",,Active,Developer,Unknown
2022-03-20 13:36:00,73d80a1e0bf64228325f3187be4db8c6,V37,Yes,Completed,2022-03-27,Tier 2 - Geckos,Geckspence,MERN,10.0,Active,Developer,Unknown
2022-03-20 13:36:00,49989dd1f3f27efd6b6b6c5631a8e516,V37,Yes,Completed,2022-03-27,Tier 2 - Geckos,Geckspence,MERN,,Active,Developer,Unknown
2022-03-20 13:36:00,aad22e86c767dc41c247733ac77a2341,V37,Yes,Completed,2022-03-27,Tier 2 - Geckos,Geckspence,MERN,,Active,Developer,Unknown
2022-03-20 13:36:00,3a9e132c8409daa9c436d3dbd0fc4465,V37,Yes,Completed,,Tier 2 - Geckos,Geckspence,MERN,,Active,Developer,Unknown
2022-03-19 15:55:00,3b41fdc43305edb9a823a332f2291077,V37,Yes,Completed,2022-03-27,Tier 1 - Toucans,Drinkapp,"html, sass, vanilla javascript",10.0,Active,Developer,Unknown
2022-03-19 15:55:00,b8fa6ce2a62ba77dda38d9d10584d1be,V37,Yes,Completed,2022-03-27,Tier 1 - Toucans,Drinkapp,"html, sass, vanilla javascript",,Active,Developer,Unknown
2022-03-19 15:55:00,c9877689caae03a307f7b60d1506bac9,V37,Yes,Completed,2022-03-27,Tier 1 - Toucans,Drinkapp,"html, sass, vanilla javascript",,Active,Developer,Unknown
2022-03-19 15:55:00,9e847f9b2b484ae173e500d66e47a0a8,V37,Yes,Completed,2022-03-27,Tier 1 - Toucans,Drinkapp,"html, sass, vanilla javascript",,Active,Developer,Unknown
2022-03-19 07:36:00,2aefdb55b0c22ff84fde72d6c6155aa3,V36,No,Unknown,,Tier 3 - Bears,Next Trip Destination,"Vue.js, Node.js, Sass",10.0,Inactive,Developer,Unknown
2022-03-19 07:36:00,cc4aeb6ce62c0affa00c6df8d5a8009a,V36,No,Unknown,,Tier 3 - Bears,Next Trip Destination,"Vue.js, Node.js, Sass",10.0,Dropped,Developer,Unknown
2022-03-19 07:36:00,21972b606a5dcdee0cd1a1fea4ff0c73,V36,Unknown,Completed,2022-03-22,Tier 3 - Bears,Next Trip Destination,"Vue.js, Node.js, Sass",10.0,Active,Developer,Unknown
2022-03-19 07:36:00,21c70640c96db7ea7c64af7ba8f08119,V36,Unknown,Completed,2022-03-22,Tier 3 - Bears,Next Trip Destination,"Vue.js, Node.js, Sass",10.0,Active,Developer,Unknown
2022-03-19 07:36:00,5b23cee8858c1148c1458d6bb2cacecc,V36,Unknown,Completed,2022-03-22,Tier 3 - Bears,Next Trip Destination,"Vue.js, Node.js, Sass",10.0,Active,Developer,Unknown
2022-03-19 07:36:00,cc4aeb6ce62c0affa00c6df8d5a8009a,V36,Unknown,Completed,2022-03-22,Tier 3 - Bears,Next Trip Destination,"Vue.js, Node.js, Sass",10.0,Unknown,Unknown,Unknown
2022-03-05 15:32:00,4a2be2175aff5fa0d1bd78b360a854fa,V36,Unknown,Completed,2022-03-07,Tier 2 - Geckos,Kadeu,"React, Express, node, MongoDB, Material UI",7.0,Active,Developer,Unknown
2022-03-05 15:32:00,6523bf20c8073103b3f31b7efc71f302,V36,Unknown,Completed,2022-03-07,Tier 2 - Geckos,Kadeu,"React, Express, node, MongoDB, Material UI",7.0,Unknown,Unknown,Unknown
2022-02-20 06:46:00,3dfbf46460d7a2a68a000033db113619,V36,Yes,Completed,2022-02-20,Tier 1 - Toucans,Charging U,"html, css, js, auth0",7.0,Active,Developer,Unknown
2022-02-20 06:46:00,96fb05b4c0c64584f3c83362a5381642,V36,Yes,Completed,2022-02-20,Tier 1 - Toucans,Charging U,"html, css, js, auth0",7.0,Active,Developer,Unknown
2022-02-20 06:46:00,def89b488130b3755758c83056c26397,V36,Yes,Completed,2022-02-20,Tier 1 - Toucans,Charging U,"html, css, js, auth0",7.0,Active,Developer,Unknown
2022-02-19 04:55:00,4cdfaa6f5db27dbf2bcace23dba504b5,V36,Yes,Completed,2022-02-20,Tier 1 - Toucans,Voting App,"Javascript, React, BootStrap, Netlify, node.js",10.0,Active,Product Owner,Unknown
2022-02-19 04:55:00,d604ef56cc2272f70f12aa7bd9c8a34b,V36,No,Unknown,,Tier 1 - Toucans,Voting App,"Javascript, React, BootStrap, Netlify, node.js",10.0,Active,Product Owner,Unknown
2022-02-19 04:55:00,8512d9fd280090e5ff056596a52ae87e,V36,Yes,Completed,2022-02-20,Tier 1 - Toucans,Voting App,"Javascript, React, BootStrap, Netlify, node.js",10.0,Active,Developer,Unknown
2022-02-19 04:55:00,ce27190a5fa6d85327dc9ee43400df79,V36,Yes,Completed,2022-02-20,Tier 1 - Toucans,Voting App,"Javascript, React, BootStrap, Netlify, node.js",10.0,Active,Developer,Unknown
2022-02-19 04:55:00,16fe357a0769a43191d020a7acd78657,V36,Yes,Completed,2022-02-20,Tier 1 - Toucans,Voting App,"Javascript, React, BootStrap, Netlify, node.js",10.0,Active,Developer,Unknown
2022-02-19 04:55:00,aafee26938f73f11208a72455fd81a86,V36,No,Unknown,,Tier 1 - Toucans,Voting App,"Javascript, React, BootStrap, Netlify, node.js",10.0,Inactive,Developer,Unknown
2022-02-19 04:55:00,bd2cf6fe9e6b084b55ebd3f4cb3e92ce,V36,Yes,Completed,2022-02-20,Tier 1 - Toucans,Voting App,"Javascript, React, BootStrap, Netlify, node.js",10.0,Active,Product Owner,Unknown
2022-02-18 06:56:00,a60e94a87a743c4b476c14f2feaad4df,V36,Yes,Completed,2022-02-20,Tier 3 - Bears,Buddies,"MERN (MongoDB, Express.js, React, Node.js)",9.0,Active,Developer,Unknown
2022-02-18 06:56:00,ac6019a257f3815fde31a4d77c07886c,V36,Yes,Completed,2022-02-20,Tier 3 - Bears,Buddies,"MERN (MongoDB, Express.js, React, Node.js)",9.0,Active,Developer,Unknown
2022-02-18 06:56:00,e67b18369ced36494e8222df767ef4c2,V36,Yes,Completed,2022-02-20,Tier 3 - Bears,Buddies,"MERN (MongoDB, Express.js, React, Node.js)",9.0,Active,Developer,Unknown
2022-02-18 06:56:00,2006c4b423ae24ae2a13e95fdd12282c,V36,Yes,Completed,2022-02-20,Tier 3 - Bears,Buddies,"MERN (MongoDB, Express.js, React, Node.js)",9.0,Active,Developer,Unknown
2022-02-17 17:44:00,74e312a7ead3c5e2a499bbad7d93a377,V36,Yes,Completed,2022-02-20,Tier 2 - Geckos,E_Commerce Page,"React,",8.0,Active,Product Owner,Unknown
2022-02-17 17:44:00,6aa6467ecba9aae34d43ea53069d0307,V36,No,Unknown,,Tier 2 - Geckos,E_Commerce Page,"React,",8.0,Active,Developer,Unknown
2022-02-17 17:44:00,1bf3fcefa8312e707c2723216a7b4547,V36,Yes,Completed,2022-02-20,Tier 2 - Geckos,E_Commerce Page,"React,",8.0,Active,Product Owner,Unknown
2022-02-17 17:44:00,ba00b2557f8719ef1c79a7e2e806e492,V36,Yes,Completed,2022-02-20,Tier 2 - Geckos,E_Commerce Page,"React,",8.0,Active,Developer,Unknown
2022-02-17 17:44:00,ca67cb79385ddba6c7d8e98d8d25d114,V36,No,Unknown,,Tier 2 - Geckos,E_Commerce Page,"React,",8.0,Dropped,Developer,Unknown
2022-02-17 17:44:00,9171965e1bb7e16bc1e398d98ddac862,V36,No,Unknown,,Tier 2 - Geckos,E_Commerce Page,"React,",8.0,Inactive,Developer,Unknown
2022-02-17 17:44:00,1846cf830017b99f7ed81f74087b0036,V36,No,Unknown,,Tier 2 - Geckos,E_Commerce Page,"React,",8.0,Active,Developer,Unknown
2022-02-16 19:35:00,23b61dabaadce2f9d43ea020de7b6b86,V36,Yes,Completed,2022-02-20,Tier 3 - Bears,Essen,MERN with Redux and Typescript,10.0,Active,Voyage Guide,Unknown
2022-02-16 19:35:00,7d348d242842f30634903839d723aaf8,V36,No,Unknown,,Tier 3 - Bears,Essen,MERN with Redux and Typescript,10.0,Inactive,Developer,Unknown
2022-02-16 19:35:00,84d3a62ed13cdbd07ad9327c0494f203,V36,Yes,Completed,2022-02-20,Tier 3 - Bears,Essen,MERN with Redux and Typescript,10.0,Active,Developer,Unknown
2022-02-16 19:35:00,9cabdaf743aa8bef0c97abc9de542d9f,V36,Yes,Completed,2022-02-20,Tier 3 - Bears,Essen,MERN with Redux and Typescript,10.0,Active,Developer,Unknown
2022-02-16 19:35:00,caaa4b0ffbd5dce46ea93e19a732d16a,V36,Yes,Completed,2022-02-20,Tier 3 - Bears,Essen,MERN with Redux and Typescript,10.0,Active,Developer,Unknown
2022-02-13 03:50:00,8ce3560bb51cdf44619ad3e5f5fc3b62,V36,Yes,Completed,2022-02-20,Tier 2 - Geckos,Virtual Postcard,"React, Node.js",10.0,Active,Developer,Unknown
2022-02-13 03:50:00,4854c3c98c279cf3f81ad6308dddc246,V36,Yes,Completed,2022-02-20,Tier 2 - Geckos,Virtual Postcard,"React, Node.js",10.0,Active,Developer,Unknown
2022-02-13 03:50:00,b0dfadba8b6473d362f1ff4fb9cd1013,V36,Yes,Completed,2022-02-20,Tier 2 - Geckos,Virtual Postcard,"React, Node.js",10.0,Active,Developer,Unknown
2022-02-12 18:12:00,2e06b93a3fd5d2c52425836b9bd964bc,V36,Yes,Completed,2022-02-20,Tier 3 - Bears,No Name,"React, Typescript, Node, MongoDB, Express",10.0,Active,Developer,Unknown
2022-02-12 18:12:00,cf9c6ad39b3bf3fc35f242b1dda4a5bf,V36,Yes,Completed,2022-02-20,Tier 3 - Bears,No Name,"React, Typescript, Node, MongoDB, Express",10.0,Active,Developer,Unknown
2022-02-12 18:12:00,dc9505d474501241879e59abf58c9411,V36,Tbd,Unknown,,Tier 3 - Bears,No Name,"React, Typescript, Node, MongoDB, Express",10.0,Active,Developer,Unknown
2022-02-12 18:12:00,1a933df3b5b332a2dfcfcb35ea8faae2,V36,Yes,Completed,2022-02-20,Tier 3 - Bears,No Name,"React, Typescript, Node, MongoDB, Express",10.0,Active,Developer,Unknown
2022-02-12 16:39:00,b30bd8f8a767e6fff4d1a9591121a5a6,V36,No,Unknown,,Tier 2 - Geckos,Surent,"Next Js, MongoDB, GraphQL",10.0,Active,Developer,Unknown
2022-02-12 16:39:00,693c716b0fc84e37e1074ca3051a8cc1,V36,Yes,Completed,2022-02-20,Tier 2 - Geckos,Surent,"Next Js, MongoDB, GraphQL",10.0,Active,Developer,Unknown
2022-02-12 16:39:00,673a141ad00622755177aa334fae8eda,V36,Yes,Completed,2022-02-20,Tier 2 - Geckos,Surent,"Next Js, MongoDB, GraphQL",10.0,Active,Developer,Unknown
2022-02-12 16:39:00,ef32a71104369d0acf63efb75aa7fef0,V36,No,Unknown,,Tier 2 - Geckos,Surent,"Next Js, MongoDB, GraphQL",10.0,Inactive,Developer,Unknown
2022-02-11 16:02:00,c317ba4f55f1bd06b0cbcca4148d8610,V36,Yes,Completed,2022-02-20,Tier 2 - Geckos,Token Train: Your Station For All Things Crypto And Nft,"React, HTML, CSS & SASS, JavaScript, React Bootstrap, Bootstrap, APIs",9.0,Active,Developer,Unknown
2022-02-11 16:02:00,3db7fbfc42893cef13e0b613a76c20b5,V36,Yes,Completed,2022-02-20,Tier 2 - Geckos,Token Train: Your Station For All Things Crypto And Nft,"React, HTML, CSS & SASS, JavaScript, React Bootstrap, Bootstrap, APIs",9.0,Active,Developer,Unknown
2022-02-11 16:02:00,31e2472f05a4c00db3761200bad2a0bb,V36,Yes,Completed,2022-02-20,Tier 2 - Geckos,Token Train: Your Station For All Things Crypto And Nft,"React, HTML, CSS & SASS, JavaScript, React Bootstrap, Bootstrap, APIs",9.0,Active,Developer,Unknown
2022-02-11 16:02:00,2eea25790a273bde8a87a58c7ad7ba0d,V36,No,Unknown,,Tier 2 - Geckos,Token Train: Your Station For All Things Crypto And Nft,"React, HTML, CSS & SASS, JavaScript, React Bootstrap, Bootstrap, APIs",9.0,Active,Ui/Ux Designer,Unknown
2022-02-10 09:14:00,22b81a74f2d4c133ae1b896ba41548ec,V36,Yes,Completed,2022-02-20,Tier 1 - Toucans,Dry Clean Nyc Clone,,10.0,Active,Developer,Unknown
2022-02-10 09:14:00,726d5e8d2a07c3919690d19f6c3ede6f,V36,No,Unknown,,Tier 1 - Toucans,Dry Clean Nyc Clone,,10.0,Active,Developer,Unknown
2022-02-10 09:14:00,f21f33cb4a105d1f23a457dda3cbb7b6,V36,Yes,Completed,2022-02-20,Tier 1 - Toucans,Dry Clean Nyc Clone,,10.0,Active,Developer,Unknown
2022-02-10 09:14:00,c19ec01331a1293f2ba5c6f18c771a17,V36,Yes,Completed,2022-02-20,Tier 1 - Toucans,Dry Clean Nyc Clone,,10.0,Active,Developer,Unknown
2022-02-09 21:02:00,ba84de96cf42f180212173d93466ae2c,V36,Yes,Completed,2022-02-20,Tier 1 - Toucans,Falling Words,"HTML, CSS, JavaScript, Bootstrap, JQuery, Howler.JS and Animate.css",10.0,Active,Product Owner,Unknown
2022-02-09 21:02:00,f748c2c6a0f60ad1a615be89003751d7,V36,Yes,Completed,2022-02-20,Tier 1 - Toucans,Falling Words,"HTML, CSS, JavaScript, Bootstrap, JQuery, Howler.JS and Animate.css",10.0,Active,Developer,Unknown
2022-02-09 21:02:00,8307436f92a7723a5979918cf6d5b470,V36,No,Unknown,,Tier 1 - Toucans,Falling Words,"HTML, CSS, JavaScript, Bootstrap, JQuery, Howler.JS and Animate.css",10.0,Active,Developer,Unknown
2022-02-09 21:02:00,e7c8b767f6425a668a69a8e05821473d,V36,Yes,Completed,2022-02-20,Tier 1 - Toucans,Falling Words,"HTML, CSS, JavaScript, Bootstrap, JQuery, Howler.JS and Animate.css",10.0,Active,Developer,Unknown
2022-02-07 09:56:00,6be2270e04a31af4f3269f20555f0033,V36,No,Unknown,,Tier 1 - Toucans,Calendar-App,React and nodejs,10.0,Active,Developer,Unknown
2022-02-07 09:56:00,51640c7b1858da7e230e340bee477ad0,V36,Yes,Completed,2022-02-20,Tier 1 - Toucans,Calendar App,React,10.0,Active,Developer,Unknown
2022-02-07 09:56:00,9ffbfcb69414244f14dbe36becc58b0d,V36,Yes,Completed,2022-02-20,Tier 1 - Toucans,Calendar App,React,10.0,Inactive,Developer,Unknown
2022-01-26 13:46:00,562f3d284342c6b3ddc0b6d7a04ae21d,V35,Unknown,Unknown,,Tier 2 - Geckos,Seattle Dj,"React, Next, NPM",10.0,Unknown,Unknown,Unknown
2022-01-26 13:37:00,dd87de398a8a80a678228c39218c431d,V35,Unknown,Unknown,,Tier 2 - Geckos,Seattle Dj,"Next.js, CSS, Node.js",7.0,Unknown,Unknown,Unknown
2022-01-25 23:13:00,433238a6dadcf7535c27dec4f80ea939,V35,Unknown,Unknown,,Tier 2 - Geckos,Seattle Dj,"Next.js, Node.js, CSS, Figma",7.0,Unknown,Unknown,Unknown
2021-12-18 20:57:00,8ce3560bb51cdf44619ad3e5f5fc3b62,V35,Yes,Unknown,2021-12-19,Tier 1 - Toucans,Fight Depression,"html, JS, CSS, Node.JS, bootstrap",10.0,Active,Developer,Unknown
2021-12-18 20:57:00,31ff07c093dab74cf203c336265e8c90,V35,No,No Activity After Mid-Nov,,Tier 1 - Toucans,Fight Depression,"html, JS, CSS, Node.JS, bootstrap",,Active,Developer,Unknown
2021-12-18 20:57:00,f77e19f240df17c3fdbc2006eb8f49ca,V35,No,No Activity After Mid-Nov,,Tier 1 - Toucans,Fight Depression,"html, JS, CSS, Node.JS, bootstrap",,Active,Developer,Unknown
2021-12-18 20:57:00,9c4f1d50275dfaa9f0ac483ab4018b41,V35,Yes,Unknown,,Tier 1 - Toucans,Fight Depression,"html, JS, CSS, Node.JS, bootstrap",,Active,Developer,Unknown
2021-12-18 12:36:00,9b6c4593672611a863e4c9f03ee58e85,V35,Yes,Unknown,2021-12-19,Tier 1 - Toucans,Compass,Javascript,10.0,Active,Product Owner,Unknown
2021-12-18 12:36:00,f9b0b26e68a173cdbfa99d257c490b18,V35,Yes,Unknown,2021-12-19,Tier 1 - Toucans,Compass,Javascript,,Active,Developer,Unknown
2021-12-18 12:36:00,24ca4591ef6af8385954c18935c9f9b3,V35,Yes,Unknown,2021-12-19,Tier 1 - Toucans,Compass,Javascript,,Active,Developer,Unknown
2021-12-18 12:36:00,5d185d54be07074b760243be1c54cf63,V35,Yes,Unknown,2021-12-19,Tier 1 - Toucans,Compass,Javascript,,Active,Developer,Unknown
2021-12-18 12:36:00,ad07aa15bf404167ddc6fababad7f5a3,V35,Yes,Unknown,2021-12-19,Tier 1 - Toucans,Compass,Javascript,,Active,Developer,Unknown
2021-12-18 11:06:00,d66a43ff95afcaf96dacc3afc7aab678,V35,Yes,Unknown,2021-12-19,Tier 2 - Geckos,Resonance,"React, react router, styled-components, spotify web api, vercel",10.0,Active,Developer,Unknown
2021-12-18 11:06:00,21c70640c96db7ea7c64af7ba8f08119,V35,Yes,Unknown,2021-12-19,Tier 2 - Geckos,Resonance,"React, react router, styled-components, spotify web api, vercel",,Active,Developer,Unknown
2021-12-18 11:06:00,2fe02679cfc0e83410ed46808ab57fed,V35,Yes,Unknown,2021-12-19,Tier 2 - Geckos,Resonance,"React, react router, styled-components, spotify web api, vercel",,Active,Developer,Unknown
2021-12-18 11:06:00,87113f8c1b32901c99057e0c9dfa0bc3,V35,Yes,Unknown,2021-12-21,Tier 2 - Geckos,Resonance,"React, react router, styled-components, spotify web api, vercel",,Active,Developer,Unknown
2021-12-15 04:13:00,90244e687e9b20b3c6e5dab4e508c3ab,V35,Yes,Unknown,2021-12-19,Tier 1 - Toucans,Movibudi,"React, node.js , HTML, CSS, Java Script",10.0,Unknown,Unknown,Unknown
2021-12-15 04:13:00,47b7f5fc7009979f07112f5d484194f9,V35,No,Unknown,,Tier 1 - Toucans,Movibudi,"React, node.js , HTML, CSS, Java Script",,Dropped,Developer,Unknown
2021-12-15 04:13:00,0788d5c90bb85a963792ad929808570c,V35,Yes,Unknown,2021-12-19,Tier 1 - Toucans,Movibudi,"React, node.js , HTML, CSS, Java Script",,Active,Developer,Unknown
2021-12-15 04:13:00,abba74c7755fab43ba0809b241521bd4,V35,Yes,Unknown,2021-12-19,Tier 1 - Toucans,Movibudi,"React, node.js , HTML, CSS, Java Script",,Active,Developer,Unknown
2021-12-12 12:32:00,57c5f648914eecabad760a9f47579a01,V35,Yes,Unknown,2021-12-19,Tier 2 - Geckos,Zodaily,React,10.0,Active,Ui/Ux Designer,Unknown
2021-12-12 12:32:00,e7062d4de41a9051d4c6d73899ba6f72,V35,Yes,Unknown,2021-12-19,Tier 2 - Geckos,Zodaily,React,,Active,Developer,Unknown
2021-12-12 12:32:00,c3b368d92bea1ea136b486c2f323e078,V35,No,Unknown,,Tier 2 - Geckos,Zodaily,React,,Dropped,Developer,Unknown
2021-12-12 12:32:00,9cabdaf743aa8bef0c97abc9de542d9f,V35,Yes,Unknown,2021-12-19,Tier 2 - Geckos,Zodaily,React,,Active,Developer,Unknown
,e930cfd5a1dc48bd2b56120c4d0ed788,V34,Yes,Unknown,2021-11-21,Tier 2 - Geckos,Readyevent,"React, tailwindcss",10.0,Active,Developer,Unknown
,1d6302f42517bfc12b4d14ba4399676b,V34,Yes,Unknown,2021-11-21,Tier 2 - Geckos,Readyevent,"React, tailwindcss",10.0,Active,Developer,Unknown
,b17de66651acd6503a9b65a70000e323,V34,Yes,Unknown,2021-11-21,Tier 2 - Geckos,Readyevent,"React, tailwindcss",10.0,Active,Developer,Unknown
,bd916390fbb550946f2776a2bce24c9f,V34,Yes,Unknown,2021-11-21,Tier 2 - Geckos,Readyevent,"React, tailwindcss",10.0,Active,Developer,Unknown
2021-11-19 13:26:00,d66a43ff95afcaf96dacc3afc7aab678,V34,Yes,Unknown,2021-11-21,Tier 2 - Geckos,Readyevent,"React, tailwindcss",10.0,Active,Developer,Unknown
,bd2989f2d8b83ab720193f2ebb24f986,V34,Yes,Unknown,2021-11-21,Tier 3 - Bears,Fridge Raiders,"React, node.js, MongoDB",8.0,Active,Developer,Unknown
,14d2f2142e6973e4baf8737ec3eb993f,V34,Yes,Unknown,2021-11-21,Tier 3 - Bears,Fridge Raiders,"React, node.js, MongoDB",8.0,Active,Developer,Unknown
,e8b69d50820e5cbbcb3fe1417a1fc621,V34,Yes,Unknown,2021-11-21,Tier 3 - Bears,Fridge Raiders,"React, node.js, MongoDB",8.0,Active,Developer,Unknown
2021-11-15 11:23:00,ad34b04a6961b386bcb710271f43e422,V34,Yes,Unknown,2021-11-21,Tier 3 - Bears,Fridge Raiders,"React, node.js, MongoDB",8.0,Active,Developer,Unknown
2021-11-15 09:48:00,3ed56e2b2fa7ae0bac15e84371322e56,V34,Yes,Unknown,2021-11-21,Tier 3 - Bears,Fridge Raiders,MERN,9.0,Active,Developer,Unknown
2021-11-14 21:15:00,356db8bfc4a940da627186ae939160fc,V34,Yes,Unknown,2021-11-21,Tier 3 - Bears,Fridge Raiders,"React, MangoDB, Heroku, Netfly",8.0,Active,Product Owner,Unknown
,b8ef7fdf81fb3b96775b13c49d55f356,V34,Yes,Unknown,2021-11-21,Tier 3 - Bears,Devvy,"Svelte, Fauna, urql, Tailwind",7.0,Active,Developer,Unknown
,46bda8b1d3f7a5b7520576412cf16d73,V34,No,Unknown,,Tier 3 - Bears,Devvy,"Svelte, Fauna, urql, Tailwind",7.0,Inactive,Developer,Unknown
,cf9c6ad39b3bf3fc35f242b1dda4a5bf,V34,Yes,Unknown,2021-11-21,Tier 3 - Bears,Devvy,"Svelte, Fauna, urql, Tailwind",7.0,Active,Developer,Unknown
,a41ca6606c7883f1bd68b67e5e65c69d,V34,No,Unknown,,Tier 3 - Bears,Devvy,"Svelte, Fauna, urql, Tailwind",7.0,Dropped,Developer,Unknown
2021-11-14 14:37:00,690d5828e56dcc49d507d6a7f39e1cfc,V34,Yes,Unknown,2021-11-21,Tier 3 - Bears,Devvy,"Svelte, Fauna, urql, Tailwind",7.0,Active,Developer,Unknown
,08c1bb2064683aae167ff449d7539644,V34,Yes,Unknown,2021-11-21,Tier 3 - Bears,V34-Bears-Team-06,"React, Next.js, MongoDB",9.0,Active,Developer,Unknown
2021-11-12 19:06:00,e7476f986f8dea929ba8558191ac535c,V34,Yes,Unknown,2021-11-21,Tier 3 - Bears,V34-Bears-Team-06,"React, Next.js, MongoDB",9.0,Active,Developer,Unknown
2021-10-18 09:32:00,fae3739c5da418331c2e7e303a80b53a,V33,No,Chingu Admin. Not Eligible For Cert.,,Tier 3 - Bears,Spotme,"React, NodeJS, Spotify API",9.0,"Active,Active,Active,Active","Product Owner,Product Owner,Product Owner,Product Owner",Unknown
2021-10-18 09:32:00,072087b21f5e8eb4cc6d068d38983c2b,V33,No,Unknown,,Tier 3 - Bears,Spotme,"React, NodeJS, Spotify API",,Active,Product Owner,Unknown
2021-10-18 09:32:00,4cdfaa6f5db27dbf2bcace23dba504b5,V33,No,Unknown,,Tier 3 - Bears,Spotme,"React, NodeJS, Spotify API",,Active,Product Owner,Unknown
2021-10-18 09:32:00,8298b4eb4c9f90d4ce3bf95ec77232c6,V33,Yes,Unknown,2021-10-20,Tier 3 - Bears,Spotme,"React, NodeJS, Spotify API",,Active,Developer,Unknown
2021-10-18 09:32:00,f3057a02fbb3f1006f1f8ca9600ff8de,V33,No,Unknown,,Tier 3 - Bears,Spotme,"React, NodeJS, Spotify API",,Dropped,Product Owner,Unknown
2021-10-18 09:32:00,ac2c92fae428f5d7984ff20a38edc6e3,V33,No,Unknown,,Tier 3 - Bears,Spotme,"React, NodeJS, Spotify API",,Dropped,Developer,Unknown
2021-10-18 09:32:00,c3e4a20add84d8a82f03201183f58735,V33,Yes,Unknown,2021-10-20,Tier 3 - Bears,Spotme,"React, NodeJS, Spotify API",,Active,Developer,Unknown
2021-10-18 09:32:00,1a933df3b5b332a2dfcfcb35ea8faae2,V33,Yes,Unknown,2021-10-20,Tier 3 - Bears,Spotme,"React, NodeJS, Spotify API",,Active,Developer,Unknown
2021-10-18 09:32:00,8ccb3551cd16d1a21d571a445dfe38dd,V33,No,Unknown,,Tier 3 - Bears,Spotme,"React, NodeJS, Spotify API",,Active,Developer,Unknown
2021-10-10 17:35:00,e7062d4de41a9051d4c6d73899ba6f72,V33,Yes,Unknown,2021-10-20,Tier 2 - Geckos,Device Loaner,React,10.0,Active,Developer,Unknown
2021-10-10 17:35:00,52ae7fdb3110d50979a063cf903ed5eb,V33,No,No Contributions To Repo,,Tier 2 - Geckos,Device Loaner,React,,Active,Developer,Unknown
2021-10-10 17:35:00,f662d75f85bf981c0581d77b43585de9,V33,No,No Contributions To Repo,,Tier 2 - Geckos,Device Loaner,React,,Active,Developer,Unknown
2021-10-10 17:35:00,c0b1b923273365216b585fb1aac552ef,V33,Yes,Unknown,2021-10-20,Tier 2 - Geckos,Device Loaner,React,,Active,Developer,Unknown
2021-10-10 16:00:00,b6d134f4556fcba5ed81827e9d1c44ee,V33,Yes,Unknown,2021-10-20,Tier 3 - Bears,No Name,"React, Node.js, Express, MongoDB",9.0,Active,Developer,Unknown
2021-10-10 16:00:00,d101e94b91e16dd4da3dc3eb74b7d150,V33,Yes,Unknown,2021-10-20,Tier 3 - Bears,No Name,"React, Node.js, Express, MongoDB",,Active,Developer,Unknown
2021-10-10 16:00:00,562f3d284342c6b3ddc0b6d7a04ae21d,V33,No,Unknown,,Tier 3 - Bears,No Name,"React, Node.js, Express, MongoDB",,Dropped,Developer,Unknown
2021-10-10 16:00:00,6a330fa8498bcbb35859e590426189bd,V33,No,No Contributions To Repo,,Tier 3 - Bears,No Name,"React, Node.js, Express, MongoDB",,Active,Developer,Unknown
2021-10-10 16:00:00,3ba65a53ecb2fd43e0d32bc9741a54b9,V33,No,No Contributions To Repo. Dm'Ed To Ask,,Tier 3 - Bears,No Name,"React, Node.js, Express, MongoDB",,Inactive,Developer,Unknown
2021-10-10 10:58:00,4e1e9195a8bdc244876ffd8fb954e5c8,V33,Yes,Unknown,2021-10-20,Tier 1 - Toucans,Trello Clone,MERN,10.0,Active,Developer,Unknown
2021-10-10 10:58:00,4854c3c98c279cf3f81ad6308dddc246,V33,Yes,Unknown,2021-10-20,Tier 1 - Toucans,Trello Clone,MERN,,Active,Developer,Unknown
2021-10-10 10:58:00,7d0bbc605c10d0cad0499a2cdf3beb67,V33,Yes,Unknown,2021-10-20,Tier 1 - Toucans,Trello Clone,MERN,,Active,Developer,Unknown
2021-10-10 02:02:00,945dccb75b724b6aae4730906a40818a,V33,Yes,Unknown,2021-10-20,Tier 1 - Toucans,We Train U,Bootstrap,8.0,Active,Ui/Ux Designer,Unknown
2021-10-10 02:02:00,6fd5c32583433410384facfa498b7894,V33,Yes,Left Discord,2021-10-20,Tier 1 - Toucans,We Train U,Bootstrap,,Active,Developer,Unknown
2021-10-10 02:02:00,d4de3617b7c455f3c11ed673b0bc8fd6,V33,Yes,Unknown,2021-10-20,Tier 1 - Toucans,We Train U,Bootstrap,,Active,Developer,Unknown
2021-10-10 02:02:00,0e521a3f8e5c7e9d6d3c10ba1b551f42,V33,Yes,Unknown,,Tier 1 - Toucans,We Train U,Bootstrap,,Active,Developer,Unknown
2021-10-10 02:02:00,efc1bd3f87afc7786c37fc9727c92a9d,V33,No,No Contributions To Repo,,Tier 1 - Toucans,We Train U,Bootstrap,,Active,Developer,Unknown
2021-10-07 17:39:00,b8ad4f232c9fcd9a6be8e871485f5134,V33,Yes,Unknown,2021-10-20,Tier 2 - Geckos,Gekchio,"React, Firebase",10.0,Active,Product Owner,Unknown
2021-10-07 17:39:00,e3191a37b074d5135a50125bab17bf77,V33,Yes,Unknown,2021-10-20,Tier 2 - Geckos,Gekchio,"React, Firebase",,Active,Developer,Unknown
2021-10-07 17:39:00,3110cbfa52c61ea77f61234667656e07,V33,No,Unknown,,Tier 2 - Geckos,Gekchio,"React, Firebase",,Dropped,Product Owner,Unknown
2021-10-07 17:39:00,fb363ab5c207be649d09a5ce115c47c8,V33,No,Unknown,,Tier 2 - Geckos,Gekchio,"React, Firebase",,Dropped,Developer,Unknown
2021-10-07 10:43:00,4278d8ff6b11bf3158fd98e95f977980,V33,Yes,Unknown,2021-10-20,Tier 1 - Toucans,Chingu Pen,React,9.0,Dropped,Developer,Unknown
2021-10-07 10:43:00,f4bfdeb947f3c4d22a519241492b412e,V33,No,Unknown,,Tier 1 - Toucans,Chingu Pen,React,,Dropped,Developer,Unknown
2021-10-07 10:43:00,2a4c5509739a2012a17e949cd3332295,V33,No,Unknown,,Tier 1 - Toucans,Chingu Pen,React,,Dropped,Developer,Unknown
2021-10-07 10:43:00,fb625640860261da528eaf53aa15d793,V33,Yes,Unknown,2021-10-20,Tier 1 - Toucans,Chingu Pen,React,,Active,Developer,Unknown
2021-10-07 10:43:00,5945533caee8cf2c8cad6f3e7ed0b779,V33,Yes,Unknown,2021-10-20,Tier 2 - Geckos,Gekchio,"React, Firebase",,Active,Ui/Ux Designer,Unknown
2021-10-07 10:43:00,11100c1e036b39a1da36307cf1707a34,V33,Yes,Product Owner,2021-10-20,Tier 2 - Geckos,Gekchio,"React, Firebase",,Active,Product Owner,Unknown
2021-10-07 10:43:00,e50fb0499a4c256512896db083a705f6,V33,Yes,Unknown,2021-10-20,Tier 2 - Geckos,Gekchio,"React, Firebase",,Active,Developer,Unknown
,67482ef8bd73344fcf40a355c52ba5b7,V32,No,Unknown,,Tier 3 - Bears,Nan,,,Unknown,Unknown,Unknown
,6f44d548e2e6e591d05b8265b5815ef3,V32,No,Unknown,,Tier 3 - Bears,Nan,,,Unknown,Unknown,Unknown
,708296f50955900a6df497f7e44c2101,V32,No,Unknown,,Tier 3 - Bears,Nan,,,Unknown,Unknown,Unknown
,f57a13d1fa79c4d40ac28ad1d1454d72,V32,No,Unknown,,Tier 3 - Bears,Nan,,,Unknown,Unknown,Unknown
,2422b4a17cc428f589b18ee90bd347f9,V32,No,Unknown,,Tier 3 - Bears,Nan,,,Unknown,Unknown,Unknown
,f41fd7f81413b9337c8c0cbec7837bc1,V32,No,Unknown,,Tier 3 - Bears,Nan,,,Unknown,Unknown,Unknown
,2a41c3dc57440f03d25b45355b01762f,V32,No,Unknown,,Tier 3 - Bears,Nan,,,Unknown,Unknown,Unknown
2021-09-06 10:35:00,84d3a62ed13cdbd07ad9327c0494f203,V32,No,Unknown,,Tier 3 - Bears,Nan,,,Unknown,Unknown,Unknown
2021-09-06 10:33:00,d10b7a000b1bdb95067e36c0d0cec03b,V32,Tbd,Unknown,,Tier N - Chimeras,Nudev,"React,MongoDB,Express,Node",,Unknown,Unknown,Unknown
2021-09-06 10:33:00,18b54f76b3211c7f91d67b0dd5a30112,V32,Tbd,Unknown,,Tier N - Chimeras,Nudev,"React,MongoDB,Express,Node",,Unknown,Unknown,Unknown
2021-09-06 10:33:00,c128487fb8aba08720bb8b180fe0ab9a,V32,No,Unknown,,Tier N - Chimeras,Nudev,"React,MongoDB,Express,Node",,Unknown,Unknown,Unknown
2021-09-06 10:29:00,18bdc0a68afd2eeee1517bde4ad7774d,V32,No,Unknown,,Tier 3 - Bears,Nan,,,Unknown,Unknown,Unknown
2021-09-06 10:29:00,6952130ebb89e51bc220819e98cd5368,V32,No,Unknown,,Tier 3 - Bears,Nan,,,Unknown,Unknown,Unknown
2021-09-06 10:19:00,9c3c83d53ea87f6bcf2bc50281fbf7c3,V32,Yes,Unknown,2021-09-06,Tier 3 - Bears,Learn Together,React and node.js,,Unknown,Unknown,Unknown
2021-09-06 10:19:00,5c221569b718df424a31849d6ae9eac7,V32,No,Unknown,,Tier 3 - Bears,Learn Together,React and node.js,,Unknown,Unknown,Unknown
2021-09-06 10:19:00,2166d2d0a8f2775502a5f619c2146540,V32,No,Unknown,,Tier 3 - Bears,Learn Together,React and node.js,,Unknown,Unknown,Unknown
2021-09-06 10:07:00,e8b69d50820e5cbbcb3fe1417a1fc621,V32,No,Unknown,,Tier 3 - Bears,Popup Shop,MERN,,Unknown,Unknown,Unknown
,6a1a9f2490ce0463d9f95787ce5c1549,V32,Yes,Unknown,2021-09-06,Tier 2 - Geckos,Job Tracker,React,,Unknown,Unknown,Unknown
,1f42673bb58cbfe970e06e4fff0a695e,V32,No,Unknown,,Tier 2 - Geckos,Job Tracker,React,,Unknown,Unknown,Unknown
,fb363ab5c207be649d09a5ce115c47c8,V32,No,Unknown,,Tier 2 - Geckos,Job Tracker,React,,Unknown,Unknown,Unknown
2021-09-06 09:50:00,d9f564e19ac5da30e935383fbf9e218b,V32,Yes,Unknown,2021-09-06,Tier 2 - Geckos,Job Tracker,React,,Unknown,Unknown,Unknown
,11100c1e036b39a1da36307cf1707a34,V32,No,Unknown,,Tier 2 - Geckos,Gecko Trivia,"React, NodeJS, MongoDB, TailwindCSS",,Unknown,Unknown,Unknown
,de4fbca43573bbe1bbd2cea50eb1c53f,V32,Yes,Unknown,2021-09-06,Tier 2 - Geckos,Gecko Trivia,"React, NodeJS, MongoDB, TailwindCSS",,Unknown,Unknown,Unknown
2021-09-06 09:45:00,e47e03efd2c34e009f90031af37920e9,V32,Yes,Unknown,2021-09-06,Tier 2 - Geckos,Gecko Trivia,"React, NodeJS, MongoDB, TailwindCSS",,Unknown,Unknown,Unknown
2021-09-06 09:41:00,e1fbb1d4068d46e28b6fde319092ef60,V32,Yes,Unknown,2021-09-06,Tier 3 - Bears,Popup Shop,MERN,,Unknown,Unknown,Unknown
2021-09-04 18:16:00,339d0d2d9a07ced35e587e68b48ee7d2,V32,Yes,Unknown,2021-09-06,Tier 3 - Bears,Learn Together,React and node.js,9.0,Unknown,Unknown,Unknown
2021-09-04 17:54:00,21d9063c4a3fc8e1c0a9777aed18bb7f,V32,Yes,Unknown,2021-09-06,Tier 3 - Bears,Learn Together,"React, node.js, Postgres, Express.js",8.0,Unknown,Unknown,Unknown
2021-09-04 10:42:00,743043566455f887b2489e6034e64ea3,V32,Yes,Unknown,2021-09-06,Tier 2 - Geckos,Job Tracker,React,10.0,Unknown,Unknown,Unknown
2021-09-04 06:04:00,675ca1dea11a4697e193556cc72ae713,V32,Tbd,Unknown,,Tier N - Chimeras,Nudev,"React,MongoDB,Express,Node",10.0,Unknown,Unknown,Unknown
2021-09-03 10:04:00,8d3c130e7c69bb670abbcda7515917bc,V32,Yes,Unknown,2021-09-06,Tier 1 - Toucans,Booky List,"React, React-Router, Axios, Firebase",10.0,Unknown,Unknown,Unknown
2021-09-03 09:54:00,8286be2fb0d14f35f366e10d84dde59f,V32,Yes,Unknown,2021-09-06,Tier 1 - Toucans,Bookylist,"React , Firebase , Java script , css",10.0,Unknown,Unknown,Unknown
2021-08-31 18:14:00,3ed56e2b2fa7ae0bac15e84371322e56,V32,Yes,Unknown,2021-09-06,Tier 3 - Bears,Popup Shop,MERN,9.0,Unknown,Unknown,Unknown
2021-08-30 09:21:00,7086b3ba9d0953c7a27a1131ccd8c88a,V32,No,Unknown,,Tier 2 - Geckos,Gecko Trivia,"React, NodeJS, MongoDB, TailwindCSS",8.0,Unknown,Unknown,Unknown
2021-08-30 08:56:00,a628f0491c5368263321654f0b99d6cb,V32,Yes,Unknown,2021-09-06,Tier 3 - Bears,Pop Up Shop,MERN Stack,10.0,Unknown,Unknown,Unknown
2021-08-28 18:52:00,96397c2514f2fcd88829d78bb6cd7cca,V32,Yes,Unknown,2021-09-06,Tier 2 - Geckos,Gecko Trivia,"React, node.js",10.0,Unknown,Unknown,Unknown
2021-07-21 14:19:00,e60f2676cde81288affcce99c7af83e8,V31,Yes,Unknown,2021-07-22,Tier 3 - Bears,Coolers,"Node.js, Express, React, MongoDB",8.0,Unknown,Unknown,Unknown
2021-07-18 18:58:00,e7062d4de41a9051d4c6d73899ba6f72,V31,Yes,Unknown,2021-07-19,Tier 1 - Toucans,Whenrufree,"HTML, CSS, JavaScript",10.0,Unknown,Unknown,Unknown
2021-07-18 13:43:00,af7a74701ff4915965b42a176c7c1b0c,V31,Yes,Unknown,2021-07-19,Tier 3 - Bears,Artguessr,"React, node.js",8.0,Unknown,Unknown,Unknown
2021-07-17 19:39:00,a116ec3280dbad99919f960d213d8bb9,V31,Yes,Unknown,2021-07-19,Tier 1 - Toucans,Whenrufree,"html, css, js, bootstrap",10.0,Unknown,Unknown,Unknown
2021-07-17 19:39:00,ef9e89cace351d1d338043cdb3b84407,V31,Yes,Unknown,2021-07-19,Tier 1 - Toucans,Whenrufree,"html, css, js, bootstrap",10.0,Unknown,Unknown,Unknown
2021-07-17 19:02:00,84d3a62ed13cdbd07ad9327c0494f203,V31,Yes,Unknown,2021-07-19,Tier 3 - Bears,No Name,"MongoDB, Express, React, Node",9.0,Unknown,Unknown,Unknown
2021-07-16 17:20:00,f41fd7f81413b9337c8c0cbec7837bc1,V31,Yes,Unknown,2021-07-19,Tier 3 - Bears,Artguessr,"React, node.js. express.js, Postgres",9.0,Unknown,Unknown,Unknown
2021-07-16 15:14:00,b96cbe72d7beb68155469ce29e6fde8b,V31,Yes,Unknown,2021-07-19,Tier 3 - Bears,No Name,"React, Node, Express, MongoDB",8.0,Unknown,Unknown,Unknown
2021-07-15 20:27:00,bc0b76d4fca055c4e9a1795d889afd68,V31,Yes,Unknown,2021-07-19,Tier 1 - Toucans,Whenrufree,"HTML, CSS, JS, Bootstrap",10.0,Unknown,Unknown,Unknown
2021-06-18 10:36:00,fb1834a0ecee74f8ec1dbca24cf421e0,V30,Unknown,Unknown,,Tier 3 - Bears,Track'Em All,"React, TypeScript, Firebase, SASS",9.0,Unknown,Unknown,Unknown
2021-06-18 10:36:00,fb1834a0ecee74f8ec1dbca24cf421e0,V30,Unknown,Unknown,,Tier 3 - Bears,Track'Em All,"React, TypeScript, Firebase, SASS",9.0,Unknown,Unknown,Unknown
2021-06-14 03:11:00,300a0804e4ea3e25894e13401892d671,V30,Unknown,Unknown,,Tier 1 - Toucans,Faceit,React,10.0,Unknown,Unknown,Unknown
2021-06-13 22:36:00,ecfe2a4048a832c65c6020b30952fee5,V30,Unknown,Unknown,,Tier 2 - Geckos,Clean The Air,React,8.0,Unknown,Unknown,Unknown
2021-06-13 22:19:00,45089cedbb6a40e3f48fcbb6e875e9cb,V30,Unknown,Unknown,,Tier 2 - Geckos,Clean  The Air,Create React App,10.0,Unknown,Unknown,Unknown
2021-06-13 16:01:00,4351416666dab02d74f71d3a33aeaa51,V30,Unknown,Unknown,,Tier 2 - Geckos,Asterowatch,"MongoDB, Express, React, Node.js, JavaScript",10.0,Unknown,Unknown,Unknown
2021-06-13 15:12:00,339d0d2d9a07ced35e587e68b48ee7d2,V30,Unknown,Unknown,,Tier 3 - Bears,The Cabin Company,React / Node.js / MongoDB,10.0,Unknown,Unknown,Unknown
2021-06-13 06:44:00,306b17f1d62bb82ce5daa6cdeac584f7,V30,Unknown,Unknown,,Tier 3 - Bears,Restofund,MERN,6.0,Unknown,Unknown,Unknown
2021-06-12 14:46:00,093c846a06d177ad0892c9d1d942127e,V30,Unknown,Unknown,,Tier 1 - Toucans,Book Finder,"HTML/SCSS/JS, node.js, webpack, babel",8.0,Unknown,Unknown,Unknown
2021-05-25 19:47:00,9f045875f599b81b419835a9aff989af,V29,Unknown,Unknown,,Tier 2 - Geckos,Skywatcher,,,Unknown,Unknown,Unknown
2021-05-21 21:40:00,55929c982ae83f3ff5704d7873c67538,V29,Unknown,Unknown,,Tier 1 - Toucans,Tutor Me,HTML CSS JavScript BootStrap JQuery YouTube API,10.0,Unknown,Unknown,Unknown
2021-05-18 10:47:00,899e4bc4b9800b5492bd48ba20af1750,V29,Unknown,Unknown,,Tier 3 - Bears,Here2There,"React, Django, PostgreSQL",3.0,Unknown,Unknown,Unknown
2021-05-17 00:01:00,7d545fde84dc24d061f12fa9f10477ad,V29,Unknown,Unknown,,Tier 1 - Toucans,Tutor Me,"HTML, CSS, JS, Bootstrap",10.0,Unknown,Unknown,Unknown
2021-05-16 14:30:00,7edd88138215c6dd5c2122bc49aca742,V29,Unknown,Unknown,,Tier 3 - Bears,Keybound,MERN (w/ Nextjs),10.0,Unknown,Unknown,Unknown
2021-05-16 06:10:00,743043566455f887b2489e6034e64ea3,V29,Unknown,Unknown,,Tier 1 - Toucans,Wikitrip,"Javascript, CSS, Bootstrap",10.0,Unknown,Unknown,Unknown
2021-05-16 05:26:00,e22836cf477387dfc70cca6ede0c3283,V29,Unknown,Unknown,,Tier 1 - Toucans,Wiki Trips,"HTML, CSS, Bootstrap, JavaScript",10.0,Unknown,Unknown,Unknown
2021-04-18 17:13:00,9f045875f599b81b419835a9aff989af,V28,Unknown,Unknown,,Tier 1 - Toucans,Wild Avatar Kingdom,"HTML, JavaScript, CSS",10.0,Unknown,Unknown,Unknown
2021-04-18 07:06:00,fae3739c5da418331c2e7e303a80b53a,V28,Unknown,Unknown,,Tier 2 - Geckos,Meal Planner,"React, Typescript, SASS",10.0,Unknown,Unknown,Unknown
2021-04-13 07:28:00,9bcd6fffdcdfeefb9276251d992e24a0,V28,Unknown,Unknown,,Tier 3 - Bears,Techvolunteer,- React v17.0.1 - NextJS v10.0.8 - Chakra UI v1 - Mongoose v5.11.19 - Hosted on Vercel,8.0,Unknown,Unknown,Unknown
2021-04-11 22:16:00,690d5828e56dcc49d507d6a7f39e1cfc,V28,Unknown,Unknown,,Tier 3 - Bears,Dshift,"Svelte, Svelte Kit, Netlify, FaunaDB, GraphQL, urql, TailwindCSS",7.0,Unknown,Unknown,Unknown
2021-04-10 05:20:00,583ba0f8073b3aa4f98ff16159b00338,V28,Unknown,Unknown,,Tier 1 - Toucans,The Covid-19 App,"HTML, CSS, Javascript, jQuery, Bootstrap, node.js",10.0,Unknown,Unknown,Unknown
2021-04-09 19:08:00,a5c5bea4fe05170d296e76aa33f5b712,V28,Unknown,Unknown,,Tier 2 - Geckos,Mycolocate,"React, node.js, MySQL",10.0,Unknown,Unknown,Unknown
2021-03-21 08:25:00,fae3739c5da418331c2e7e303a80b53a,V27,Unknown,Unknown,,Tier 3 - Bears,Avian,"React, Go, Python",10.0,Unknown,Unknown,Unknown
2021-03-20 13:52:00,da78d06166e4b4a1a038f7093df68502,V27,Unknown,Unknown,,Tier 2 - Geckos,Health On Time,Javascript using React on the FE. Rails on the BE.,8.0,Unknown,Unknown,Unknown
2021-03-16 19:36:00,fc271d680cd07e418c679ff3f8b9d900,V27,Unknown,Unknown,,Tier 1 - Toucans,Toucan'S Music App,Node.js,10.0,Unknown,Unknown,Unknown
2021-03-15 02:02:00,8e34dcfe957eafe73dac473f70a77cab,V27,Unknown,Unknown,,Tier 1 - Toucans,Auto Loan Calculator,"Vanilla JS, CSS, HTML.",10.0,Unknown,Unknown,Unknown
2021-03-14 13:02:00,357c44d88351f438a2aeeef6354ae8f9,V27,Unknown,Unknown,,Tier 3 - Bears,Imorse,"Vue.js for the front, django rest framework for the back. Front deployed on netlify and back api on heroku",10.0,Unknown,Unknown,Unknown
2021-02-16 10:32:00,fae3739c5da418331c2e7e303a80b53a,V26,Unknown,Unknown,,Tier 3 - Bears,Marketplace,"React, Redux, Express, PostgreSQL, Typescript",10.0,Unknown,Unknown,Unknown
2021-02-16 08:31:00,9f045875f599b81b419835a9aff989af,V26,Unknown,Unknown,,Tier 2 - Geckos,State Of Safety,"React, React Router, D3",9.0,Unknown,Unknown,Unknown
2021-02-15 14:24:00,0da1a9ef9a2b0b5b708b9fc7733fc622,V26,Unknown,Unknown,,Tier 2 - Geckos,State Of Safety," React, React Router, D3",10.0,Unknown,Unknown,Unknown
2021-02-15 11:52:00,fb1834a0ecee74f8ec1dbca24cf421e0,V26,Unknown,Unknown,,Tier 2 - Geckos,State Of Safety,.,9.0,Unknown,Unknown,Unknown
2021-02-15 11:13:00,8aa8860849690fd1397f0c42faa71795,V26,Unknown,Unknown,,Tier 2 - Geckos,Librarycard,"MERN (mongodb, react, express, node)",10.0,Unknown,Unknown,Unknown
2021-02-14 22:23:00,690d5828e56dcc49d507d6a7f39e1cfc,V26,Unknown,Unknown,,Tier 3 - Bears,Bear Class,"Svelte, Fauna, urql, Netlify Functions",8.0,Unknown,Unknown,Unknown
2021-02-14 12:00:00,a6fa25bce1c1e3b70f48f31d7e1b7451,V26,Unknown,Unknown,,Tier 2 - Geckos,Librarycard,MERN,10.0,Unknown,Unknown,Unknown
2021-02-14 11:51:00,a6fa25bce1c1e3b70f48f31d7e1b7451,V26,Unknown,Unknown,,Tier 2 - Geckos,Librarycard,MERN,10.0,Unknown,Unknown,Unknown
2021-02-14 07:39:00,5d4ce82438ba322fc170bf7db7509938,V26,Unknown,Unknown,,Tier 1 - Toucans,House Hero,"HTML, CSS, JavaScript",5.0,Unknown,Unknown,Unknown
2021-02-14 03:11:00,5ddac057c3a512904b7db20c7472e8c0,V26,Unknown,Unknown,,Tier 2 - Geckos,No Name,"React, Firebase, node.js, Fake Store API",9.0,Unknown,Unknown,Unknown
2021-01-07 15:18:00,3baecbdf82ee26b769f1e26ca1a448a5,Vk1,Unknown,Unknown,,Tier 3 - Bears,Blood Match,"MongoDB, Express JS, React, Node JS, React Redux",9.0,Unknown,Unknown,Unknown
2021-01-07 09:51:00,ab100b5fb81510ef87b41d46b42b9b12,Vk1,Unknown,Unknown,,Tier 3 - Bears,Iko,MERN Stack,10.0,Unknown,Unknown,Unknown
2021-01-06 12:16:00,37c4b79bfce6f6f292369445f3017c99,Vk1,Unknown,Unknown,,Tier 3 - Bears,Lexsell,"Monggodb, Express, Reactjs Nodejs(MERN)",10.0,Unknown,Unknown,Unknown
2021-01-06 08:53:00,ed4e5dedfd154f30cd997a4faabbd3fb,Vk1,Unknown,Unknown,,Tier 3 - Bears,U Rescue Me,"MERN Stack (MongoDB, Express, React, Node.js)",10.0,Unknown,Unknown,Unknown
2021-01-06 01:13:00,a165ab10ffc41bf6fe0c931969acd19d,Vk1,Unknown,Unknown,,Tier 3 - Bears,E-Sagip,MERN,10.0,Unknown,Unknown,Unknown
2021-01-06 00:43:00,be4542a00d54bf86eb0e87fbf45e571c,Vk1,Unknown,Unknown,,Tier 3 - Bears,E Sagip Application,"Mongodb, Express.js,React.js,Nodejs",10.0,Unknown,Unknown,Unknown
2021-01-05 23:08:00,1b3a8c0c3979925329f80017bbb87dbe,Vk1,Unknown,Unknown,,Tier 3 - Bears,E-Sagip,"React, Node, Mapbox, Pusher, PassportJS, MongoDB Atlas",10.0,Unknown,Unknown,Unknown
2020-12-21 00:10:00,c1275baa88ea3c0f50570c3c34a33625,V25,Unknown,Unknown,,Tier 2 - Geckos,Worldwide Weather,"React, Typescript",10.0,Unknown,Unknown,Unknown
2020-12-19 17:56:00,abba74c7755fab43ba0809b241521bd4,V25,Unknown,Unknown,,Tier 2 - Geckos,The A-List,"React, Nodejs",10.0,Unknown,Unknown,Unknown
2020-12-19 14:45:00,fae3739c5da418331c2e7e303a80b53a,V25,Unknown,Unknown,,Tier 2 - Geckos,Payitforward,"React, Redux, Express, MongoDB",10.0,Unknown,Unknown,Unknown
2020-12-14 01:59:00,0a2d4ab0bdefcfdb308278a4b4bfa9a8,V25,Unknown,Unknown,,Tier 3 - Bears,Openshelf,"(Client) React, MaterialUI, (Server) NodeJS/Express, GraphQL, DataLoader, Mongoose/MongoDB",10.0,Unknown,Unknown,Unknown
2020-12-13 11:19:00,23b61dabaadce2f9d43ea020de7b6b86,V25,Unknown,Unknown,,Tier 3 - Bears,Syncedup,MERN stack with Typescript. Babel. Jest for Unit testing.,9.0,Unknown,Unknown,Unknown
2020-12-10 14:01:00,4d17d868c4fb7dfe4c20862b7c376a82,V25,Unknown,Unknown,,Tier 2 - Geckos,Pay It Forward,"Mongoose, Express, React, Node",9.0,Unknown,Unknown,Unknown
2020-11-15 21:38:00,e47e03efd2c34e009f90031af37920e9,V24,Unknown,Unknown,,Tier 2 - Geckos,Daily Flix,React,10.0,Unknown,Unknown,Unknown
2020-11-15 21:04:00,3202844fa65779629f7cddb68ddb20b5,V24,Unknown,Unknown,,Tier 2 - Geckos,Daily Flix,React,10.0,Unknown,Unknown,Unknown
2020-11-15 18:25:00,690d5828e56dcc49d507d6a7f39e1cfc,V24,Unknown,Unknown,,Tier 3 - Bears,Bear Coffee,"Svelte, Serverless, Netlify, Elder.js, Stripe, ",8.0,Unknown,Unknown,Unknown
2020-11-15 09:37:00,226dfd424a45b7f3f6529bbd3cb11512,V24,Unknown,Unknown,,Tier 3 - Bears,My Choice,"React, Django, Flask",10.0,Unknown,Unknown,Unknown
2020-11-15 09:05:00,73d80a1e0bf64228325f3187be4db8c6,V24,Unknown,Unknown,,Tier 1 - Toucans,Cake Store,"Flexbox, Parcel, Bootstrap, ESLint",9.0,Unknown,Unknown,Unknown
2020-11-13 22:50:00,51d691b9d1b21ade50b3bcb177bd8b7b,V24,Unknown,Unknown,,Tier 2 - Geckos,Booksplus,"React, Sass, Google Book api, Netlify",10.0,Unknown,Unknown,Unknown
2020-11-13 04:55:00,ffcb533b2021a0b89b1739e8dd40bf3a,V24,Unknown,Unknown,,Tier 2 - Geckos,Booksplus,"React, Sass, Google Books API  ",10.0,Unknown,Unknown,Unknown
2020-10-12 14:46:00,4d818bac2d2882476ccc2355b760cbf1,V23,Unknown,Unknown,,Tier 1 - Toucans,V23-Toucans-Team-02 Weatherapp,"Vanilla HTML, CSS, JavaScript",10.0,Unknown,Unknown,Unknown
2020-10-04 10:16:00,ab4c150b94012125cd81fbb68639cd8f,V23,Unknown,Unknown,,Tier 3 - Bears,Foody,"React, NodeJS, Express, PostgreSQL, JWT",8.0,Unknown,Unknown,Unknown
2020-09-14 01:07:00,0a2d4ab0bdefcfdb308278a4b4bfa9a8,V23,Unknown,Unknown,,Tier 3 - Bears,Goaltrack,"(Frontend) React, NextJS, Apollo Client, TypeScript ... (Backend) Express, Apollo Server, GraphQL, MongoDB with Mongoose, Redis",10.0,Unknown,Unknown,Unknown
2020-09-13 17:27:00,690d5828e56dcc49d507d6a7f39e1cfc,V23,Unknown,Unknown,,Tier 2 - Geckos,Serverless Chat,"Svelte, Sapper, Netlify, FaunaDB, Pusher",7.0,Unknown,Unknown,Unknown
2020-09-13 15:44:00,da2d3636a0d63429a6f9fa45af77ef2a,V23,Unknown,Unknown,,Unknown,Gmail Cleaner,"HTML, SCSS, JavaScript, API, webpack",9.0,Unknown,Unknown,Unknown
2020-09-12 20:43:00,7fc60be8004aeccacf9985e24dd0757a,V23,Unknown,Unknown,,Tier 3 - Bears,Sound And Silence,Python Flask JavaScript HTML CSS,10.0,Unknown,Unknown,Unknown
2020-09-12 20:21:00,45089cedbb6a40e3f48fcbb6e875e9cb,V23,Unknown,Unknown,,Tier 3 - Bears,Soundandsilence,"HTML,CSS, JS, Python, Flask",10.0,Unknown,Unknown,Unknown
2020-08-17 18:39:00,5232011ca9045abce053a1ff2206f70b,V22,Unknown,Unknown,,Tier 3 - Bears,Fitx,React / Redux / Node / Express / Postgres,10.0,Unknown,Unknown,Unknown
2020-08-10 06:34:00,f80d88b9c812b89afb3ee89dc8dd396a,V22,Unknown,Unknown,,Tier 3 - Bears,Feed Me,"React, MongoDb, Express, Node, JWT, dexie",10.0,Unknown,Unknown,Unknown
2020-08-10 06:29:00,5925ce90e491f9316d58bec05819bece,V22,Unknown,Unknown,,Tier 3 - Bears,Feedme,"node, react, dexiejs, ",9.0,Unknown,Unknown,Unknown
2020-08-09 22:01:00,5232011ca9045abce053a1ff2206f70b,V22,Unknown,Unknown,,Tier 3 - Bears,Fitx,React / Redux / Node / Express / Postgresql,10.0,Unknown,Unknown,Unknown
2020-08-09 21:29:00,e47e03efd2c34e009f90031af37920e9,V22,Unknown,Unknown,,Tier 2 - Geckos,Unreel,React,10.0,Unknown,Unknown,Unknown
2020-08-09 21:01:00,4a081c767ac7a834bc0c2cffbe965f4a,V22,Unknown,Unknown,,Tier 2 - Geckos,Unreel,React/Firebase,10.0,Unknown,Unknown,Unknown
2020-08-09 18:54:00,aad3fcdd8798966c8f6aedd1457a31e3,V22,Unknown,Unknown,,Tier 2 - Geckos,Unreel,"React, Firebase",9.0,Unknown,Unknown,Unknown
2020-08-09 18:51:00,b83dc53abff6ad38d835977c8131a7a1,V22,Unknown,Unknown,,Tier 3 - Bears,Feedme,"React, express, mongoose/mongoDB, dexie/IndexedDB",10.0,Unknown,Unknown,Unknown
2020-08-09 11:34:00,ab4c150b94012125cd81fbb68639cd8f,V22,Unknown,Unknown,,Tier 2 - Geckos,Co-Coders,React and Firebase,9.0,Unknown,Unknown,Unknown
2020-08-08 23:57:00,b137821b04684751f632a311c3d96dfb,V22,Unknown,Unknown,,Tier 2 - Geckos,Gecko,"React, React Bootstrap, CSS",10.0,Unknown,Unknown,Unknown
2020-07-16 19:25:00,af23ddd20cdf97bebc84e0543fa827aa,V21,Unknown,Unknown,,Tier 3 - Bears,Teacher'S App,"React, Apollo GraphQL, PostgresQL",10.0,Unknown,Unknown,Unknown
2020-07-12 19:01:00,690d5828e56dcc49d507d6a7f39e1cfc,V21,Unknown,Unknown,,Tier 1 - Toucans,Toucan Recipes,"React, GatsbyJS",8.0,Unknown,Unknown,Unknown
2020-07-12 10:11:00,6c6f51d1ef9cf355028e803009f1cc40,V21,Unknown,Unknown,,Tier 1 - Toucans,Word App,"Html, CSS, JS, SASS",10.0,Unknown,Unknown,Unknown
2020-07-11 03:28:00,feec204205de00de25bb41951aff68d7,V21,Unknown,Unknown,,Tier 2 - Geckos,No Name,"React, Redux, node.js",8.0,Unknown,Unknown,Unknown
2020-07-10 02:33:00,acfc813e7df810e368417b1ca7646410,V21,Unknown,Unknown,,Tier 2 - Geckos,Ecalendar,MERN,10.0,Unknown,Unknown,Unknown
2020-07-09 14:00:00,9bcd6fffdcdfeefb9276251d992e24a0,V21,Unknown,Unknown,,Tier 2 - Geckos,Ecalender,React Express Mongoose,10.0,Unknown,Unknown,Unknown
2020-06-22 23:09:00,1197a1836957e57e4566e4892ebc4d06,V20,Unknown,Unknown,,Tier 2 - Geckos,Sweetbeats,"MERN Stack (MongoDB, Express, React, Node)",10.0,Unknown,Unknown,Unknown
2020-06-17 08:51:00,eb6203565065b00eb1da436f9f2cd270,V20,Unknown,Unknown,,Tier 3 - Bears,Chowpronto,,,Unknown,Unknown,Unknown
2020-06-14 23:04:00,3fc63d71b7fea9f7c5302883ae87b7b9,V20,Unknown,Unknown,,Tier 3 - Bears,Devhub,"Gatsby, Rails",10.0,Unknown,Unknown,Unknown
2020-06-14 21:24:00,a5fe544040b0b4f3f9c3c7551e41df37,V20,Unknown,Unknown,,Tier 3 - Bears,Devhub,"React, Gatsby, Ruby on Rails, sqlite/postgres",7.0,Unknown,Unknown,Unknown
2020-06-14 17:54:00,1bfee3736b837875a636702a44ab558a,V20,Unknown,Unknown,,Tier 3 - Bears,Chingu Dashboard,Vue with Express/Mongo,9.0,Unknown,Unknown,Unknown
2020-06-14 07:58:00,f20a7d35f51e75625c6be85043ca9357,V20,Unknown,Unknown,,Tier 1 - Toucans,Google Favourite Fonts,"HTML, CSS, JavaScript",10.0,Unknown,Unknown,Unknown
2020-06-13 16:10:00,b72caecfed3ab3976d171f2137ad9060,V20,Unknown,Unknown,,Tier 1 - Toucans,Photography Studio Landing Page,"HTML, CSS/Sass, vanilla Javascript",8.0,Unknown,Unknown,Unknown
2020-06-13 14:44:00,47163b7fed087a71f4f72265a3f16668,V20,Unknown,Unknown,,Tier 1 - Toucans,Hachiko,"HTML, CSS, JavaScript, JQuery",7.0,Unknown,Unknown,Unknown
2020-06-13 12:18:00,958991e4b7a00f5e608b352d60402ad7,V20,Unknown,Unknown,,Tier 3 - Bears,Chow Pronto,"React, Node Express, MongoDB, Styled-Components, ",10.0,Unknown,Unknown,Unknown
2020-06-13 03:15:00,8cea43b9706daee639c39285f3a42a1e,V20,Unknown,Unknown,,Tier 1 - Toucans,Hachiko,"HTML, CSS, and JavaScript (Vanilla)",8.0,Unknown,Unknown,Unknown
2020-06-11 21:11:00,c0232f56e62ab360c0a7dcf881f6717c,V20,Unknown,Unknown,,Tier 1 - Toucans,Hachiko,"HTML, CSS, JavaScript, JQuery",10.0,Unknown,Unknown,Unknown
2020-05-13 07:03:00,ce3408e18a497ff5426f554051f0169b,V19,Unknown,Unknown,,Tier 1 - Toucans,Blog App,"Gatsby, React, Sass",10.0,Unknown,Unknown,Unknown
2020-05-12 04:35:00,eb6203565065b00eb1da436f9f2cd270,V19,Unknown,Unknown,,Tier 3 - Bears,Ischolar,"   - Backend: MongoDB, Express/Node.js    - Frontend: Javascript, React, HTML/CSS",10.0,Unknown,Unknown,Unknown
2020-05-10 20:08:00,8c0091e9aa98a3b948eeadda477f27d2,V19,Unknown,Unknown,,Tier 2 - Geckos,Movie Finder,React,8.0,Unknown,Unknown,Unknown
2020-05-10 12:21:00,6575a6475ce23777f3512c3029ac43c8,V19,Unknown,Unknown,,Tier 2 - Geckos,Wavy,"React, Styled Components, Dexie",10.0,Unknown,Unknown,Unknown
2020-05-10 03:38:00,b83dc53abff6ad38d835977c8131a7a1,V19,Unknown,Unknown,,Tier 2 - Geckos,Wavy,"React, CRA, Dexie, Styled Components",10.0,Unknown,Unknown,Unknown
2020-05-08 08:23:00,9bcd6fffdcdfeefb9276251d992e24a0,V19,Unknown,Unknown,,Tier 2 - Geckos,Wavy,"React, styled components, dexie, GH pages",10.0,Unknown,Unknown,Unknown
2020-04-14 22:12:00,822db421efb8c29edd2e1f3b68c014ec,V18,Unknown,Unknown,,Tier 3 - Bears,Envite,"React, Node.js (Express, GraphQL), MongoDB",7.0,Unknown,Unknown,Unknown
2020-04-12 20:37:00,d944c18d17d3a0649beeb2bc5165f6cd,V18,Unknown,Unknown,,Tier 2 - Geckos,Real Estate Simulator 2020,"React, Next Js, Typescript",9.0,Unknown,Unknown,Unknown
2020-04-12 09:09:00,ceb27817d6964e08f2d1db2a1980274a,V18,Unknown,Unknown,,Tier 1 - Toucans,Hold Tabs,HTML / CSS / Vanilla JavaScript,10.0,Unknown,Unknown,Unknown
2020-04-11 18:11:00,4a081c767ac7a834bc0c2cffbe965f4a,V18,Unknown,Unknown,,Tier 1 - Toucans,Mouseless,HTML/CSS/JS bundled with Parcel,8.0,Unknown,Unknown,Unknown
2020-04-11 12:32:00,da2d3636a0d63429a6f9fa45af77ef2a,V18,Unknown,Unknown,,Tier 1 - Toucans,Travel App,"HTML, CSS and JavaScript",7.0,Unknown,Unknown,Unknown
2020-03-23 21:59:00,1b161797ea00fa9ef23896b843c172e7,V17,Unknown,Unknown,,Tier 2 - Geckos,Trello Clone,React,10.0,Unknown,Unknown,Unknown
2020-03-16 11:31:00,c41c031648568a87d35b34add0a3ca68,V17,Unknown,Unknown,,Tier 3 - Bears,Slack Clone,MERN with styled components,10.0,Unknown,Unknown,Unknown
2020-03-16 01:39:00,45089cedbb6a40e3f48fcbb6e875e9cb,V17,Unknown,Unknown,,Tier 3 - Bears,Let'S Meet,"React, Node, Express, Postgresql, Sequelize",10.0,Unknown,Unknown,Unknown
2020-03-15 22:32:00,7c0a7547797152468939e07d6766c381,V17,Unknown,Unknown,,Tier 3 - Bears,Slack Clone,MERN,10.0,Unknown,Unknown,Unknown
2020-03-15 21:45:00,21d9063c4a3fc8e1c0a9777aed18bb7f,V17,Unknown,Unknown,,Tier 3 - Bears,Slack Clone,MERN,10.0,Unknown,Unknown,Unknown
2020-03-15 19:52:00,91eafdc5557f9e8dfc58692bdcbeec7f,V17,Unknown,Unknown,,Tier 3 - Bears,Slack Clone,"React ,Express ,MongoDB w/ Mongoose, Node.js ,Socket.io,Passport.js ,JWT Token ,Bcrypt",9.0,Unknown,Unknown,Unknown
2020-03-15 18:39:00,f18295bfb1f11ba1627cb73a1e6eda5c,V17,Unknown,Unknown,,Tier 3 - Bears,Chingu Registry,"Frontend: React, Next.JS , auth0, tailwindcss, swr, react-hook-form. Backend: node.js, express, mongoose, typescript",10.0,Unknown,Unknown,Unknown
2020-03-15 12:22:00,b83dc53abff6ad38d835977c8131a7a1,V17,Unknown,Unknown,,Tier 2 - Geckos,Dashy,Svelte,8.0,Unknown,Unknown,Unknown
2020-02-17 19:21:00,f4371d14250ece998c0f3baaf516eadc,V16,Unknown,Unknown,,Tier 2 - Geckos,Mixed Drinks,React node.js,6.0,Unknown,Unknown,Unknown
2020-02-16 17:37:00,d8fd5348faee0cd9f65d926f32eb9705,V16,Unknown,Unknown,,Tier 1 - Toucans,Giphy Clone Landing Page,"HTML, CSS, BootStrap, JavaScript",10.0,Unknown,Unknown,Unknown
2020-02-16 05:56:00,05430ae4130211431bbd819fe4c49d3d,V16,Unknown,Unknown,,Tier 1 - Toucans,Blackjack For Two!,"HTML, CSS, VanillaJS",10.0,Unknown,Unknown,Unknown
2020-02-16 04:43:00,977f56c4580b4efe23e807b0704ce0c8,V16,Unknown,Unknown,,Tier 2 - Geckos,Myjong,React,9.0,Unknown,Unknown,Unknown
2020-02-16 04:02:00,7fdc31100fe80783ad97a5ffe60794bd,V16,Unknown,Unknown,,Tier 2 - Geckos,Mars Weather App,"React, React-Bootstrap and recharts",8.0,Unknown,Unknown,Unknown
2020-02-15 13:28:00,7fc60be8004aeccacf9985e24dd0757a,V16,Unknown,Unknown,,Tier 2 - Geckos,The Code Track,"Python, Django, HTML5, CSS, bootstrap, javascript, SQLite, FlexBox",10.0,Unknown,Unknown,Unknown
2020-01-20 12:58:00,2338591af463c54b8f1e240751018c86,V15,Unknown,Unknown,,Tier 1 - Toucans,Beefluent,"HTML, CSS, JAVASCRIPT ",10.0,Unknown,Unknown,Unknown
2020-01-20 12:41:00,7d01c453edd99507c390952172bc821c,V15,Unknown,Unknown,,Tier 2 - Geckos,No Name,React,5.0,Unknown,Unknown,Unknown
2020-01-20 02:03:00,9518ed2f89b48d19f3874f620f014cc1,V15,Unknown,Unknown,,Tier 1 - Toucans,Beefluent,"HTML, CSS, Vanilla JavaScript",9.0,Unknown,Unknown,Unknown
2020-01-19 23:50:00,cf0da051e6eaac0a3a4c9f776f7e8375,V15,Unknown,Unknown,,Tier 2 - Geckos,No Name,React,8.0,Unknown,Unknown,Unknown
2019-12-18 14:33:00,977f56c4580b4efe23e807b0704ce0c8,V14,Unknown,Unknown,,Tier 2 - Geckos,Code Review!,"mongoDB, node.js, express",8.0,Unknown,Unknown,Unknown
2019-12-18 05:50:00,2a0e3a7312ef58afc8b1ad89547e1e07,V14,Unknown,Unknown,,Tier 1 - Toucans,Fortnite Landing Page Clone,"Html, Css, Javascript, jQuery",10.0,Unknown,Unknown,Unknown
2019-12-17 03:32:00,a0d6ce40713c5721d693847f59e0126e,V14,Unknown,Unknown,,Tier 2 - Geckos,The Film Database,"React, Mongoose, ExpressJS",8.0,Unknown,Unknown,Unknown
2019-12-15 23:29:00,96fe714b1a6eb21435a374cb91a0522a,V14,Unknown,Unknown,,Tier 1 - Toucans,Moto,"HTML, CSS, JavaScript",9.0,Unknown,Unknown,Unknown
2019-12-15 21:46:00,e57e47a6de17127ca84719f592916afd,V14,Unknown,Unknown,,Tier 1 - Toucans,Moto,"HTML, CSS, JavaScript, jQuery, Github, Zenhub",10.0,Unknown,Unknown,Unknown
2019-12-15 19:29:00,56dd235f8c58ae9da9f0f5457d8f3fd1,V14,Unknown,Unknown,,Tier 2 - Geckos,Ametbox,React,10.0,Unknown,Unknown,Unknown
2019-12-15 19:06:00,719f0d0ece29192a61cece4f67af22b3,V14,Unknown,Unknown,,Tier 1 - Toucans,Investment,Vanilla HTML/CSS,8.0,Unknown,Unknown,Unknown
2019-12-15 15:40:00,d94220018c61f60422db14969cd9cb30,V14,Unknown,Unknown,,Tier 2 - Geckos,The Film Db,React with styled components for the frontend. Express and mongoose for the backend,9.0,Unknown,Unknown,Unknown
2019-12-15 15:34:00,91514a356e4dd1daefdcb129d8596801,V14,Unknown,Unknown,,Tier 3 - Bears,No Name,"React.js, Node.js, MongoDB, REST API",9.0,Unknown,Unknown,Unknown
2019-12-15 07:14:00,d8fd5348faee0cd9f65d926f32eb9705,V14,Unknown,Unknown,,Tier 1 - Toucans,Fortnite Landing Page Clone,"HTML, CSS, JAVASCRIPT & JQUERY",10.0,Unknown,Unknown,Unknown
2019-12-15 04:42:00,2907e24bf0b72b8b28c057f5558e8cbe,V14,Unknown,Unknown,,Tier 1 - Toucans,Fornite Clone,"Vanilla HTML, CSS, JavaScript",10.0,Unknown,Unknown,Unknown
2019-12-14 16:00:00,985af227005bc49d6176afbd5ccb97e9,V14,Unknown,Unknown,,Tier 1 - Toucans,Fortnite Landing Page Clone,"Front-end only (HTML, CSS, and JavaScript)",10.0,Unknown,Unknown,Unknown
2019-12-14 12:15:00,3c9e2b411a9decc0673be6bea65dc608,V14,Unknown,Unknown,,Tier 3 - Bears,Issue Tracker," MERN - web client implemented with react and redux, consumes data from rest api build with express, data is persisted in mongo database. Package manager is npm.",4.0,Unknown,Unknown,Unknown
2019-12-13 16:07:00,3b606d43eae121bd9fa8bf1e8a1111ff,V14,Unknown,Unknown,,Tier 1 - Toucans,No Name,"html, css, javascript",10.0,Unknown,Unknown,Unknown
2019-12-09 16:55:00,c1569c47bd95cc488a09bf07dae0f0ae,V14,Unknown,Unknown,,Tier 2 - Geckos,Novelslist,"Vue.js, Vue CLI, UIkit, Firebase",10.0,Unknown,Unknown,Unknown
2019-11-25 05:42:00,3940551a042deddbd40c85db6a25cdb6,V13,Unknown,Unknown,,Tier 1 - Toucans,Budget Manager,"HTML5, CSS3, JS, Firebase",9.0,Unknown,Unknown,Unknown
2019-11-11 17:58:00,2c1efa662d643331e2332a3371a477de,V13,Unknown,Unknown,,Tier 3 - Bears,Movie App,Angular node,10.0,Unknown,Unknown,Unknown
2019-11-11 14:40:00,b7376a3457ec6a04e344684783c9b6eb,V13,Unknown,Unknown,,Tier 2 - Geckos,Job Board,Angular,10.0,Unknown,Unknown,Unknown
2019-11-11 11:19:00,90153052209ab9d0c1b4ff9d0ca80f58,V13,Unknown,Unknown,,Tier 1 - Toucans,No Name,HTML/CSS/JS,10.0,Unknown,Unknown,Unknown
2019-11-10 22:27:00,70e02312518846aca4e974166ade2a79,V13,Unknown,Unknown,,Tier 1 - Toucans,Donut Landing Page Clone,"html, css, javascript",10.0,Unknown,Unknown,Unknown
2019-11-10 18:26:00,da2d3636a0d63429a6f9fa45af77ef2a,V13,Unknown,Unknown,,Tier 1 - Toucans,Pitch -Landing Page,HTML & CSS,8.0,Unknown,Unknown,Unknown
2019-11-10 15:02:00,1ca03df31518700176452b9c62b8a43d,V13,Unknown,Unknown,,Tier 2 - Geckos,Tnt Timer,React,8.0,Unknown,Unknown,Unknown
2019-11-10 14:04:00,ad5fdda9905303d25d9535e21a6f5d41,V13,Unknown,Unknown,,Tier 1 - Toucans,Cloned-Værsgo,React,10.0,Unknown,Unknown,Unknown
2019-11-10 12:55:00,2b0b6a41a63c29f96122d82b3ccdc867,V13,Unknown,Unknown,,Tier 3 - Bears,Recipeeas,"React, Node, Webpack, Redux, Rxjs",10.0,Unknown,Unknown,Unknown
,67964c9c9ed9c6900b60902db0611d49,V41,Yes,Unknown,2022-11-20,Tier 2 - Geckos,Handywork,"Postgres, Express, React,Node, Redux,Jest",10.0,Unknown,Unknown,Unknown
,c90001f9d9ed1b3c9313e160f8ce9bf3,V41,No,No Github Commits,,Tier 2 - Geckos,Handywork,"Postgres, Express, React,Node, Redux,Jest",10.0,Active,Developer,Unknown
,3087a640378c425681741372698938c7,V41,Yes,Unknown,2022-11-20,Tier 2 - Geckos,Handywork,"Postgres, Express, React,Node, Redux,Jest",10.0,Active,Developer,Unknown
,42e590a8c58e5d24aa7eb11ddfc1e03c,V41,Yes,Unknown,2022-11-20,Tier 2 - Geckos,Handywork,"Postgres, Express, React,Node, Redux,Jest",10.0,Active,Developer,Unknown
,9ea7dc57960dc777537ee6c62e93d7a0,V41,No,No Github Commits,,Tier 2 - Geckos,Handywork,"Postgres, Express, React,Node, Redux,Jest",10.0,Active,Developer,Unknown
,b96bee3f597077c2a131c55d682c72b1,V41,Yes,Unknown,2022-11-20,Tier 2 - Geckos,Handywork,"Postgres, Express, React,Node, Redux,Jest",10.0,Active,Developer,Unknown
,b4b73ea631b12e57d78ece59fe2e2bc0,V41,Yes,Unknown,2022-11-20,Tier 3 - Bears,Zavy,"Next.js, Typescript, tRPC, Prisma (PostgreSQL)",10.0,Active,Developer,Unknown
,843ca58c6f9e22144ab9171227043670,V41,No,Unknown,,Tier 3 - Bears,Zavy,"Next.js, Typescript, tRPC, Prisma (PostgreSQL)",10.0,Dropped,Developer,Unknown
,5783ce0fd709ce792e695fc313640ec3,V41,Yes,Unknown,2022-11-20,Tier 3 - Bears,Zavy,"Next.js, Typescript, tRPC, Prisma (PostgreSQL)",10.0,Active,Ui/Ux Designer,Unknown
,60ada7fbeea0510c7e23d3bf2ada0dfe,V41,No,Unknown,,Tier 3 - Bears,Zavy,"Next.js, Typescript, tRPC, Prisma (PostgreSQL)",10.0,Inactive,Developer,Unknown
,e82a88cd246418e7375bdf8d2f560463,V41,No,Unknown,,Tier 3 - Bears,Zavy,"Next.js, Typescript, tRPC, Prisma (PostgreSQL)",10.0,Dropped,Developer,Unknown
,9e87e06d7f4dbaf089824754f426e094,V41,Yes,Unknown,2022-11-20,Tier 3 - Bears,Zavy,"Next.js, Typescript, tRPC, Prisma (PostgreSQL)",10.0,Active,Developer,Unknown
,be65da83f5f993ff71ea9cdc0759b7ce,V41,Yes,Unknown,2022-11-20,Tier 1 - Toucans,Kanban Board,"HTML, CSS, JS, jQuery",10.0,Active,Developer,Unknown
,03114a47e3135d2b538242eb81e8cb1e,V41,No,No Github Commits,,Tier 1 - Toucans,Kanban Board,"HTML, CSS, JS, jQuery",10.0,Active,Developer,Unknown
,8d4468fe227225f39b2364e12635e886,V41,No,No Github Commits,,Tier 1 - Toucans,Kanban Board,"HTML, CSS, JS, jQuery",10.0,Active,Developer,Unknown
,bf3bc69a6fd70be77bec20db8b47d13e,V41,Yes,Unknown,2022-11-20,Tier 1 - Toucans,Kanban Board,"HTML, CSS, JS, jQuery",10.0,Active,Developer,Unknown
,b0cc12aebeaecc0365f09e1255b5d785,V41,Yes,Unknown,2022-11-20,Tier 2 - Geckos,No Name,React,9.0,Active,Developer,Unknown
,360834682aee4a354c7f4d7ed16e7923,V41,No,Unknown,,Tier 2 - Geckos,No Name,React,9.0,Inactive,Developer,Unknown
,d0c7571811fe1a44dbdfe6dc050a7a7d,V41,No,No Significant Activity,,Tier 2 - Geckos,No Name,React,9.0,Active,Developer,Unknown
,3b4cf9e69c9463a84a60a63303758c3a,V41,No,No Github Commits,,Tier 2 - Geckos,No Name,React,9.0,Active,Developer,Unknown
,1c889b744014adb57132f1f67f7a7b48,V41,No,Unknown,,Tier 2 - Geckos,No Name,React,9.0,Inactive,Developer,Unknown
,7443e773f9314ec4e326203df19e7869,V41,Yes,Unknown,2022-11-20,Tier 2 - Geckos,Geckos 14 To-Do App,"React.js, backend API hosted on fly.io",10.0,Active,Developer,Unknown
,706871312d9d62e4d0104e3abfc4faaf,V41,Yes,Unknown,2022-11-20,Tier 2 - Geckos,Geckos 14 To-Do App,"React.js, backend API hosted on fly.io",10.0,Active,Developer,Unknown
,fc9076d3989901f20516768d1b60608d,V41,Yes,Unknown,2022-11-20,Tier 2 - Geckos,Geckos 14 To-Do App,"React.js, backend API hosted on fly.io",10.0,Inactive,Developer,Unknown
,b8fa6ce2a62ba77dda38d9d10584d1be,V41,Yes,Unknown,2022-11-20,Tier 2 - Geckos,Geckos 14 To-Do App,"React.js, backend API hosted on fly.io",10.0,Active,Developer,Unknown
,da6ff1dd398a4afa2f2e4ddff86ee52a,V41,No,Unknown,,Tier 2 - Geckos,Geckos 14 To-Do App,"React.js, backend API hosted on fly.io",10.0,Dropped,Developer,Unknown
,9b9d53b2d3a59e47f828e5dbc1bc6a95,V41,Yes,Unknown,2022-11-20,Tier 2 - Geckos,Geckos 14 To-Do App,"React.js, backend API hosted on fly.io",10.0,Active,Developer,Unknown
,a082438269d6dc9c51f1f1074c6a0e91,V41,No,App Not Deployed,,Tier 3 - Bears,Fast Track,"React, Nodejs, Postgres, Bootstrap",7.0,Active,Developer,Unknown
,7e70c5dc2ffdd885c418fd0e8264fb85,V41,No,Dropped,,Tier 3 - Bears,Fast Track,"React, Nodejs, Postgres, Bootstrap",7.0,Active,Developer,Unknown
,15fa396e0c502e64b1ee328337ae06ed,V41,No,App Not Deployed,,Tier 3 - Bears,Fast Track,"React, Nodejs, Postgres, Bootstrap",7.0,Active,Developer,Unknown
,63bedc0d3f4a80df7fc9959651406a1d,V41,No,App Not Deployed,,Tier 3 - Bears,Fast Track,"React, Nodejs, Postgres, Bootstrap",7.0,Active,Developer,Unknown
,ff7d734c064fa626a4a4da32f8a72363,V41,No,App Not Deployed,,Tier 3 - Bears,Fast Track,"React, Nodejs, Postgres, Bootstrap",7.0,Dropped,Developer,Unknown
,883772e621c113fcfff1b5caafd6c263,V41,Yes,Unknown,2022-11-20,Tier 2 - Geckos,Job Quest,MERN,9.0,Active,Developer,Unknown
,ad72236eb42c4681e11fd6b4ed5b70bb,V41,Yes,Unknown,2022-11-20,Tier 2 - Geckos,Job Quest,MERN,9.0,Active,Developer,Unknown
,0fbbeab43fb50619de33112b43be3c48,V41,Yes,Unknown,2022-11-20,Tier 2 - Geckos,Job Quest,MERN,9.0,Active,Developer,Unknown
,101f9b4f4ce587eaac2f20de15bc3f86,V41,Yes,Unknown,2022-11-20,Tier 2 - Geckos,Job Quest,MERN,9.0,Active,Developer,Unknown
,ee63d43ab3a7e8c0685ff2eb4351268e,V41,Yes,Unknown,2022-11-20,Tier 2 - Geckos,Job Quest,MERN,9.0,Active,Developer,Unknown
,17e4bfe11b18fbf391da28284aaf83e6,V41,Yes,Unknown,2022-11-20,Tier 2 - Geckos,Job Quest,MERN,9.0,Active,Developer,Unknown
,486cd24f9ef7047247f8bf173ae7ef89,V41,Yes,Unknown,2022-11-20,Tier 3 - Bears,Find A Tutor,"SERN - MySQL, Nest.js, Prisma, React, TypeScript",10.0,Active,Developer,Unknown
,bc8789301173a77407eae831754b4f6f,V41,Yes,Unknown,2022-11-20,Tier 3 - Bears,Find A Tutor,"SERN - MySQL, Nest.js, Prisma, React, TypeScript",10.0,Dropped,Developer,Unknown
,10b71b339b21fb4bd86b0229c4caae2a,V41,Yes,Unknown,2022-11-20,Tier 3 - Bears,Find A Tutor,"SERN - MySQL, Nest.js, Prisma, React, TypeScript",10.0,Active,Developer,Unknown
,6f88a7eabf26a8beab5c0b6d97454811,V41,Yes,Unknown,2022-11-20,Tier 3 - Bears,Find A Tutor,"SERN - MySQL, Nest.js, Prisma, React, TypeScript",10.0,Active,Developer,Unknown
,5780bb997d36e342cb6cd36730073fc3,V41,No,No Github Commits,,Tier 3 - Bears,Find A Tutor,"SERN - MySQL, Nest.js, Prisma, React, TypeScript",10.0,Active,Developer,Unknown
,fd2e35ceaf8622bae373f7b74498fa67,V41,Yes,Unknown,2022-11-20,Tier 3 - Bears,Find A Tutor,"SERN - MySQL, Nest.js, Prisma, React, TypeScript",10.0,Active,Developer,Unknown
,9292ab7a4862388f8ea255d453f733d1,V41,Yes,Unknown,2022-11-20,Tier 2 - Geckos,Travel 2 It,"React, Vite.",8.0,Active,Developer,Unknown
,05d39ab9b4cf019dce5987c697eaa1e5,V41,No,Unknown,,Tier 2 - Geckos,Travel 2 It,"React, Vite.",8.0,Inactive,Developer,Unknown
,b2fed615f0cfe1b3f67a265f1c870461,V41,Yes,Unknown,2022-11-20,Tier 2 - Geckos,Travel 2 It,"React, Vite.",8.0,Active,Developer,Unknown
,9a4b96da3aafaf05bc9d39e357fbfc6c,V41,No,Unknown,,Tier 2 - Geckos,Travel 2 It,"React, Vite.",8.0,Dropped,Developer,Unknown
,9438fd0d4e8854c254e211eee6ebce7b,V41,Yes,Unknown,2022-11-20,Tier 2 - Geckos,Travel 2 It,"React, Vite.",8.0,Active,Developer,Unknown
,d909e3e05dfdbbd8009f3d598bcd3726,V41,Yes,Unknown,2022-11-20,Tier 2 - Geckos,Travel 2 It,"React, Vite.",8.0,Active,Data Scientist,Unknown
,6772cc8f6d78138a28d99ecb5507db03,V41,Yes,Unknown,2022-11-20,Tier 2 - Geckos,Resume,react,10.0,Active,Developer,Unknown
,e785ccc114f813d5e91891b105c81a18,V41,No,Unknown,,Tier 2 - Geckos,Resume,react,10.0,Active,Developer,Unknown
,29444fdf5c5db29390a922efd15a4e1a,V41,No,Unknown,,Tier 2 - Geckos,Resume,react,10.0,Active,Developer,Unknown
,05ae63c6bfb9b96d44cee2db9238a4aa,V41,Yes,Unknown,2022-11-20,Tier 2 - Geckos,Resume,react,10.0,Active,Developer,Unknown
,3f68ecef52fbe4204522f07e93a5479c,V41,Yes,Unknown,2022-11-20,Tier 2 - Geckos,Resume,react,10.0,Active,Developer,Unknown
,52d056515adcbf55d0ab9e1cb7f0d38b,V41,Yes,Unknown,2022-11-20,Tier 1 - Toucans,Black Pearl,"React, Sass",10.0,Unknown,Unknown,Unknown
,45f41b3ebf71f60365fad24622518716,V41,Yes,Unknown,2022-11-20,Tier 1 - Toucans,Black Pearl,"React, Sass",10.0,Active,Developer,Unknown
,b5f14c09618a797ab39c2bf9a876c181,V41,No,Unknown,,Tier 1 - Toucans,Black Pearl,"React, Sass",10.0,Dropped,Developer,Unknown
,a38c6e6f53119ed630b8d607abced5e5,V41,Yes,Unknown,2022-11-20,Tier 1 - Toucans,Black Pearl,"React, Sass",10.0,Unknown,Unknown,Unknown
,7bfdaf2f8ce90a80d0b5e7b89ffc98c4,V36,Unknown,Unknown,,Tier 2 - Geckos,Nan,,,Active,Developer,Unknown
,4646c621d46ade9f5c35369412457166,V36,Unknown,Unknown,,Tier 2 - Geckos,Nan,,,Active,Developer,Unknown
,a7cca742f305e002c12be2b1e00a1863,V36,Unknown,Unknown,,Tier 2 - Geckos,Nan,,,Active,Developer,Unknown
,ed3c2e55ccbc47ef9e214908aca01e08,V36,Unknown,Unknown,,Tier 2 - Geckos,Nan,,,Active,Developer,Unknown
,4d3649922e1c57f08cad5a9a00add5ac,V36,No,Unknown,,Tier 2 - Geckos,Nan,,,Dropped,Developer,Unknown
,1aed759663b61a5209eb0e7c8faa7b66,V36,Unknown,Unknown,,Tier 2 - Geckos,Nan,,,Active,Developer,Unknown
,d66a43ff95afcaf96dacc3afc7aab678,V36,Unknown,Unknown,,Tier 2 - Geckos,Nan,,,Active,Developer,Unknown
,76c8706aab54435dbe1379efbf2cc262,V36,Unknown,Unknown,,Tier 2 - Geckos,Nan,,,Active,Developer,Unknown
,da893ea5b276d42771a0bd0fe0f4e205,V36,Unknown,Unknown,,Tier 3 - Bears,Nan,,,Active,Developer,Unknown
,5b0664ab4b894c46ec86acbba4f741de,V36,Unknown,Unknown,,Tier 3 - Bears,Nan,,,Active,Developer,Unknown
,e3c10eda0c5845693648a6b13afc2e2c,V36,Unknown,Unknown,,Tier 3 - Bears,Nan,,,Inactive,Developer,Unknown
,f9b0b26e68a173cdbfa99d257c490b18,V36,Unknown,Unknown,,Tier 3 - Bears,Nan,,,Active,Developer,Unknown
,c1c2c332d3322b6addb03e066409f1b4,V36,Unknown,Unknown,,Tier 3 - Bears,Nan,,,Active,Developer,Unknown
,01038218b9964f0efc1f94b27cd0af44,V36,Unknown,Unknown,,Tier 3 - Bears,Nan,,,Active,Developer,Unknown
,e652180796d5fdf615cc04a7d549e87c,V36,Unknown,Unknown,,Tier 3 - Bears,Nan,,,Active,Developer,Unknown
,c0b1b923273365216b585fb1aac552ef,V36,Unknown,Unknown,,Tier 3 - Bears,Nan,,,Active,Developer,Unknown
,67482ef8bd73344fcf40a355c52ba5b7,V36,Unknown,Unknown,,Tier 3 - Bears,Nan,,,Active,Developer,Unknown
,38e69c3e4e1a188cfea8c9d3d0385497,V36,Unknown,Unknown,,Tier 3 - Bears,Nan,,,Active,Developer,Unknown
,112f13fda3c41df231edf582eea9d709,V36,Unknown,Unknown,,Tier 3 - Bears,Nan,,,Active,Developer,Unknown
,9de1cf1ae3cd63e8926ca013177ea7e6,V36,Unknown,Unknown,,Tier 3 - Bears,Nan,,,Active,Developer,Unknown
,bd2989f2d8b83ab720193f2ebb24f986,V36,Unknown,Unknown,,Tier 3 - Bears,Nan,,,Active,Developer,Unknown
,1cbc575eab2f168fdfd21b5bbcda0048,V36,Unknown,Unknown,,Tier 3 - Bears,Nan,,,Active,Developer,Unknown
,3ed56e2b2fa7ae0bac15e84371322e56,V36,Unknown,Unknown,,Tier 3 - Bears,Nan,,,Active,Developer,Unknown
,6cd3d4c478f99901a51e79ab36690478,V36,Unknown,Unknown,,Tier 3 - Bears,Nan,,,Active,Developer,Unknown
,f43e9bf4eea50f182a506c4e697b920b,V36,Unknown,Unknown,,Tier 3 - Bears,Nan,,,Active,Developer,Unknown
,21697e7b610b7f4c2d4c684bc7d46893,V36,Unknown,Unknown,,Tier 3 - Bears,Nan,,,Inactive,Developer,Unknown
,87113f8c1b32901c99057e0c9dfa0bc3,V36,Unknown,Unknown,,Tier 3 - Bears,Nan,,,Active,Developer,Unknown
,d9567a42866dc54808e010865c62e993,V36,Unknown,Unknown,,Tier 3 - Bears,Nan,,,Active,Developer,Unknown
,52d0379dcf59166d6546214a617625b8,V36,Unknown,Unknown,,Tier 3 - Bears,Nan,,,Active,Developer,Unknown
,05439e7fb3bce5dd85e5fe57244ec4b4,V36,Unknown,Unknown,,Tier 3 - Bears,Nan,,,Active,Developer,Unknown
,da2d3636a0d63429a6f9fa45af77ef2a,V36,Unknown,Unknown,,Tier 3 - Bears,Nan,,,Active,Developer,Unknown
,da331a079decd24e47c1fc86ee2f3c6b,V36,Unknown,Unknown,,Tier 3 - Bears,Nan,,,Active,Developer,Unknown
,c566be333a9cfc12cd9b218a64e761e8,V37,Unknown,Unknown,,Unknown,Nan,,,Active,Developer,Unknown
,6f44d548e2e6e591d05b8265b5815ef3,V37,Yes,Completed,2022-03-27,Tier 3 - Bears,Stackcafe,https://stack.cafe/projects/6217a785dc514a753b85730b (Typescript MERN),,Active,Developer,Unknown
,110930eccc862c6938fafe2ff2161dad,V37,Unknown,Unknown,,Unknown,Nan,,,Active,Developer,Unknown
,29850c4d70885c2294feaaf76323ba42,V37,Unknown,Unknown,,Tier 2 - Geckos,Nan,,,Active,Ui/Ux Designer,Unknown
,6e0eb0625977841363f4fabc3cfca700,V37,Unknown,Unknown,,Unknown,Nan,,,Active,Developer,Unknown
,74e312a7ead3c5e2a499bbad7d93a377,V37,Unknown,Unknown,,Tier 2 - Geckos,Nan,,,Active,Product Owner,Unknown
,976f18b8732d438a037fa8bc5b1fb734,V37,Unknown,Unknown,,Tier 2 - Geckos,Nan,,,Active,Developer,Unknown
,12cd44e462520d9fc03a9a142128e66f,V37,Unknown,Unknown,,Unknown,Nan,,,Dropped,Developer,Unknown
,87113f8c1b32901c99057e0c9dfa0bc3,V37,Unknown,Unknown,,Unknown,Nan,,,Active,Developer,Unknown
,3e3515e7d6e7191259f4eb23a94c266e,V37,No,No Github Contributions,,Tier 3 - Bears,Stackcafe,https://stack.cafe/projects/6217a785dc514a753b85730b (Typescript MERN),,Active,Developer,Unknown
,e652180796d5fdf615cc04a7d549e87c,V37,Unknown,Unknown,,Tier 2 - Geckos,Nan,,,Active,Developer,Unknown
,0695a1e01f09af1f2bad0cbcb6264ff0,V37,Unknown,Unknown,,Unknown,Nan,,,Active,Developer,Unknown
,06f498de226977fa7258d90a735488ed,V37,Unknown,Unknown,,Unknown,Nan,,,Active,Developer,Unknown
,8f8a967b969bfe76a302182e0b2ec63a,V37,Unknown,Unknown,,Unknown,Nan,,,Active,Developer,Unknown
,bd2989f2d8b83ab720193f2ebb24f986,V37,No,No Github Contributions,,Tier 3 - Bears,Stackcafe,https://stack.cafe/projects/6217a785dc514a753b85730b (Typescript MERN),,Active,Developer,Unknown
,21d9063c4a3fc8e1c0a9777aed18bb7f,V37,Unknown,Unknown,,Unknown,Nan,,,Active,Developer,Unknown
,908eaf216beb60f1caada3778cdc34ec,V37,Unknown,Unknown,,Unknown,Nan,,,Active,Developer,Unknown
,037a52f4f9c5bf05ee3e028ab63f2908,V37,Unknown,Unknown,,Unknown,Nan,,,Active,Developer,Unknown
,1844826f5b21cfaffe6fbd7f47675d8c,V37,Unknown,Unknown,,Unknown,Nan,,,Active,Developer,Unknown
,04f935999beab984b70990cb69c9d903,V37,Unknown,Unknown,,Unknown,Nan,,,Active,Developer,Unknown
,6f36f38eb3fc62d8c79a8270b3a6aa24,V37,Unknown,Unknown,,Unknown,Nan,,,Active,Developer,Unknown
,7e62a87a1a72770839e3f809044c207a,V37,Yes,Completed,2022-03-27,Tier 3 - Bears,Stackcafe,https://stack.cafe/projects/6217a785dc514a753b85730b (Typescript MERN),,Active,Developer,Unknown
,234552608106c35d2c29b15f80d7f62f,V38,Unknown,Unknown,,Tier 3 - Bears,Nan,,,Active,Developer,Unknown
,b8fa6ce2a62ba77dda38d9d10584d1be,V38,Unknown,Unknown,,Tier 1 - Toucans,Nan,,,Active,Developer,Unknown
,cf9c6ad39b3bf3fc35f242b1dda4a5bf,V38,Unknown,Unknown,,Tier 3 - Bears,Nan,,,Active,Developer,Unknown
,a6fa25bce1c1e3b70f48f31d7e1b7451,V38,Unknown,Unknown,,Tier 3 - Bears,Nan,,,Active,Developer,Unknown
,91a240b07b8d2849e1f18ed20ff0b89e,V38,Unknown,Unknown,,Tier 1 - Toucans,Nan,,,Active,Developer,Unknown
,d00c1004d2e749902f0dffe35c2b14c4,V38,Unknown,Unknown,,Tier 3 - Bears,Nan,,,Active,Developer,Unknown
,388c77bbd4436ea6816ea86edeee3d72,V38,Unknown,Unknown,,Tier 3 - Bears,Nan,,,Active,Developer,Unknown
,67482ef8bd73344fcf40a355c52ba5b7,V38,Unknown,Unknown,,Tier 3 - Bears,Nan,,,Active,Developer,Unknown
,c753ced2bff48a67ec99766a36ce6f62,V38,Unknown,Unknown,,Tier 3 - Bears,Nan,,,Active,Developer,Unknown
,ab8aa01162e999c005f68ed9fa196a65,Nan,Unknown,Unknown,,Vanshika-99,15,,,Unknown,Unknown,Unknown
,1149e78d0f41fbfb2c25e0106e319a40,Nan,Unknown,Unknown,,Sevic90,3,,,Unknown,Unknown,Unknown
,5b288bd2a5c29dd4a83f6f7355096700,V48,No,Insufficient Commits,,Tier 2,Dinosaur App,"React, Context API, Bootstrap",10.0,Inactive,Developer,Unknown
,117041ddcadec26bda3f435ede2811d9,V48,Yes,Completed,,Tier 2,Dinosaur App,"React, Context API, Bootstrap",10.0,Active,Developer,Unknown
,21bb4a765964e2af1078e470265c6919,V48,Yes,Completed,2024-04-21,Tier 2,Dinosaur App,"React, Context API, Bootstrap",10.0,Active,Developer,Unknown
,ad4be40401bc06f189bff9b1fb6cb01b,V48,Yes,Completed,2024-04-21,Tier 2,Dinosaur App,"React, Context API, Bootstrap",10.0,Inactive,Developer,Product - Voyage Certificate
,bc1b21b512943af76ac6b96c86f034e2,V48,Yes,Completed,2024-04-21,Tier 2,Dinosaur App,"React, Context API, Bootstrap",10.0,Inactive,Product Owner,Product - Voyage Certificate
,23c446cdbc6b94b09c842fab63e406c6,V48,No,Dropped,,Tier 2,Dinosaur App,"React, Context API, Bootstrap",10.0,Dropped,Developer,Unknown
,a17e1a49ec8249cb6ede2b9fddf00c09,V48,No,Insufficient Commits,,Tier 2,Dinosaur App,"React, Context API, Bootstrap",10.0,Inactive,Ui/Ux Designer,Unknown
,ad5b6fc7ab76d1147e7085d2f1a4b2bb,V49,No,Dropped,,Tier 2,Nan,,,Dropped,Developer,Product - Voyage Certificate
,f7fa2604ae454240ba1868169804e53b,V49,No,No Project Submission,,Tier 2,Nan,,,Inactive,Developer,Product - Voyage Certificate
,c2b0b8392f307a2f6967fcef46d2ed88,V49,No,No Project Submission,,Tier 1,Nan,,,Inactive,Developer,Unknown
,b73a6fb23456b2eec5bef1b359ae0cb2,V49,No,No Project Submission,,Tier 2,Nan,,,Inactive,Developer,Unknown
,11bba42bf69ce04ea9fbbd574eb9dd0e,V49,No,No Project Submission,,Tier 1,Nan,,,Inactive,Scrum Master,Unknown
,8418e4eb1bfff7c3cd4ebf57ae037854,V49,No,Dropped,,Tier 2,Nan,,,Dropped,Developer,Unknown
,158798267bdac2eb7ea9a3f261ec8bda,V49,No,Dropped,,Tier 2,Nan,,,Dropped,Developer,Unknown
,8543d65b7a1c7cf74db20a1d98566dc0,V49,No,No Project Submission,,Tier 1,Nan,,,Inactive,Developer,Unknown
,23780c1c57d1a26d60b7c9437aa7df63,V49,No,No Project Submission,,Tier 2,Nan,,,Active,Developer,Product - Voyage Certificate
,18860e77c234019bb3780d218d04f2b5,V49,No,No Project Submission,,Tier 1,Nan,,,Inactive,Developer,Product - Voyage Certificate
,0b1abdefb0d64fac66764934f0871db7,V49,No,Dropped,,Tier 2,Nan,,,Dropped,Developer,Unknown
,eba7133399f37d9b722ec99f73519b4b,V49,No,No Project Submission,,Tier 1,Nan,,,"Dropped,Active","Ui/Ux Designer,Ui/Ux Designer",Unknown
,384fb7d848316357f817c9b406e14aeb,V49,No,No Project Submission,,Tier 1,Nan,,,Inactive,Scrum Master,Unknown
,38a21e4447c831839d62aa1e79f0677c,V49,No,No Project Submission,,Tier 1,Nan,,,Inactive,Developer,Unknown
,4351416666dab02d74f71d3a33aeaa51,V49,No,No Project Submission,,Tier 1,Nan,,,Active,Developer,Unknown
,b1b63a74a8866c32ec4708104ea502cc,V49,No,No Project Submission,,Tier 1,Nan,,,Active,Developer,Unknown
,98b72605041374e2acc061802cfdfbd4,V49,No,No Project Submission,,Tier 2,Nan,,,Inactive,Developer,Unknown
